content_page,content_tables,content_text,content_total_pages,error,failed,id,metadata_author,metadata_date,metadata_extracted_at,metadata_file_name,metadata_page,metadata_source_type,metadata_title,metadata_total_pages,metadata_url,raw,source
1,"| | | | | | | | | module-1 download | | | co s | mar ks q.0 1 | a | define cryptography & explain symmetric cipher model. cryptography is the study of techniques for securing communication and information by transforming it into a format that is unreadable to unauthorized users. this transformation process involves converting plaintext, which is the original intelligible message, into ciphertext, which is the encoded message. the reverse process, where ciphertext is converted back into plaintext, is known as decryption. the field encompasses various schemes and methods, collectively referred to as cryptographic systems or ciphers. the symmetric cipher model, which is a key aspect of cryptography. a symmetric encryption scheme consists of five essential components: 1. plaintext : this is the original message or data that is input into the encryption algorithm. 2. encryption algorithm : this algorithm performs a series of substitutions and transformations on the plaintext to produce | 1 | 7","21cs733 modelquestionpaper-1witheffect from2021-22(cbcs scheme) usn seventh semester b.e.degree examination cryptogrphy time:03hours max.marks:1 00 note: 01. answer any five full questions, choosing at least one question from each module. module-1 co mar download s ks q.0 a define cryptography & explain symmetric cipher model. 1 7 1 cryptography is the study of techniques for securing communication and information by transforming it into a format that is unreadable to unauthorized users. this transformation process involves converting plaintext, which is the original intelligible message, into ciphertext, which is the encoded message. the reverse process, where ciphertext is converted back into plaintext, is known as decryption. the field encompasses various schemes and methods, collectively referred to as cryptographic systems or ciphers. the symmetric cipher model, which is a key aspect of cryptography. a symmetric encryption scheme consists of five essential components: 1. plaintext : this is the original message or data that is input into the encryption algorithm. 2. encryption algorithm : this algorithm performs a series of substitutions and transformations on the plaintext to produce join whatsapp channel or group",37,,False,d5f858fe-8883-4cfb-93ef-e299dc5b4862,Hp,D:20250102181038+05'30',2026-03-29T14:23:30.049554+00:00,21CS733-SOLUTIONS-SET1.pdf,1,pdf,21CS733-SOLUTIONS-SET1,37,,"21CS733
ModelQuestionPaper-1witheffect from2021-22(CBCS Scheme)
USN
Seventh Semester B.E.Degree Examination
CRYPTOGRPHY
TIME:03Hours
Max.Marks:1
00
Note: 01. Answer any FIVE full questions, choosing at least ONE question from each
MODULE.
Module-1 CO Mar
Download s ks
Q.0 a Define Cryptography & explain symmetric cipher model.
1 7
1
Cryptography is the study of techniques for securing communication
and information by transforming it into a format that is unreadable to
unauthorized users. This transformation process involves converting
plaintext, which is the original intelligible message, into ciphertext,
which is the encoded message. The reverse process, where ciphertext is
converted back into plaintext, is known as decryption. The field
encompasses various schemes and methods, collectively referred to as
cryptographic systems or ciphers.
the symmetric cipher model, which is a key aspect of cryptography. A
symmetric encryption scheme consists of five essential components:
1. Plaintext : This is the original message or data that is input into the
encryption algorithm.
2. Encryption Algorithm : This algorithm performs a series of
substitutions and transformations on the plaintext to produce
JOIN WHATSAPP CHANNEL
OR GROUP

Tables:
 |  |  |  |  |  |  |  |  | 
Module-1
Download |  |  | CO
s | Mar
ks
Q.0
1 | a | Define Cryptography & explain symmetric cipher model.
Cryptography is the study of techniques for securing communication
and information by transforming it into a format that is unreadable to
unauthorized users. This transformation process involves converting
plaintext, which is the original intelligible message, into ciphertext,
which is the encoded message. The reverse process, where ciphertext is
converted back into plaintext, is known as decryption. The field
encompasses various schemes and methods, collectively referred to as
cryptographic systems or ciphers.
the symmetric cipher model, which is a key aspect of cryptography. A
symmetric encryption scheme consists of five essential components:
1. Plaintext : This is the original message or data that is input into the
encryption algorithm.
2. Encryption Algorithm : This algorithm performs a series of
substitutions and transformations on the plaintext to produce | 1 | 7",pdf
2,"| | ciphertext. 3. secret key : a crucial element in symmetric encryption, the secret key is a value that is independent of both the plaintext and the algorithm. the specific key used will determine the output of the encryption process, meaning that different keys will yield different ciphertexts for the same plaintext. 4. ciphertext : the output of the encryption process, this is the scrambled message that appears random and unintelligible without the corresponding key. 5. decryption algorithm : essentially the reverse of the encryption algorithm, this takes the ciphertext and the secret key to produce the original plaintext. in symmetric encryption, both the sender and receiver share the same secret key, which must be kept secure. if an unauthorized party discovers the key, they can decrypt all messages encrypted with that key. this model was the only form of encryption used before the advent of public-key encryption in the 1970s and remains widely utilized today due to its efficiency and effectiveness. symmetric encryption relies on the secrecy of the key rather than the secrecy of the algorithm itself, allowing for broader implementation and use in various applications. | | | b | explain ceaser cipher with example the caesar cipher is one of the simplest and earliest known encryption techniques, named after julius caesar, who reportedly used it to communicate with his generals. it is a type of substitution cipher where each letter in the plaintext is shifted a certain number of places down or up the alphabet. the most common shift used in the caesar cipher is three, but any number from 1 to 25 can be used. how it works: 1. substitution : each letter in the plaintext is replaced by a letter a fixed number of positions down the alphabet. for example, with a shift of 3: - a becomes d - b becomes e - c becomes f - ... - x becomes a - y becomes b - z becomes c 2. encryption : to encrypt a message, you simply replace each letter with its corresponding letter from the shifted alphabet. | 1 | 6","21cs733 ciphertext. 3. secret key : a crucial element in symmetric encryption, the secret key is a value that is independent of both the plaintext and the algorithm. the specific key used will determine the output of the encryption process, meaning that different keys will yield different ciphertexts for the same plaintext. 4. ciphertext : the output of the encryption process, this is the scrambled message that appears random and unintelligible without the corresponding key. 5. decryption algorithm : essentially the reverse of the encryption algorithm, this takes the ciphertext and the secret key to produce the original plaintext. in symmetric encryption, both the sender and receiver share the same secret key, which must be kept secure. if an unauthorized party discovers the key, they can decrypt all messages encrypted with that key. this model was the only form of encryption used before the advent of public-key encryption in the 1970s and remains widely utilized today due to its efficiency and effectiveness. symmetric encryption relies on the secrecy of the key rather than the secrecy of the algorithm itself, allowing for broader implementation and use in various applications. b explain ceaser cipher with example 1 6 the caesar cipher is one of the simplest and earliest known encryption techniques, named after julius caesar, who reportedly used it to communicate with his generals. it is a type of substitution cipher where each letter in the plaintext is shifted a certain number of places down or up the alphabet. the most common shift used in the caesar cipher is three, but any number from 1 to 25 can be used. how it works: 1. substitution : each letter in the plaintext is replaced by a letter a fixed number of positions down the alphabet. for example, with a shift of 3: - a becomes d - b becomes e - c becomes f - ... - x becomes a - y becomes b - z becomes c 2. encryption : to encrypt a message, you simply replace each letter with its corresponding letter from the shifted alphabet. join whatsapp channel or group",37,,False,5f401e3c-df5d-4c42-b545-1e1858335641,Hp,D:20250102181038+05'30',2026-03-29T14:23:30.324086+00:00,21CS733-SOLUTIONS-SET1.pdf,2,pdf,21CS733-SOLUTIONS-SET1,37,,"21CS733
ciphertext.
3. Secret Key : A crucial element in symmetric encryption, the secret
key is a value that is independent of both the plaintext and the
algorithm. The specific key used will determine the output of the
encryption process, meaning that different keys will yield different
ciphertexts for the same plaintext.
4. Ciphertext : The output of the encryption process, this is the
scrambled message that appears random and unintelligible without the
corresponding key.
5. Decryption Algorithm : Essentially the reverse of the encryption
algorithm, this takes the ciphertext and the secret key to produce the
original plaintext.
In symmetric encryption, both the sender and receiver share the same
secret key, which must be kept secure. If an unauthorized party
discovers the key, they can decrypt all messages encrypted with that
key. This model was the only form of encryption used before the
advent of public-key encryption in the 1970s and remains widely
utilized today due to its efficiency and effectiveness.
symmetric encryption relies on the secrecy of the key rather than the
secrecy of the algorithm itself, allowing for broader implementation
and use in various applications.
b Explain Ceaser Cipher with example
1 6
The Caesar cipher is one of the simplest and earliest known encryption
techniques, named after Julius Caesar, who reportedly used it to
communicate with his generals. It is a type of substitution cipher where
each letter in the plaintext is shifted a certain number of places down or
up the alphabet. The most common shift used in the Caesar cipher is
three, but any number from 1 to 25 can be used.
How It Works:
1. Substitution : Each letter in the plaintext is replaced by a letter a fixed
number of positions down the alphabet. For example, with a shift of 3:
- A becomes D
- B becomes E
- C becomes F
- ...
- X becomes A
- Y becomes B
- Z becomes C
2. Encryption : To encrypt a message, you simply replace each letter
with its corresponding letter from the shifted alphabet.
JOIN WHATSAPP CHANNEL
OR GROUP

Tables:
 |  | ciphertext.
3. Secret Key : A crucial element in symmetric encryption, the secret
key is a value that is independent of both the plaintext and the
algorithm. The specific key used will determine the output of the
encryption process, meaning that different keys will yield different
ciphertexts for the same plaintext.
4. Ciphertext : The output of the encryption process, this is the
scrambled message that appears random and unintelligible without the
corresponding key.
5. Decryption Algorithm : Essentially the reverse of the encryption
algorithm, this takes the ciphertext and the secret key to produce the
original plaintext.
In symmetric encryption, both the sender and receiver share the same
secret key, which must be kept secure. If an unauthorized party
discovers the key, they can decrypt all messages encrypted with that
key. This model was the only form of encryption used before the
advent of public-key encryption in the 1970s and remains widely
utilized today due to its efficiency and effectiveness.
symmetric encryption relies on the secrecy of the key rather than the
secrecy of the algorithm itself, allowing for broader implementation
and use in various applications. |  | 
 | b | Explain Ceaser Cipher with example
The Caesar cipher is one of the simplest and earliest known encryption
techniques, named after Julius Caesar, who reportedly used it to
communicate with his generals. It is a type of substitution cipher where
each letter in the plaintext is shifted a certain number of places down or
up the alphabet. The most common shift used in the Caesar cipher is
three, but any number from 1 to 25 can be used.
How It Works:
1. Substitution : Each letter in the plaintext is replaced by a letter a fixed
number of positions down the alphabet. For example, with a shift of 3:
- A becomes D
- B becomes E
- C becomes F
- ...
- X becomes A
- Y becomes B
- Z becomes C
2. Encryption : To encrypt a message, you simply replace each letter
with its corresponding letter from the shifted alphabet. | 1 | 6",pdf
3,"| | example: let's take the plaintext message: ""meet me after the toga party"" and encrypt it using a caesar cipher with a shift of 3. - plaintext : m e e t m e a f t e r t h e t o g a p a r t y - ciphertext : p h h w p h d i w h u w k h w r j d s d u w b so, the encrypted message becomes: ""phhw ph diwhu wkh wrjd sduwb"" . decryption: to decrypt the message, you simply reverse the process by shifting the letters back by the same number. for example, if you receive the ciphertext ""phhw ph diwhu wkh wrjd sduwb"" , you would shift each letter back by 3 to retrieve the original plaintext. the caesar cipher is easy to understand and implement, but it is not very secure by modern standards, as there are only 25 possible keys (shifts), making it vulnerable to brute-force attacks. nonetheless, it serves as a great introduction to the concepts of encryption and decryption! | |","21cs733 example: let's take the plaintext message: ""meet me after the toga party"" and encrypt it using a caesar cipher with a shift of 3. - plaintext : m e e t m e a f t e r t h e t o g a p a r t y - ciphertext : p h h w p h d i w h u w k h w r j d s d u w b so, the encrypted message becomes: ""phhw ph diwhu wkh wrjd sduwb"" . decryption: to decrypt the message, you simply reverse the process by shifting the letters back by the same number. for example, if you receive the ciphertext ""phhw ph diwhu wkh wrjd sduwb"" , you would shift each letter back by 3 to retrieve the original plaintext. the caesar cipher is easy to understand and implement, but it is not very secure by modern standards, as there are only 25 possible keys (shifts), making it vulnerable to brute-force attacks. nonetheless, it serves as a great introduction to the concepts of encryption and decryption! join whatsapp channel or group",37,,False,47e7213d-9833-4646-8a85-926245c69fef,Hp,D:20250102181038+05'30',2026-03-29T14:23:30.488468+00:00,21CS733-SOLUTIONS-SET1.pdf,3,pdf,21CS733-SOLUTIONS-SET1,37,,"21CS733
Example:
Let's take the plaintext message: ""meet me after the toga party"" and
encrypt it using a Caesar cipher with a shift of 3.
- Plaintext : m e e t m e a f t e r t h e t o g a p a r t y
- Ciphertext : P H H W P H D I W H U W K H W R J D
S D U W B
So, the encrypted message becomes: ""PHHW PH DIWHU WKH
WRJD SDUWB"" .
Decryption:
To decrypt the message, you simply reverse the process by shifting the
letters back by the same number. For example, if you receive the
ciphertext ""PHHW PH DIWHU WKH WRJD SDUWB"" , you would
shift each letter back by 3 to retrieve the original plaintext.
The Caesar cipher is easy to understand and implement, but it is not
very secure by modern standards, as there are only 25 possible keys
(shifts), making it vulnerable to brute-force attacks. Nonetheless, it
serves as a great introduction to the concepts of encryption and
decryption!
JOIN WHATSAPP CHANNEL
OR GROUP

Tables:
 |  | Example:
Let's take the plaintext message: ""meet me after the toga party"" and
encrypt it using a Caesar cipher with a shift of 3.
- Plaintext : m e e t m e a f t e r t h e t o g a p a r t y
- Ciphertext : P H H W P H D I W H U W K H W R J D
S D U W B
So, the encrypted message becomes: ""PHHW PH DIWHU WKH
WRJD SDUWB"" .
Decryption:
To decrypt the message, you simply reverse the process by shifting the
letters back by the same number. For example, if you receive the
ciphertext ""PHHW PH DIWHU WKH WRJD SDUWB"" , you would
shift each letter back by 3 to retrieve the original plaintext.
The Caesar cipher is easy to understand and implement, but it is not
very secure by modern standards, as there are only 25 possible keys
(shifts), making it vulnerable to brute-force attacks. Nonetheless, it
serves as a great introduction to the concepts of encryption and
decryption! |  | ",pdf
4,"| c | explain hill cipher & apply it to encrypt plain text = paymoremoney with key k= 17 17 5 21 18 21 2 2 9 | 1 | 7 or | | | | q.0 2 | a | explain working of des algorithm with example the data encryption standard (des) is a symmetric encryption algorithm that was widely used for securing data until the introduction of the advanced encryption standard (aes) in 2001. des operates on 64-bit blocks of data using a 56-bit key, and it employs a series of transformations to encrypt the plaintext into ciphertext. | 1 | 10","21cs733 c explain hill cipher & apply it to encrypt plain text = paymoremoney 1 7 with key k= 17 17 5 21 18 21 2 2 9 or q.0 a explain working of des algorithm with example 1 10 2 the data encryption standard (des) is a symmetric encryption algorithm that was widely used for securing data until the introduction of the advanced encryption standard (aes) in 2001. des operates on 64-bit blocks of data using a 56-bit key, and it employs a series of transformations to encrypt the plaintext into ciphertext. join whatsapp channel or group",37,,False,9eef6821-00f9-46f9-8755-23a38c82cfb4,Hp,D:20250102181038+05'30',2026-03-29T14:23:30.632700+00:00,21CS733-SOLUTIONS-SET1.pdf,4,pdf,21CS733-SOLUTIONS-SET1,37,,"21CS733
c Explain Hill Cipher & apply it to encrypt Plain text = paymoremoney
1 7
with key
K= 17 17 5
21 18 21
2 2 9
OR
Q.0 a Explain working of DES Algorithm with Example
1 10
2
The Data Encryption Standard (DES) is a symmetric encryption
algorithm that was widely used for securing data until the introduction
of the Advanced Encryption Standard (AES) in 2001. DES operates on
64-bit blocks of data using a 56-bit key, and it employs a series of
transformations to encrypt the plaintext into ciphertext.
JOIN WHATSAPP CHANNEL
OR GROUP

Tables:
 | c | Explain Hill Cipher & apply it to encrypt Plain text = paymoremoney
with key
K= 17 17 5
21 18 21
2 2 9 | 1 | 7
OR |  |  |  | 
Q.0
2 | a | Explain working of DES Algorithm with Example
The Data Encryption Standard (DES) is a symmetric encryption
algorithm that was widely used for securing data until the introduction
of the Advanced Encryption Standard (AES) in 2001. DES operates on
64-bit blocks of data using a 56-bit key, and it employs a series of
transformations to encrypt the plaintext into ciphertext. | 1 | 10",pdf
5,"| | working of the des algorithm 1. initial permutation (ip) : the 64-bit plaintext undergoes an initial permutation, which rearranges the bits according to a predefined table. 2. splitting the data : the permuted data is split into two halves: the left half (l) and the right half (r), each consisting of 32 bits. 3. 16 rounds of processing : des consists of 16 rounds of processing, where in each round, the following steps occur: - key generation : a 56-bit key is used to generate 16 subkeys (k1, k2, ..., k16) through a series of permutations and shifts. - function f : the right half (r) is processed through a function f, which takes the right half and the subkey for that round. this function includes expansion, substitution using s-boxes, and permutation. - xor operation : the output of function f is xored with the left half (l). - swapping : after processing, the left and right halves are swapped. 4. final permutation (ip-1) : after completing all 16 rounds, the final output is passed through the inverse of the initial permutation to produce the 64-bit ciphertext. example of des encryption let's consider an example to illustrate the des encryption process: - plaintext : `02468aceeca86420` (in hexadecimal) | |","21cs733 working of the des algorithm 1. initial permutation (ip) : the 64-bit plaintext undergoes an initial permutation, which rearranges the bits according to a predefined table. 2. splitting the data : the permuted data is split into two halves: the left half (l) and the right half (r), each consisting of 32 bits. 3. 16 rounds of processing : des consists of 16 rounds of processing, where in each round, the following steps occur: - key generation : a 56-bit key is used to generate 16 subkeys (k1, k2, ..., k16) through a series of permutations and shifts. - function f : the right half (r) is processed through a function f, which takes the right half and the subkey for that round. this function includes expansion, substitution using s-boxes, and permutation. - xor operation : the output of function f is xored with the left half (l). - swapping : after processing, the left and right halves are swapped. 4. final permutation (ip-1) : after completing all 16 rounds, the final output is passed through the inverse of the initial permutation to produce the 64-bit ciphertext. example of des encryption let's consider an example to illustrate the des encryption process: - plaintext : `02468aceeca86420` (in hexadecimal) join whatsapp channel or group",37,,False,e7a7b5b5-0cc1-4f9c-8142-5a7565eb7049,Hp,D:20250102181038+05'30',2026-03-29T14:23:30.861539+00:00,21CS733-SOLUTIONS-SET1.pdf,5,pdf,21CS733-SOLUTIONS-SET1,37,,"21CS733
Working of the DES Algorithm
1. Initial Permutation (IP) : The 64-bit plaintext undergoes an initial
permutation, which rearranges the bits according to a predefined table.
2. Splitting the Data : The permuted data is split into two halves: the left
half (L) and the right half (R), each consisting of 32 bits.
3. 16 Rounds of Processing : DES consists of 16 rounds of processing,
where in each round, the following steps occur:
- Key Generation : A 56-bit key is used to generate 16 subkeys (K1,
K2, ..., K16) through a series of permutations and shifts.
- Function F : The right half (R) is processed through a function F,
which takes the right half and the subkey for that round. This function
includes expansion, substitution using S-boxes, and permutation.
- XOR Operation : The output of function F is XORed with the left
half (L).
- Swapping : After processing, the left and right halves are swapped.
4. Final Permutation (IP-1) : After completing all 16 rounds, the final
output is passed through the inverse of the initial permutation to produce
the 64-bit ciphertext.
Example of DES Encryption
Let's consider an example to illustrate the DES encryption process:
- Plaintext : `02468aceeca86420` (in hexadecimal)
JOIN WHATSAPP CHANNEL
OR GROUP

Tables:
 |  | Working of the DES Algorithm
1. Initial Permutation (IP) : The 64-bit plaintext undergoes an initial
permutation, which rearranges the bits according to a predefined table.
2. Splitting the Data : The permuted data is split into two halves: the left
half (L) and the right half (R), each consisting of 32 bits.
3. 16 Rounds of Processing : DES consists of 16 rounds of processing,
where in each round, the following steps occur:
- Key Generation : A 56-bit key is used to generate 16 subkeys (K1,
K2, ..., K16) through a series of permutations and shifts.
- Function F : The right half (R) is processed through a function F,
which takes the right half and the subkey for that round. This function
includes expansion, substitution using S-boxes, and permutation.
- XOR Operation : The output of function F is XORed with the left
half (L).
- Swapping : After processing, the left and right halves are swapped.
4. Final Permutation (IP-1) : After completing all 16 rounds, the final
output is passed through the inverse of the initial permutation to produce
the 64-bit ciphertext.
Example of DES Encryption
Let's consider an example to illustrate the DES encryption process:
- Plaintext : `02468aceeca86420` (in hexadecimal) |  | ",pdf
6,"| | - key : `0f1571c947d9e859` (in hexadecimal) 1. initial permutation : the plaintext undergoes an initial permutation, resulting in a rearranged 64-bit block. 2. splitting : the permuted block is split into l and r. 3. rounds : for each of the 16 rounds: - generate the subkey for that round. - apply the function f to the right half and the subkey. - xor the result with the left half and swap the halves. 4. final permutation : after 16 rounds, the final output is permuted to produce the ciphertext. the des algorithm is a feistel cipher, meaning that it uses the same algorithm for both encryption and decryption, with the order of the subkeys reversed during decryption. although des was once the standard for symmetric encryption, its key length of 56 bits is now considered insecure against modern brute-force attacks, leading to the adoption of more secure algorithms like aes and triple des. | | | b | explain play fair cipher & apply its rules for the following key = monarchy plaintext = cryptography to get the cipher text. | 1 | 10 module-2 download | | | | q. 03 | a | explain public key encryption and decryption with example. public key encryption and decryption is a method of securing communication that uses a pair of keys: a public key and a private key. the public key is shared openly, while the private key is kept secret by the owner. this system allows for secure data transmission without the need to share a secret key beforehand, | 2 | 5","21cs733 - key : `0f1571c947d9e859` (in hexadecimal) 1. initial permutation : the plaintext undergoes an initial permutation, resulting in a rearranged 64-bit block. 2. splitting : the permuted block is split into l and r. 3. rounds : for each of the 16 rounds: - generate the subkey for that round. - apply the function f to the right half and the subkey. - xor the result with the left half and swap the halves. 4. final permutation : after 16 rounds, the final output is permuted to produce the ciphertext. the des algorithm is a feistel cipher, meaning that it uses the same algorithm for both encryption and decryption, with the order of the subkeys reversed during decryption. although des was once the standard for symmetric encryption, its key length of 56 bits is now considered insecure against modern brute-force attacks, leading to the adoption of more secure algorithms like aes and triple des. b explain play fair cipher & apply its rules for the following 1 10 key = monarchy plaintext = cryptography to get the cipher text. module-2 download q. 03 a explain public key encryption and decryption with example. 2 5 public key encryption and decryption is a method of securing communication that uses a pair of keys: a public key and a private key. the public key is shared openly, while the private key is kept secret by the owner. this system allows for secure data transmission without the need to share a secret key beforehand, join whatsapp channel or group",37,,False,b9fc3a1d-f3ec-4907-927f-cfd3d1e213a4,Hp,D:20250102181038+05'30',2026-03-29T14:23:31.103955+00:00,21CS733-SOLUTIONS-SET1.pdf,6,pdf,21CS733-SOLUTIONS-SET1,37,,"21CS733
- Key : `0f1571c947d9e859` (in hexadecimal)
1. Initial Permutation : The plaintext undergoes an initial permutation,
resulting in a rearranged 64-bit block.
2. Splitting : The permuted block is split into L and R.
3. Rounds : For each of the 16 rounds:
- Generate the subkey for that round.
- Apply the function F to the right half and the subkey.
- XOR the result with the left half and swap the halves.
4. Final Permutation : After 16 rounds, the final output is permuted to
produce the ciphertext.
The DES algorithm is a Feistel cipher, meaning that it uses the same
algorithm for both encryption and decryption, with the order of the
subkeys reversed during decryption. Although DES was once the
standard for symmetric encryption, its key length of 56 bits is now
considered insecure against modern brute-force attacks, leading to the
adoption of more secure algorithms like AES and triple DES.
b Explain Play Fair Cipher & Apply its rules for the following 1 10
Key = MONARCHY Plaintext = CRYPTOGRAPHY to get the cipher
text.
Module-2
Download
Q. 03 a Explain Public key Encryption And Decryption with example.
2 5
Public key encryption and decryption is a method of securing
communication that uses a pair of keys: a public key and a private key.
The public key is shared openly, while the private key is kept secret by
the owner. This system allows for secure data transmission without the
need to share a secret key beforehand,
JOIN WHATSAPP CHANNEL
OR GROUP

Tables:
 |  | - Key : `0f1571c947d9e859` (in hexadecimal)
1. Initial Permutation : The plaintext undergoes an initial permutation,
resulting in a rearranged 64-bit block.
2. Splitting : The permuted block is split into L and R.
3. Rounds : For each of the 16 rounds:
- Generate the subkey for that round.
- Apply the function F to the right half and the subkey.
- XOR the result with the left half and swap the halves.
4. Final Permutation : After 16 rounds, the final output is permuted to
produce the ciphertext.
The DES algorithm is a Feistel cipher, meaning that it uses the same
algorithm for both encryption and decryption, with the order of the
subkeys reversed during decryption. Although DES was once the
standard for symmetric encryption, its key length of 56 bits is now
considered insecure against modern brute-force attacks, leading to the
adoption of more secure algorithms like AES and triple DES. |  | 
 | b | Explain Play Fair Cipher & Apply its rules for the following
Key = MONARCHY Plaintext = CRYPTOGRAPHY to get the cipher
text. | 1 | 10
Module-2
Download |  |  |  | 
Q. 03 | a | Explain Public key Encryption And Decryption with example.
Public key encryption and decryption is a method of securing
communication that uses a pair of keys: a public key and a private key.
The public key is shared openly, while the private key is kept secret by
the owner. This system allows for secure data transmission without the
need to share a secret key beforehand, | 2 | 5",pdf
7,"| | which is a significant advantage over traditional symmetric encryption. how it works: 1. key generation : each user generates a pair of keys. for example, let's say alice and bob are two users. alice generates a public key (pua) and a private key (pra), while bob generates his own public key (pub) and private key (prb). 2. public key distribution : alice shares her public key (pua) with bob, and bob shares his public key (pub) with alice. these public keys can be stored in a public register or shared through any accessible means. 3. encryption : when bob wants to send a confidential message to alice, he uses alice's public key (pua) to encrypt the message. the encryption process can be represented as: | |","21cs733 which is a significant advantage over traditional symmetric encryption. how it works: 1. key generation : each user generates a pair of keys. for example, let's say alice and bob are two users. alice generates a public key (pua) and a private key (pra), while bob generates his own public key (pub) and private key (prb). 2. public key distribution : alice shares her public key (pua) with bob, and bob shares his public key (pub) with alice. these public keys can be stored in a public register or shared through any accessible means. 3. encryption : when bob wants to send a confidential message to alice, he uses alice's public key (pua) to encrypt the message. the encryption process can be represented as: join whatsapp channel or group",37,,False,76452702-ce96-4ed7-a9c1-02bbbef1904b,Hp,D:20250102181038+05'30',2026-03-29T14:23:31.210244+00:00,21CS733-SOLUTIONS-SET1.pdf,7,pdf,21CS733-SOLUTIONS-SET1,37,,"21CS733
which is a significant advantage over traditional symmetric encryption.
How It Works:
1. Key Generation : Each user generates a pair of keys. For example,
let's say Alice and Bob are two users. Alice generates a public key
(PUa) and a private key (PRa), while Bob generates his own public key
(PUb) and private key (PRb).
2. Public Key Distribution : Alice shares her public key (PUa) with
Bob, and Bob shares his public key (PUb) with Alice. These public
keys can be stored in a public register or shared through any accessible
means.
3. Encryption : When Bob wants to send a confidential message to
Alice, he uses Alice's public key (PUa) to encrypt the message. The
encryption process can be represented as:
JOIN WHATSAPP CHANNEL
OR GROUP

Tables:
 |  | which is a significant advantage over traditional symmetric encryption.
How It Works:
1. Key Generation : Each user generates a pair of keys. For example,
let's say Alice and Bob are two users. Alice generates a public key
(PUa) and a private key (PRa), while Bob generates his own public key
(PUb) and private key (PRb).
2. Public Key Distribution : Alice shares her public key (PUa) with
Bob, and Bob shares his public key (PUb) with Alice. These public
keys can be stored in a public register or shared through any accessible
means.
3. Encryption : When Bob wants to send a confidential message to
Alice, he uses Alice's public key (PUa) to encrypt the message. The
encryption process can be represented as: |  | ",pdf
8,"| | y = e(pu_a, x) where (x) is the plaintext message and (y) is the resulting ciphertext. 4. transmission : bob sends the encrypted message (ciphertext (y)) to alice. 5. decryption : upon receiving the ciphertext, alice uses her private key (pra) to decrypt the message. the decryption process is represented as: x = d(pr_a, y) this allows alice to recover the original plaintext message (x 6666633). example: let's illustrate this with a simple example: - key generation : - alice generates her keys: public key (pua) = 12345, private key (pra) = 67890. - bob generates his keys: public key (pub) = 54321, private key (prb) = 09876. - encryption : - bob wants to send the message ""hello"" to alice. he encrypts it using alice's public key (pua): y = e(12345, ""hello"") \quad \text{(let's say this results in ""xyz"")} - transmission : - bob sends ""xyz"" to alice. - decryption : - alice receives ""xyz"" and decrypts it using her private key (pra): x = d(67890, ""xyz"") \quad \text{(which results in ""hello"")} in this example, even if someone intercepts the message ""xyz"", they cannot decrypt it without alice's private key (pra). this ensures the confidentiality of the communication. public key encryption not only | |","21cs733 y = e(pu_a, x) where (x) is the plaintext message and (y) is the resulting ciphertext. 4. transmission : bob sends the encrypted message (ciphertext (y)) to alice. 5. decryption : upon receiving the ciphertext, alice uses her private key (pra) to decrypt the message. the decryption process is represented as: x = d(pr_a, y) this allows alice to recover the original plaintext message (x 6666633). example: let's illustrate this with a simple example: - key generation : - alice generates her keys: public key (pua) = 12345, private key (pra) = 67890. - bob generates his keys: public key (pub) = 54321, private key (prb) = 09876. - encryption : - bob wants to send the message ""hello"" to alice. he encrypts it using alice's public key (pua): y = e(12345, ""hello"") \quad \text{(let's say this results in ""xyz"")} - transmission : - bob sends ""xyz"" to alice. - decryption : - alice receives ""xyz"" and decrypts it using her private key (pra): x = d(67890, ""xyz"") \quad \text{(which results in ""hello"")} in this example, even if someone intercepts the message ""xyz"", they cannot decrypt it without alice's private key (pra). this ensures the confidentiality of the communication. public key encryption not only join whatsapp channel or group",37,,False,e23301b9-c727-418a-b214-428aa53e6a5d,Hp,D:20250102181038+05'30',2026-03-29T14:23:31.405824+00:00,21CS733-SOLUTIONS-SET1.pdf,8,pdf,21CS733-SOLUTIONS-SET1,37,,"21CS733
Y = E(PU_a, X)
where (X) is the plaintext message and (Y) is the resulting ciphertext.
4. Transmission : Bob sends the encrypted message (ciphertext (Y)) to
Alice.
5. Decryption : Upon receiving the ciphertext, Alice uses her private
key (PRa) to decrypt the message. The decryption process is
represented as:
X = D(PR_a, Y)
This allows Alice to recover the original plaintext message (X
6666633).
Example:
Let's illustrate this with a simple example:
- Key Generation :
- Alice generates her keys: Public Key (PUa) = 12345, Private Key
(PRa) = 67890.
- Bob generates his keys: Public Key (PUb) = 54321, Private Key
(PRb) = 09876.
- Encryption :
- Bob wants to send the message ""HELLO"" to Alice. He encrypts it
using Alice's public key (PUa):
Y = E(12345, ""HELLO"") \quad \text{(let's say this results in ""XYZ"")}
- Transmission :
- Bob sends ""XYZ"" to Alice.
- Decryption :
- Alice receives ""XYZ"" and decrypts it using her private key (PRa):
X = D(67890, ""XYZ"") \quad \text{(which results in ""HELLO"")}
In this example, even if someone intercepts the message ""XYZ"", they
cannot decrypt it without Alice's private key (PRa). This ensures the
confidentiality of the communication. Public key encryption not only
JOIN WHATSAPP CHANNEL
OR GROUP

Tables:
 |  | Y = E(PU_a, X)
where (X) is the plaintext message and (Y) is the resulting ciphertext.
4. Transmission : Bob sends the encrypted message (ciphertext (Y)) to
Alice.
5. Decryption : Upon receiving the ciphertext, Alice uses her private
key (PRa) to decrypt the message. The decryption process is
represented as:
X = D(PR_a, Y)
This allows Alice to recover the original plaintext message (X
6666633).
Example:
Let's illustrate this with a simple example:
- Key Generation :
- Alice generates her keys: Public Key (PUa) = 12345, Private Key
(PRa) = 67890.
- Bob generates his keys: Public Key (PUb) = 54321, Private Key
(PRb) = 09876.
- Encryption :
- Bob wants to send the message ""HELLO"" to Alice. He encrypts it
using Alice's public key (PUa):
Y = E(12345, ""HELLO"") \quad \text{(let's say this results in ""XYZ"")}
- Transmission :
- Bob sends ""XYZ"" to Alice.
- Decryption :
- Alice receives ""XYZ"" and decrypts it using her private key (PRa):
X = D(67890, ""XYZ"") \quad \text{(which results in ""HELLO"")}
In this example, even if someone intercepts the message ""XYZ"", they
cannot decrypt it without Alice's private key (PRa). This ensures the
confidentiality of the communication. Public key encryption not only |  | ",pdf
9,"| | provides confidentiality but also supports digital signatures and secure key exchanges, making it a versatile tool in modern cryptography. | | | b | explain the description of rsa algorithm .assume 2prime no as p=3 and q=11 encryption key e =3 apply rsa algorithm & find cipher text for the plaintext m=8 & decrypt the cipher text to obtain plain text | 2 | 10 | c | explain elliptic curve cryptography algorithm elliptic curve cryptography (ecc) is a form of public-key cryptography that utilizes the mathematics of elliptic curves to provide secure communication. the key advantage of ecc over traditional methods like rsa is that it offers equivalent security with much smaller key sizes, which reduces processing overhead and enhances efficiency, especially in environments with limited computational resources. key concepts of ecc: 1. elliptic curves : an elliptic curve is defined by a cubic equation in two variables, typically expressed in the form (y^2 = x^3 + ax + b). for cryptographic purposes, the variables and coefficients are restricted to elements in a finite field, resulting in a finite abelian group. 2. points on the curve : the points on the elliptic curve, along with a special point at infinity, form a group under a defined addition operation. this addition operation is analogous to modular multiplication in rsa. 3. private and public keys : - each user selects a private key, which is a random integer. - the public key is generated by multiplying the private key with a predefined base point (g) on the elliptic curve, resulting in a point (p_a = n_a \cdot g ). 4. key exchange : the diffie-hellman key exchange can be implemented using ecc: - user a selects a private key (n_a) and computes their public key (p_a). - user b does the same with their private key (n_b) and public key (p_b). - they can then compute a shared secret key (k) using their private keys and the other user's public key: - (k = n_a \cdot p_b = n_b \cdot p_a). 5. encryption and decryption : | 2 | 5","21cs733 provides confidentiality but also supports digital signatures and secure key exchanges, making it a versatile tool in modern cryptography. b explain the description of rsa algorithm .assume 2prime no as p=3 2 10 and q=11 encryption key e =3 apply rsa algorithm & find cipher text for the plaintext m=8 & decrypt the cipher text to obtain plain text c explain elliptic curve cryptography algorithm 2 5 elliptic curve cryptography (ecc) is a form of public-key cryptography that utilizes the mathematics of elliptic curves to provide secure communication. the key advantage of ecc over traditional methods like rsa is that it offers equivalent security with much smaller key sizes, which reduces processing overhead and enhances efficiency, especially in environments with limited computational resources. key concepts of ecc: 1. elliptic curves : an elliptic curve is defined by a cubic equation in two variables, typically expressed in the form (y^2 = x^3 + ax + b). for cryptographic purposes, the variables and coefficients are restricted to elements in a finite field, resulting in a finite abelian group. 2. points on the curve : the points on the elliptic curve, along with a special point at infinity, form a group under a defined addition operation. this addition operation is analogous to modular multiplication in rsa. 3. private and public keys : - each user selects a private key, which is a random integer. - the public key is generated by multiplying the private key with a predefined base point (g) on the elliptic curve, resulting in a point (p_a = n_a \cdot g ). 4. key exchange : the diffie-hellman key exchange can be implemented using ecc: - user a selects a private key (n_a) and computes their public key (p_a). - user b does the same with their private key (n_b) and public key (p_b). - they can then compute a shared secret key (k) using their private keys and the other user's public key: - (k = n_a \cdot p_b = n_b \cdot p_a). 5. encryption and decryption : join whatsapp channel or group",37,,False,b681550c-1243-446c-a25b-61242c81e3de,Hp,D:20250102181038+05'30',2026-03-29T14:23:31.683627+00:00,21CS733-SOLUTIONS-SET1.pdf,9,pdf,21CS733-SOLUTIONS-SET1,37,,"21CS733
provides confidentiality but also supports digital signatures and secure
key exchanges, making it a versatile tool in modern cryptography.
b Explain the Description of RSA Algorithm .Assume 2prime no as p=3 2 10
and q=11 encryption key e =3 apply RSA algorithm & find cipher text
for the
plaintext m=8 & decrypt the cipher text to obtain plain text
c Explain elliptic curve cryptography algorithm 2 5
Elliptic Curve Cryptography (ECC) is a form of public-key
cryptography that utilizes the mathematics of elliptic curves to provide
secure communication. The key advantage of ECC over traditional
methods like RSA is that it offers equivalent security with much
smaller key sizes, which reduces processing overhead and enhances
efficiency, especially in environments with limited computational
resources.
Key Concepts of ECC:
1. Elliptic Curves : An elliptic curve is defined by a cubic equation in
two variables, typically expressed in the form (y^2 = x^3 + ax + b). For
cryptographic purposes, the variables and coefficients are restricted to
elements in a finite field, resulting in a finite abelian group.
2. Points on the Curve : The points on the elliptic curve, along with a
special point at infinity, form a group under a defined addition
operation. This addition operation is analogous to modular
multiplication in RSA.
3. Private and Public Keys :
- Each user selects a private key, which is a random integer.
- The public key is generated by multiplying the private key with a
predefined base point (G) on the elliptic curve, resulting in a point
(P_A = n_A \cdot G ).
4. Key Exchange : The Diffie-Hellman key exchange can be
implemented using ECC:
- User A selects a private key (n_A) and computes their public key
(P_A).
- User B does the same with their private key (n_B) and public key
(P_B).
- They can then compute a shared secret key (k) using their private
keys and the other user's public key:
- (k = n_A \cdot P_B = n_B \cdot P_A).
5. Encryption and Decryption :
JOIN WHATSAPP CHANNEL
OR GROUP

Tables:
 |  | provides confidentiality but also supports digital signatures and secure
key exchanges, making it a versatile tool in modern cryptography. |  | 
 | b | Explain the Description of RSA Algorithm .Assume 2prime no as p=3
and q=11 encryption key e =3 apply RSA algorithm & find cipher text
for the
plaintext m=8 & decrypt the cipher text to obtain plain text | 2 | 10
 | c | Explain elliptic curve cryptography algorithm
Elliptic Curve Cryptography (ECC) is a form of public-key
cryptography that utilizes the mathematics of elliptic curves to provide
secure communication. The key advantage of ECC over traditional
methods like RSA is that it offers equivalent security with much
smaller key sizes, which reduces processing overhead and enhances
efficiency, especially in environments with limited computational
resources.
Key Concepts of ECC:
1. Elliptic Curves : An elliptic curve is defined by a cubic equation in
two variables, typically expressed in the form (y^2 = x^3 + ax + b). For
cryptographic purposes, the variables and coefficients are restricted to
elements in a finite field, resulting in a finite abelian group.
2. Points on the Curve : The points on the elliptic curve, along with a
special point at infinity, form a group under a defined addition
operation. This addition operation is analogous to modular
multiplication in RSA.
3. Private and Public Keys :
- Each user selects a private key, which is a random integer.
- The public key is generated by multiplying the private key with a
predefined base point (G) on the elliptic curve, resulting in a point
(P_A = n_A \cdot G ).
4. Key Exchange : The Diffie-Hellman key exchange can be
implemented using ECC:
- User A selects a private key (n_A) and computes their public key
(P_A).
- User B does the same with their private key (n_B) and public key
(P_B).
- They can then compute a shared secret key (k) using their private
keys and the other user's public key:
- (k = n_A \cdot P_B = n_B \cdot P_A).
5. Encryption and Decryption : | 2 | 5",pdf
10,"| | - to encrypt a message, the sender encodes the plaintext message as a point (p_m ) on the elliptic curve. - a random integer (k ) is chosen, and the ciphertext consists of two points: (c_m = \{kg, p_m + kp_b\} ), where (p_b ) is the recipient's public key. - the recipient can decrypt the message by using their private key to recover the original point (p_m ). security basis: the security of ecc relies on the difficulty of the discrete logarithm problem in the context of elliptic curves. while it is easy to compute (q = kp ) given (k ) and (p ), it is computationally hard to determine (k ) given (q ) and (p ). this property makes ecc a robust choice for secure communications. applications: ecc is widely used in various applications, including secure web communications (ssl/tls), digital signatures, and mobile devices, where efficiency and security are paramount. elliptic curve cryptography provides a powerful and efficient means of securing communications through the use of elliptic curves, making it a popular choice in modern cryptographic systems. | | or | | | | q.0 4 | a | explain secrecy and authentication in public key cryptosystem in a public-key cryptosystem, secrecy and authentication are achieved through the use of two distinct keys: a public key, which is shared openly, and a private key, which is kept secret by the owner. | 2 | 8","21cs733 - to encrypt a message, the sender encodes the plaintext message as a point (p_m ) on the elliptic curve. - a random integer (k ) is chosen, and the ciphertext consists of two points: (c_m = \{kg, p_m + kp_b\} ), where (p_b ) is the recipient's public key. - the recipient can decrypt the message by using their private key to recover the original point (p_m ). security basis: the security of ecc relies on the difficulty of the discrete logarithm problem in the context of elliptic curves. while it is easy to compute (q = kp ) given (k ) and (p ), it is computationally hard to determine (k ) given (q ) and (p ). this property makes ecc a robust choice for secure communications. applications: ecc is widely used in various applications, including secure web communications (ssl/tls), digital signatures, and mobile devices, where efficiency and security are paramount. elliptic curve cryptography provides a powerful and efficient means of securing communications through the use of elliptic curves, making it a popular choice in modern cryptographic systems. or q.0 a explain secrecy and authentication in public key cryptosystem 2 8 4 in a public-key cryptosystem, secrecy and authentication are achieved through the use of two distinct keys: a public key, which is shared openly, and a private key, which is kept secret by the owner. join whatsapp channel or group",37,,False,4d2049c7-6585-4b97-ba39-2ff1002d56e9,Hp,D:20250102181038+05'30',2026-03-29T14:23:31.989194+00:00,21CS733-SOLUTIONS-SET1.pdf,10,pdf,21CS733-SOLUTIONS-SET1,37,,"21CS733
- To encrypt a message, the sender encodes the plaintext message as
a point (P_m ) on the elliptic curve.
- A random integer (k ) is chosen, and the ciphertext consists of two
points: (C_m = \{kG, P_m + kP_B\} ), where (P_B ) is the recipient's
public key.
- The recipient can decrypt the message by using their private key to
recover the original point (P_m ).
Security Basis:
The security of ECC relies on the difficulty of the discrete logarithm
problem in the context of elliptic curves. While it is easy to compute
(Q = kP ) given (k ) and (P ), it is computationally hard to determine
(k ) given (Q ) and (P ). This property makes ECC a robust choice for
secure communications.
Applications:
ECC is widely used in various applications, including secure web
communications (SSL/TLS), digital signatures, and mobile devices,
where efficiency and security are paramount.
elliptic curve cryptography provides a powerful and efficient means of
securing communications through the use of elliptic curves, making it
a popular choice in modern cryptographic systems.
OR
Q.0 a Explain Secrecy and Authentication in public key cryptosystem 2 8
4
In a public-key cryptosystem, secrecy and authentication are achieved
through the use of two distinct keys: a public key, which is shared
openly, and a private key, which is kept secret by the owner.
JOIN WHATSAPP CHANNEL
OR GROUP

Tables:
 |  | - To encrypt a message, the sender encodes the plaintext message as
a point (P_m ) on the elliptic curve.
- A random integer (k ) is chosen, and the ciphertext consists of two
points: (C_m = \{kG, P_m + kP_B\} ), where (P_B ) is the recipient's
public key.
- The recipient can decrypt the message by using their private key to
recover the original point (P_m ).
Security Basis:
The security of ECC relies on the difficulty of the discrete logarithm
problem in the context of elliptic curves. While it is easy to compute
(Q = kP ) given (k ) and (P ), it is computationally hard to determine
(k ) given (Q ) and (P ). This property makes ECC a robust choice for
secure communications.
Applications:
ECC is widely used in various applications, including secure web
communications (SSL/TLS), digital signatures, and mobile devices,
where efficiency and security are paramount.
elliptic curve cryptography provides a powerful and efficient means of
securing communications through the use of elliptic curves, making it
a popular choice in modern cryptographic systems. |  | 
OR |  |  |  | 
Q.0
4 | a | Explain Secrecy and Authentication in public key cryptosystem
In a public-key cryptosystem, secrecy and authentication are achieved
through the use of two distinct keys: a public key, which is shared
openly, and a private key, which is kept secret by the owner. | 2 | 8",pdf
11,"| | secrecy is primarily ensured through the encryption process. when a sender wants to send a confidential message to a recipient, they encrypt the message using the recipient's public key. this means that only the recipient, who possesses the corresponding private key, can decrypt the message and read its contents. this method guarantees that even if the encrypted message is intercepted by a third party, they cannot decrypt it without access to the private key. however, it's important to note that while this process provides confidentiality, it does not inherently protect against eavesdropping unless additional measures are taken. authentication , on the other hand, is achieved through the use of digital signatures. in this process, the sender encrypts a message using their own private key. when the recipient receives the message, they can decrypt it using the sender's public key. since only the sender has access to their private key, this confirms that the message was indeed sent by them, thus authenticating the source. additionally, because the | |","21cs733 secrecy is primarily ensured through the encryption process. when a sender wants to send a confidential message to a recipient, they encrypt the message using the recipient's public key. this means that only the recipient, who possesses the corresponding private key, can decrypt the message and read its contents. this method guarantees that even if the encrypted message is intercepted by a third party, they cannot decrypt it without access to the private key. however, it's important to note that while this process provides confidentiality, it does not inherently protect against eavesdropping unless additional measures are taken. authentication , on the other hand, is achieved through the use of digital signatures. in this process, the sender encrypts a message using their own private key. when the recipient receives the message, they can decrypt it using the sender's public key. since only the sender has access to their private key, this confirms that the message was indeed sent by them, thus authenticating the source. additionally, because the join whatsapp channel or group",37,,False,a86827b1-b660-49ba-9264-3b1958dccdc3,Hp,D:20250102181038+05'30',2026-03-29T14:23:32.130447+00:00,21CS733-SOLUTIONS-SET1.pdf,11,pdf,21CS733-SOLUTIONS-SET1,37,,"21CS733
Secrecy is primarily ensured through the encryption process. When a
sender wants to send a confidential message to a recipient, they encrypt
the message using the recipient's public key. This means that only the
recipient, who possesses the corresponding private key, can decrypt the
message and read its contents. This method guarantees that even if the
encrypted message is intercepted by a third party, they cannot decrypt
it without access to the private key. However, it's important to note that
while this process provides confidentiality, it does not inherently
protect against eavesdropping unless additional measures are taken.
Authentication , on the other hand, is achieved through the use of
digital signatures. In this process, the sender encrypts a message using
their own private key. When the recipient receives the message, they
can decrypt it using the sender's public key. Since only the sender has
access to their private key, this confirms that the message was indeed
sent by them, thus authenticating the source. Additionally, because the
JOIN WHATSAPP CHANNEL
OR GROUP

Tables:
 |  | Secrecy is primarily ensured through the encryption process. When a
sender wants to send a confidential message to a recipient, they encrypt
the message using the recipient's public key. This means that only the
recipient, who possesses the corresponding private key, can decrypt the
message and read its contents. This method guarantees that even if the
encrypted message is intercepted by a third party, they cannot decrypt
it without access to the private key. However, it's important to note that
while this process provides confidentiality, it does not inherently
protect against eavesdropping unless additional measures are taken.
Authentication , on the other hand, is achieved through the use of
digital signatures. In this process, the sender encrypts a message using
their own private key. When the recipient receives the message, they
can decrypt it using the sender's public key. Since only the sender has
access to their private key, this confirms that the message was indeed
sent by them, thus authenticating the source. Additionally, because the |  | ",pdf
12,"| | message is encrypted with the sender's private key, any alteration to the message would require access to that private key, making it infeasible for an attacker to modify the message without detection. secrecy in a public-key cryptosystem is achieved through the encryption of messages with the recipient's public key, ensuring that only the intended recipient can read them. authentication is provided by the sender signing the message with their private key, allowing the recipient to verify the sender's identity and the integrity of the message. this dual approach enhances the security of communications in various contexts, making public-key cryptography a powerful tool for secure communication. | | | b | explain diffie hellman key exchange algorithm with example. | 2 | 7","21cs733 message is encrypted with the sender's private key, any alteration to the message would require access to that private key, making it infeasible for an attacker to modify the message without detection. secrecy in a public-key cryptosystem is achieved through the encryption of messages with the recipient's public key, ensuring that only the intended recipient can read them. authentication is provided by the sender signing the message with their private key, allowing the recipient to verify the sender's identity and the integrity of the message. this dual approach enhances the security of communications in various contexts, making public-key cryptography a powerful tool for secure communication. b explain diffie hellman key exchange algorithm with example. 2 7 join whatsapp channel or group",37,,False,1da969e8-9096-4b0a-bbc9-bbba7804857a,Hp,D:20250102181038+05'30',2026-03-29T14:23:32.249628+00:00,21CS733-SOLUTIONS-SET1.pdf,12,pdf,21CS733-SOLUTIONS-SET1,37,,"21CS733
message is encrypted with the sender's private key, any alteration to the
message would require access to that private key, making it infeasible
for an attacker to modify the message without detection.
secrecy in a public-key cryptosystem is achieved through the
encryption of messages with the recipient's public key, ensuring that
only the intended recipient can read them. Authentication is provided
by the sender signing the message with their private key, allowing the
recipient to verify the sender's identity and the integrity of the
message. This dual approach enhances the security of
communications in various contexts, making public-key cryptography
a powerful tool for secure communication.
b Explain diffie Hellman key exchange algorithm with example. 2 7
JOIN WHATSAPP CHANNEL
OR GROUP

Tables:
 |  | message is encrypted with the sender's private key, any alteration to the
message would require access to that private key, making it infeasible
for an attacker to modify the message without detection.
secrecy in a public-key cryptosystem is achieved through the
encryption of messages with the recipient's public key, ensuring that
only the intended recipient can read them. Authentication is provided
by the sender signing the message with their private key, allowing the
recipient to verify the sender's identity and the integrity of the
message. This dual approach enhances the security of
communications in various contexts, making public-key cryptography
a powerful tool for secure communication. |  | 
 | b | Explain diffie Hellman key exchange algorithm with example. | 2 | 7",pdf
13,| | | | | c | explain man in middle attack with example. a man-in-the-middle (mitm) attack is a type of cyberattack where an adversary secretly intercepts and relays messages between two parties who believe they are communicating directly with each other. this attack can compromise the confidentiality and integrity of the communication. | 2 | 7,21cs733 c explain man in middle attack with example. 2 7 a man-in-the-middle (mitm) attack is a type of cyberattack where an adversary secretly intercepts and relays messages between two parties who believe they are communicating directly with each other. this attack can compromise the confidentiality and integrity of the communication. join whatsapp channel or group,37,,False,1e5e10d9-b12f-488f-82cd-3f581d9276f7,Hp,D:20250102181038+05'30',2026-03-29T14:23:32.341621+00:00,21CS733-SOLUTIONS-SET1.pdf,13,pdf,21CS733-SOLUTIONS-SET1,37,,"21CS733
c Explain man in middle attack with example. 2 7
A man-in-the-middle (MitM) attack is a type of cyberattack where an
adversary secretly intercepts and relays messages between two parties
who believe they are communicating directly with each other. This
attack can compromise the confidentiality and integrity of the
communication.
JOIN WHATSAPP CHANNEL
OR GROUP

Tables:
 |  |  |  | 
 | c | Explain man in middle attack with example.
A man-in-the-middle (MitM) attack is a type of cyberattack where an
adversary secretly intercepts and relays messages between two parties
who believe they are communicating directly with each other. This
attack can compromise the confidentiality and integrity of the
communication. | 2 | 7",pdf
14,"| | example of a man-in-the-middle attack: let's consider a scenario involving two users, alice and bob, who want to exchange keys securely. an attacker, whom we'll call darth, aims to intercept their communication. 1. preparation : darth generates two random private keys, ( xd1 ) and ( xd2 ), and computes the corresponding public keys, ( yd1 ) and ( yd2 ). 2. key exchange initiation : alice sends her public key ( ya ) to bob. 3. interception : instead of bob receiving alice's public key, darth intercepts ( ya ) and sends his own public key ( yd1 ) to bob. 4. key calculation : bob receives ( yd1 ) and calculates a secret key ( k1 ) using ( yd1 ) and his private key ( xb ): k1 = (yd1)^{xb} \mod q | |","21cs733 example of a man-in-the-middle attack: let's consider a scenario involving two users, alice and bob, who want to exchange keys securely. an attacker, whom we'll call darth, aims to intercept their communication. 1. preparation : darth generates two random private keys, ( xd1 ) and ( xd2 ), and computes the corresponding public keys, ( yd1 ) and ( yd2 ). 2. key exchange initiation : alice sends her public key ( ya ) to bob. 3. interception : instead of bob receiving alice's public key, darth intercepts ( ya ) and sends his own public key ( yd1 ) to bob. 4. key calculation : bob receives ( yd1 ) and calculates a secret key ( k1 ) using ( yd1 ) and his private key ( xb ): k1 = (yd1)^{xb} \mod q join whatsapp channel or group",37,,False,db0a858f-3158-453b-8ccd-86e4133159dc,Hp,D:20250102181038+05'30',2026-03-29T14:23:32.470976+00:00,21CS733-SOLUTIONS-SET1.pdf,14,pdf,21CS733-SOLUTIONS-SET1,37,,"21CS733
Example of a Man-in-the-Middle Attack:
Let's consider a scenario involving two users, Alice and Bob, who want
to exchange keys securely. An attacker, whom we'll call Darth, aims to
intercept their communication.
1. Preparation : Darth generates two random private keys, ( XD1 ) and
( XD2 ), and computes the corresponding public keys, ( YD1 ) and (
YD2 ).
2. Key Exchange Initiation : Alice sends her public key ( YA ) to Bob.
3. Interception : Instead of Bob receiving Alice's public key, Darth
intercepts ( YA ) and sends his own public key ( YD1 ) to Bob.
4. Key Calculation : Bob receives ( YD1 ) and calculates a secret key (
K1 ) using ( YD1 ) and his private key ( XB ):
K1 = (YD1)^{XB} \mod q
JOIN WHATSAPP CHANNEL
OR GROUP

Tables:
 |  | Example of a Man-in-the-Middle Attack:
Let's consider a scenario involving two users, Alice and Bob, who want
to exchange keys securely. An attacker, whom we'll call Darth, aims to
intercept their communication.
1. Preparation : Darth generates two random private keys, ( XD1 ) and
( XD2 ), and computes the corresponding public keys, ( YD1 ) and (
YD2 ).
2. Key Exchange Initiation : Alice sends her public key ( YA ) to Bob.
3. Interception : Instead of Bob receiving Alice's public key, Darth
intercepts ( YA ) and sends his own public key ( YD1 ) to Bob.
4. Key Calculation : Bob receives ( YD1 ) and calculates a secret key (
K1 ) using ( YD1 ) and his private key ( XB ):
K1 = (YD1)^{XB} \mod q |  | ",pdf
15,"| | 5. darth's secret key : meanwhile, darth calculates a different secret key ( k2 ) using alice's public key ( ya ) and his own private key ( xd2 ): k2 = (ya)^{xd2} \mod q 6. communication : now, both darth and bob think they are communicating securely with alice, but in reality, darth can read and modify the messages exchanged between them. this attack highlights the importance of ensuring that public keys are verified and authenticated before use, as the lack of such verification allows an attacker to insert themselves into the communication channel undetected. a mitm attack can lead to unauthorized access to sensitive information, and it is crucial to implement measures such as digital signatures or public-key certificates to prevent such vulnerabilities. | | module-3 download | | | | q. 05 | a | explain symmetric key distribution using symmetric encryption symmetric key distribution using symmetric encryption involves several methods for securely sharing a key between two parties, typically referred to as a and b. here are the main approaches outlined in the document: 1. physical delivery : a can select a key and physically deliver it to b. this method is straightforward but can be impractical for remote communications. 2. third-party delivery : a third party can select the key and physically deliver it to both a and b. this adds a layer of trust but still relies on physical transport. 3. using an old key : if a and b have previously used a key, one party can transmit a new key to the other, encrypting it with the old key. this method is efficient but poses a risk if the old key is compromised. 4. key distribution center (kdc) : if a and b each have an encrypted connection to a third party (the kdc), the kdc can deliver a key over | 3 | 10","21cs733 5. darth's secret key : meanwhile, darth calculates a different secret key ( k2 ) using alice's public key ( ya ) and his own private key ( xd2 ): k2 = (ya)^{xd2} \mod q 6. communication : now, both darth and bob think they are communicating securely with alice, but in reality, darth can read and modify the messages exchanged between them. this attack highlights the importance of ensuring that public keys are verified and authenticated before use, as the lack of such verification allows an attacker to insert themselves into the communication channel undetected. a mitm attack can lead to unauthorized access to sensitive information, and it is crucial to implement measures such as digital signatures or public-key certificates to prevent such vulnerabilities. module-3 download q. 05 a explain symmetric key distribution using symmetric encryption 3 10 symmetric key distribution using symmetric encryption involves several methods for securely sharing a key between two parties, typically referred to as a and b. here are the main approaches outlined in the document: 1. physical delivery : a can select a key and physically deliver it to b. this method is straightforward but can be impractical for remote communications. 2. third-party delivery : a third party can select the key and physically deliver it to both a and b. this adds a layer of trust but still relies on physical transport. 3. using an old key : if a and b have previously used a key, one party can transmit a new key to the other, encrypting it with the old key. this method is efficient but poses a risk if the old key is compromised. 4. key distribution center (kdc) : if a and b each have an encrypted connection to a third party (the kdc), the kdc can deliver a key over join whatsapp channel or group",37,,False,db493bde-96f4-4872-a843-bf34065aba61,Hp,D:20250102181038+05'30',2026-03-29T14:23:32.721845+00:00,21CS733-SOLUTIONS-SET1.pdf,15,pdf,21CS733-SOLUTIONS-SET1,37,,"21CS733
5. Darth's Secret Key : Meanwhile, Darth calculates a different secret
key ( K2 ) using Alice's public key ( YA ) and his own private key (
XD2 ):
K2 = (YA)^{XD2} \mod q
6. Communication : Now, both Darth and Bob think they are
communicating securely with Alice, but in reality, Darth can read and
modify the messages exchanged between them.
This attack highlights the importance of ensuring that public keys are
verified and authenticated before use, as the lack of such verification
allows an attacker to insert themselves into the communication channel
undetected.
a MitM attack can lead to unauthorized access to sensitive
information, and it is crucial to implement measures such as digital
signatures or public-key certificates to prevent such vulnerabilities.
Module-3
Download
Q. 05 a Explain symmetric key distribution using symmetric encryption 3 10
Symmetric key distribution using symmetric encryption involves several
methods for securely sharing a key between two parties, typically
referred to as A and B. Here are the main approaches outlined in the
document:
1. Physical Delivery : A can select a key and physically deliver it to B.
This method is straightforward but can be impractical for remote
communications.
2. Third-Party Delivery : A third party can select the key and physically
deliver it to both A and B. This adds a layer of trust but still relies on
physical transport.
3. Using an Old Key : If A and B have previously used a key, one party
can transmit a new key to the other, encrypting it with the old key. This
method is efficient but poses a risk if the old key is compromised.
4. Key Distribution Center (KDC) : If A and B each have an encrypted
connection to a third party (the KDC), the KDC can deliver a key over
JOIN WHATSAPP CHANNEL
OR GROUP

Tables:
 |  | 5. Darth's Secret Key : Meanwhile, Darth calculates a different secret
key ( K2 ) using Alice's public key ( YA ) and his own private key (
XD2 ):
K2 = (YA)^{XD2} \mod q
6. Communication : Now, both Darth and Bob think they are
communicating securely with Alice, but in reality, Darth can read and
modify the messages exchanged between them.
This attack highlights the importance of ensuring that public keys are
verified and authenticated before use, as the lack of such verification
allows an attacker to insert themselves into the communication channel
undetected.
a MitM attack can lead to unauthorized access to sensitive
information, and it is crucial to implement measures such as digital
signatures or public-key certificates to prevent such vulnerabilities. |  | 
Module-3
Download |  |  |  | 
Q. 05 | a | Explain symmetric key distribution using symmetric encryption
Symmetric key distribution using symmetric encryption involves several
methods for securely sharing a key between two parties, typically
referred to as A and B. Here are the main approaches outlined in the
document:
1. Physical Delivery : A can select a key and physically deliver it to B.
This method is straightforward but can be impractical for remote
communications.
2. Third-Party Delivery : A third party can select the key and physically
deliver it to both A and B. This adds a layer of trust but still relies on
physical transport.
3. Using an Old Key : If A and B have previously used a key, one party
can transmit a new key to the other, encrypting it with the old key. This
method is efficient but poses a risk if the old key is compromised.
4. Key Distribution Center (KDC) : If A and B each have an encrypted
connection to a third party (the KDC), the KDC can deliver a key over | 3 | 10",pdf
16,"| | these secure links. this is a widely adopted method for end-to-end encryption, especially in larger networks. the document emphasizes that for symmetric encryption to be effective, the shared key must be protected from unauthorized access. frequent key changes are recommended to limit the potential damage if a key is compromised. the strength of the cryptographic system heavily relies on the key distribution technique used. in a distributed system, the challenge of key distribution increases significantly, especially when many hosts or users need to communicate securely. for instance, if there are n entities that wish to communicate, the number of required session keys can be as high as ([n(n-1)]2), while only n master keys are needed, which can be distributed more easily. symmetric key distribution is a critical aspect of secure communications, and understanding the various methods and their implications is essential for effective key management. | | | b | explain major issues with key distribution center (kdc). the key distribution center (kdc) plays a crucial role in symmetric key management, but it comes with several significant issues: 1. trust requirement : the kdc must be a trusted entity. if the kdc is compromised, an attacker could potentially distribute counterfeit keys, leading to unauthorized access and data breaches. this trust requirement can be a single point of failure in the security architecture. 2. decentralization challenges : while a single kdc may work for smaller networks, it becomes impractical for larger networks. to address this, a hierarchical structure of kdcs can be established, where local kdcs manage key distribution within smaller domains. however, this adds complexity to the system and requires secure communication between kdcs. 3. scalability issues : as the number of users and devices increases, the kdc can become a bottleneck. the automated key distribution approach is designed to alleviate this, but it still requires careful management to ensure that the kdc can handle the load without delays. 4. session key management : the kdc is responsible for generating and distributing session keys. frequent key changes are necessary to enhance security, but this can delay the start of communications and burden network capacity. a balance must be struck between security | 3 | 10","21cs733 these secure links. this is a widely adopted method for end-to-end encryption, especially in larger networks. the document emphasizes that for symmetric encryption to be effective, the shared key must be protected from unauthorized access. frequent key changes are recommended to limit the potential damage if a key is compromised. the strength of the cryptographic system heavily relies on the key distribution technique used. in a distributed system, the challenge of key distribution increases significantly, especially when many hosts or users need to communicate securely. for instance, if there are n entities that wish to communicate, the number of required session keys can be as high as ([n(n-1)]2), while only n master keys are needed, which can be distributed more easily. symmetric key distribution is a critical aspect of secure communications, and understanding the various methods and their implications is essential for effective key management. b explain major issues with key distribution center (kdc). 3 10 the key distribution center (kdc) plays a crucial role in symmetric key management, but it comes with several significant issues: 1. trust requirement : the kdc must be a trusted entity. if the kdc is compromised, an attacker could potentially distribute counterfeit keys, leading to unauthorized access and data breaches. this trust requirement can be a single point of failure in the security architecture. 2. decentralization challenges : while a single kdc may work for smaller networks, it becomes impractical for larger networks. to address this, a hierarchical structure of kdcs can be established, where local kdcs manage key distribution within smaller domains. however, this adds complexity to the system and requires secure communication between kdcs. 3. scalability issues : as the number of users and devices increases, the kdc can become a bottleneck. the automated key distribution approach is designed to alleviate this, but it still requires careful management to ensure that the kdc can handle the load without delays. 4. session key management : the kdc is responsible for generating and distributing session keys. frequent key changes are necessary to enhance security, but this can delay the start of communications and burden network capacity. a balance must be struck between security join whatsapp channel or group",37,,False,014fcc18-5f3b-4c6e-acd3-08f4aebe66ea,Hp,D:20250102181038+05'30',2026-03-29T14:23:32.991869+00:00,21CS733-SOLUTIONS-SET1.pdf,16,pdf,21CS733-SOLUTIONS-SET1,37,,"21CS733
these secure links. This is a widely adopted method for end-to-end
encryption, especially in larger networks.
The document emphasizes that for symmetric encryption to be effective,
the shared key must be protected from unauthorized access. Frequent
key changes are recommended to limit the potential damage if a key is
compromised. The strength of the cryptographic system heavily relies
on the key distribution technique used.
In a distributed system, the challenge of key distribution increases
significantly, especially when many hosts or users need to communicate
securely. For instance, if there are N entities that wish to communicate,
the number of required session keys can be as high as ([N(N-1)]2),
while only N master keys are needed, which can be distributed more
easily.
symmetric key distribution is a critical aspect of secure
communications, and understanding the various methods and their
implications is essential for effective key management.
b Explain major issues with key distribution center (KDC).
3 10
The key distribution center (KDC) plays a crucial role in symmetric key
management, but it comes with several significant issues:
1. Trust Requirement : The KDC must be a trusted entity. If the KDC is
compromised, an attacker could potentially distribute counterfeit keys,
leading to unauthorized access and data breaches. This trust requirement
can be a single point of failure in the security architecture.
2. Decentralization Challenges : While a single KDC may work for
smaller networks, it becomes impractical for larger networks. To
address this, a hierarchical structure of KDCs can be established, where
local KDCs manage key distribution within smaller domains. However,
this adds complexity to the system and requires secure communication
between KDCs.
3. Scalability Issues : As the number of users and devices increases, the
KDC can become a bottleneck. The automated key distribution
approach is designed to alleviate this, but it still requires careful
management to ensure that the KDC can handle the load without delays.
4. Session Key Management : The KDC is responsible for generating
and distributing session keys. Frequent key changes are necessary to
enhance security, but this can delay the start of communications and
burden network capacity. A balance must be struck between security
JOIN WHATSAPP CHANNEL
OR GROUP

Tables:
 |  | these secure links. This is a widely adopted method for end-to-end
encryption, especially in larger networks.
The document emphasizes that for symmetric encryption to be effective,
the shared key must be protected from unauthorized access. Frequent
key changes are recommended to limit the potential damage if a key is
compromised. The strength of the cryptographic system heavily relies
on the key distribution technique used.
In a distributed system, the challenge of key distribution increases
significantly, especially when many hosts or users need to communicate
securely. For instance, if there are N entities that wish to communicate,
the number of required session keys can be as high as ([N(N-1)]2),
while only N master keys are needed, which can be distributed more
easily.
symmetric key distribution is a critical aspect of secure
communications, and understanding the various methods and their
implications is essential for effective key management. |  | 
 | b | Explain major issues with key distribution center (KDC).
The key distribution center (KDC) plays a crucial role in symmetric key
management, but it comes with several significant issues:
1. Trust Requirement : The KDC must be a trusted entity. If the KDC is
compromised, an attacker could potentially distribute counterfeit keys,
leading to unauthorized access and data breaches. This trust requirement
can be a single point of failure in the security architecture.
2. Decentralization Challenges : While a single KDC may work for
smaller networks, it becomes impractical for larger networks. To
address this, a hierarchical structure of KDCs can be established, where
local KDCs manage key distribution within smaller domains. However,
this adds complexity to the system and requires secure communication
between KDCs.
3. Scalability Issues : As the number of users and devices increases, the
KDC can become a bottleneck. The automated key distribution
approach is designed to alleviate this, but it still requires careful
management to ensure that the KDC can handle the load without delays.
4. Session Key Management : The KDC is responsible for generating
and distributing session keys. Frequent key changes are necessary to
enhance security, but this can delay the start of communications and
burden network capacity. A balance must be struck between security | 3 | 10",pdf
17,"| | and performance. 5. potential for subversion : if a kdc is subverted, the damage can be extensive, especially if it serves a large network. a compromised kdc can lead to widespread vulnerabilities, as it controls the distribution of keys across multiple domains. 6. public-key integration : while integrating public-key infrastructure can enhance security, it also introduces additional complexity and computational overhead. the hybrid approach, which combines symmetric and asymmetric encryption, can degrade overall system performance if not managed properly. 7. key hierarchy management : establishing a hierarchy of keys can minimize the effort involved in master key distribution, but it also requires careful management to ensure that each level of the hierarchy is secure and that the master keys are protected from unauthorized access. while kdcs are essential for secure key distribution in symmetric encryption, they introduce various challenges related to trust, scalability, management, and potential vulnerabilities that must be carefully addressed to maintain a secure cryptographic environment. | | or | | | | q. 06 | a | explain symmetric key distribution using asymmetric encryption symmetric key distribution using asymmetric encryption is a method that leverages the strengths of both encryption types to securely share secret keys between parties. here's how it works in detail: | 3 | 10","21cs733 and performance. 5. potential for subversion : if a kdc is subverted, the damage can be extensive, especially if it serves a large network. a compromised kdc can lead to widespread vulnerabilities, as it controls the distribution of keys across multiple domains. 6. public-key integration : while integrating public-key infrastructure can enhance security, it also introduces additional complexity and computational overhead. the hybrid approach, which combines symmetric and asymmetric encryption, can degrade overall system performance if not managed properly. 7. key hierarchy management : establishing a hierarchy of keys can minimize the effort involved in master key distribution, but it also requires careful management to ensure that each level of the hierarchy is secure and that the master keys are protected from unauthorized access. while kdcs are essential for secure key distribution in symmetric encryption, they introduce various challenges related to trust, scalability, management, and potential vulnerabilities that must be carefully addressed to maintain a secure cryptographic environment. or q. 06 a explain symmetric key distribution using asymmetric encryption 3 10 symmetric key distribution using asymmetric encryption is a method that leverages the strengths of both encryption types to securely share secret keys between parties. here's how it works in detail: join whatsapp channel or group",37,,False,b6b0ac7f-17bb-45dd-81a2-f33b772287bc,Hp,D:20250102181038+05'30',2026-03-29T14:23:33.254240+00:00,21CS733-SOLUTIONS-SET1.pdf,17,pdf,21CS733-SOLUTIONS-SET1,37,,"21CS733
and performance.
5. Potential for Subversion : If a KDC is subverted, the damage can be
extensive, especially if it serves a large network. A compromised KDC
can lead to widespread vulnerabilities, as it controls the distribution of
keys across multiple domains.
6. Public-Key Integration : While integrating public-key infrastructure
can enhance security, it also introduces additional complexity and
computational overhead. The hybrid approach, which combines
symmetric and asymmetric encryption, can degrade overall system
performance if not managed properly.
7. Key Hierarchy Management : Establishing a hierarchy of keys can
minimize the effort involved in master key distribution, but it also
requires careful management to ensure that each level of the hierarchy is
secure and that the master keys are protected from unauthorized access.
while KDCs are essential for secure key distribution in symmetric
encryption, they introduce various challenges related to trust,
scalability, management, and potential vulnerabilities that must be
carefully addressed to maintain a secure cryptographic environment.
OR
Q. 06 a Explain symmetric key distribution using asymmetric encryption 3 10
Symmetric key distribution using asymmetric encryption is a method
that leverages the strengths of both encryption types to securely share
secret keys between parties. Here's how it works in detail:
JOIN WHATSAPP CHANNEL
OR GROUP

Tables:
 |  | and performance.
5. Potential for Subversion : If a KDC is subverted, the damage can be
extensive, especially if it serves a large network. A compromised KDC
can lead to widespread vulnerabilities, as it controls the distribution of
keys across multiple domains.
6. Public-Key Integration : While integrating public-key infrastructure
can enhance security, it also introduces additional complexity and
computational overhead. The hybrid approach, which combines
symmetric and asymmetric encryption, can degrade overall system
performance if not managed properly.
7. Key Hierarchy Management : Establishing a hierarchy of keys can
minimize the effort involved in master key distribution, but it also
requires careful management to ensure that each level of the hierarchy is
secure and that the master keys are protected from unauthorized access.
while KDCs are essential for secure key distribution in symmetric
encryption, they introduce various challenges related to trust,
scalability, management, and potential vulnerabilities that must be
carefully addressed to maintain a secure cryptographic environment. |  | 
OR |  |  |  | 
Q. 06 | a | Explain symmetric key distribution using asymmetric encryption
Symmetric key distribution using asymmetric encryption is a method
that leverages the strengths of both encryption types to securely share
secret keys between parties. Here's how it works in detail: | 3 | 10",pdf
18,"| | 1. key generation : each party, say alice and bob, generates a pair of keys: a public key and a private key. alice's keys are denoted as (pu_a) (public key) and (pr_a) (private key), while bob's keys are (pu_b) and (pr_b). 2. public key exchange : alice sends her public key (pu_a) to bob along with her identifier (id_a). this allows bob to know who he is communicating with and to use alice's public key for secure communication. 3. secret key creation : bob generates a secret symmetric key (k_s) that they will use for their communication. this key is crucial because symmetric encryption requires both parties to share the same key. 4. encryption of the secret key : bob encrypts the secret key (k_s) using alice's public key (pu_a). this ensures that only alice, who possesses the corresponding private key (pr_a), can decrypt this message and retrieve the secret key. 5. sending the encrypted key : bob sends the encrypted secret key to alice. since it is encrypted with alice's public key, it cannot be read by anyone else, ensuring confidentiality. 6. decryption by alice : upon receiving the encrypted secret key, alice uses her private key (pr_a) to decrypt the message and obtain the symmetric key (k_s). | |","21cs733 1. key generation : each party, say alice and bob, generates a pair of keys: a public key and a private key. alice's keys are denoted as (pu_a) (public key) and (pr_a) (private key), while bob's keys are (pu_b) and (pr_b). 2. public key exchange : alice sends her public key (pu_a) to bob along with her identifier (id_a). this allows bob to know who he is communicating with and to use alice's public key for secure communication. 3. secret key creation : bob generates a secret symmetric key (k_s) that they will use for their communication. this key is crucial because symmetric encryption requires both parties to share the same key. 4. encryption of the secret key : bob encrypts the secret key (k_s) using alice's public key (pu_a). this ensures that only alice, who possesses the corresponding private key (pr_a), can decrypt this message and retrieve the secret key. 5. sending the encrypted key : bob sends the encrypted secret key to alice. since it is encrypted with alice's public key, it cannot be read by anyone else, ensuring confidentiality. 6. decryption by alice : upon receiving the encrypted secret key, alice uses her private key (pr_a) to decrypt the message and obtain the symmetric key (k_s). join whatsapp channel or group",37,,False,2071d207-cd95-426f-9473-7b4037bc8a4e,Hp,D:20250102181038+05'30',2026-03-29T14:23:33.435213+00:00,21CS733-SOLUTIONS-SET1.pdf,18,pdf,21CS733-SOLUTIONS-SET1,37,,"21CS733
1. Key Generation : Each party, say Alice and Bob, generates a pair of
keys: a public key and a private key. Alice's keys are denoted as (PU_A)
(public key) and (PR_A) (private key), while Bob's keys are (PU_B) and
(PR_B).
2. Public Key Exchange : Alice sends her public key (PU_A) to Bob
along with her identifier (ID_A). This allows Bob to know who he is
communicating with and to use Alice's public key for secure
communication.
3. Secret Key Creation : Bob generates a secret symmetric key (K_s)
that they will use for their communication. This key is crucial because
symmetric encryption requires both parties to share the same key.
4. Encryption of the Secret Key : Bob encrypts the secret key (K_s)
using Alice's public key (PU_A). This ensures that only Alice, who
possesses the corresponding private key (PR_A), can decrypt this
message and retrieve the secret key.
5. Sending the Encrypted Key : Bob sends the encrypted secret key to
Alice. Since it is encrypted with Alice's public key, it cannot be read by
anyone else, ensuring confidentiality.
6. Decryption by Alice : Upon receiving the encrypted secret key, Alice
uses her private key (PR_A) to decrypt the message and obtain the
symmetric key (K_s).
JOIN WHATSAPP CHANNEL
OR GROUP

Tables:
 |  | 1. Key Generation : Each party, say Alice and Bob, generates a pair of
keys: a public key and a private key. Alice's keys are denoted as (PU_A)
(public key) and (PR_A) (private key), while Bob's keys are (PU_B) and
(PR_B).
2. Public Key Exchange : Alice sends her public key (PU_A) to Bob
along with her identifier (ID_A). This allows Bob to know who he is
communicating with and to use Alice's public key for secure
communication.
3. Secret Key Creation : Bob generates a secret symmetric key (K_s)
that they will use for their communication. This key is crucial because
symmetric encryption requires both parties to share the same key.
4. Encryption of the Secret Key : Bob encrypts the secret key (K_s)
using Alice's public key (PU_A). This ensures that only Alice, who
possesses the corresponding private key (PR_A), can decrypt this
message and retrieve the secret key.
5. Sending the Encrypted Key : Bob sends the encrypted secret key to
Alice. Since it is encrypted with Alice's public key, it cannot be read by
anyone else, ensuring confidentiality.
6. Decryption by Alice : Upon receiving the encrypted secret key, Alice
uses her private key (PR_A) to decrypt the message and obtain the
symmetric key (K_s). |  | ",pdf
19,"| | 7. secure communication : now that both alice and bob have the same symmetric key (k_s), they can use it for secure communication using symmetric encryption methods. this method is advantageous because it combines the efficiency of symmetric encryption for data transmission with the security of asymmetric encryption for key distribution. however, it is important to note that while public-key systems are not typically used for encrypting large amounts of data due to their inefficiency, they are ideal for securely transmitting small pieces of information, such as secret keys. asymmetric encryption facilitates the secure distribution of symmetric keys, allowing parties to communicate securely without the risk of key interception during the exchange process. | | | b | explain different ways of distributing public keys there are several techniques for distributing public keys, each with its own advantages and vulnerabilities. here are the main methods: 1. public announcement : this method allows participants to broadcast their public keys to the community. for example, users of pgp (pretty good privacy) often append their public keys to messages sent in public forums like usenet newsgroups. while convenient, this approach is susceptible to forgery, as anyone can impersonate another user and send a counterfeit public key. | 3 | 10","21cs733 7. secure communication : now that both alice and bob have the same symmetric key (k_s), they can use it for secure communication using symmetric encryption methods. this method is advantageous because it combines the efficiency of symmetric encryption for data transmission with the security of asymmetric encryption for key distribution. however, it is important to note that while public-key systems are not typically used for encrypting large amounts of data due to their inefficiency, they are ideal for securely transmitting small pieces of information, such as secret keys. asymmetric encryption facilitates the secure distribution of symmetric keys, allowing parties to communicate securely without the risk of key interception during the exchange process. b explain different ways of distributing public keys 3 10 there are several techniques for distributing public keys, each with its own advantages and vulnerabilities. here are the main methods: 1. public announcement : this method allows participants to broadcast their public keys to the community. for example, users of pgp (pretty good privacy) often append their public keys to messages sent in public forums like usenet newsgroups. while convenient, this approach is susceptible to forgery, as anyone can impersonate another user and send a counterfeit public key. join whatsapp channel or group",37,,False,44fda3c6-f33d-4a5e-bb93-16cb2379cd5f,Hp,D:20250102181038+05'30',2026-03-29T14:23:33.625373+00:00,21CS733-SOLUTIONS-SET1.pdf,19,pdf,21CS733-SOLUTIONS-SET1,37,,"21CS733
7. Secure Communication : Now that both Alice and Bob have the same
symmetric key (K_s), they can use it for secure communication using
symmetric encryption methods.
This method is advantageous because it combines the efficiency of
symmetric encryption for data transmission with the security of
asymmetric encryption for key distribution. However, it is important to
note that while public-key systems are not typically used for encrypting
large amounts of data due to their inefficiency, they are ideal for
securely transmitting small pieces of information, such as secret keys.
asymmetric encryption facilitates the secure distribution of symmetric
keys, allowing parties to communicate securely without the risk of key
interception during the exchange process.
b Explain different ways of distributing Public keys 3 10
There are several techniques for distributing public keys, each with its
own advantages and vulnerabilities. Here are the main methods:
1. Public Announcement : This method allows participants to
broadcast their public keys to the community. For example, users
of PGP (Pretty Good Privacy) often append their public keys to
messages sent in public forums like USENET newsgroups. While
convenient, this approach is susceptible to forgery, as anyone can
impersonate another user and send a counterfeit public key.
JOIN WHATSAPP CHANNEL
OR GROUP

Tables:
 |  | 7. Secure Communication : Now that both Alice and Bob have the same
symmetric key (K_s), they can use it for secure communication using
symmetric encryption methods.
This method is advantageous because it combines the efficiency of
symmetric encryption for data transmission with the security of
asymmetric encryption for key distribution. However, it is important to
note that while public-key systems are not typically used for encrypting
large amounts of data due to their inefficiency, they are ideal for
securely transmitting small pieces of information, such as secret keys.
asymmetric encryption facilitates the secure distribution of symmetric
keys, allowing parties to communicate securely without the risk of key
interception during the exchange process. |  | 
 | b | Explain different ways of distributing Public keys
There are several techniques for distributing public keys, each with its
own advantages and vulnerabilities. Here are the main methods:
1. Public Announcement : This method allows participants to
broadcast their public keys to the community. For example, users
of PGP (Pretty Good Privacy) often append their public keys to
messages sent in public forums like USENET newsgroups. While
convenient, this approach is susceptible to forgery, as anyone can
impersonate another user and send a counterfeit public key. | 3 | 10",pdf
20,"| | 2. publicly available directory : in this scheme, a trusted entity maintains a dynamic directory of public keys. each participant registers their public key with this authority, which ensures that the keys are authentic. this method enhances security but requires secure registration processes, such as in-person verification or secure authenticated communication. 3. public-key authority : this approach involves a central authority that controls the distribution of public keys. the authority maintains a directory of public keys and ensures that each participant's key is registered securely. however, if an adversary gains access to the authority's private key, they could issue counterfeit public keys. 4. public-key certificates : certificates are issued by a trusted third | |","21cs733 2. publicly available directory : in this scheme, a trusted entity maintains a dynamic directory of public keys. each participant registers their public key with this authority, which ensures that the keys are authentic. this method enhances security but requires secure registration processes, such as in-person verification or secure authenticated communication. 3. public-key authority : this approach involves a central authority that controls the distribution of public keys. the authority maintains a directory of public keys and ensures that each participant's key is registered securely. however, if an adversary gains access to the authority's private key, they could issue counterfeit public keys. 4. public-key certificates : certificates are issued by a trusted third join whatsapp channel or group",37,,False,40a7fed8-beb1-4a5d-8c75-c5305f8f99d6,Hp,D:20250102181038+05'30',2026-03-29T14:23:33.750009+00:00,21CS733-SOLUTIONS-SET1.pdf,20,pdf,21CS733-SOLUTIONS-SET1,37,,"21CS733
2. Publicly Available Directory : In this scheme, a trusted entity
maintains a dynamic directory of public keys. Each participant registers
their public key with this authority, which ensures that the keys are
authentic. This method enhances security but requires secure registration
processes, such as in-person verification or secure authenticated
communication.
3. Public-Key Authority : This approach involves a central authority that
controls the distribution of public keys. The authority maintains a
directory of public keys and ensures that each participant's key is
registered securely. However, if an adversary gains access to the
authority's private key, they could issue counterfeit public keys.
4. Public-Key Certificates : Certificates are issued by a trusted third
JOIN WHATSAPP CHANNEL
OR GROUP

Tables:
 |  | 2. Publicly Available Directory : In this scheme, a trusted entity
maintains a dynamic directory of public keys. Each participant registers
their public key with this authority, which ensures that the keys are
authentic. This method enhances security but requires secure registration
processes, such as in-person verification or secure authenticated
communication.
3. Public-Key Authority : This approach involves a central authority that
controls the distribution of public keys. The authority maintains a
directory of public keys and ensures that each participant's key is
registered securely. However, if an adversary gains access to the
authority's private key, they could issue counterfeit public keys.
4. Public-Key Certificates : Certificates are issued by a trusted third |  | ",pdf
21,"| | party, known as a certificate authority (ca). a certificate contains a public key, the identity of the key owner, and a digital signature from the ca. this allows users to verify the authenticity of a public key without needing to contact the ca directly. users can publish their certificates, making it easier for others to obtain and verify their public keys. each of these methods has its own strengths and weaknesses, and the choice of which to use often depends on the specific security requirements and context of the communication. | | module-4 download | | | | q. 07 | a | explain x.509 certificate with format. x.509 certificates are a crucial component of public-key infrastructure (pki) and are widely used for secure communications over networks. they serve as a means of associating a public key with the identity of the certificate holder, typically a user or an organization. the x.509 standard, which is part of the x.500 series of recommendations, defines the structure and format of these certificates. | 4 | 10","21cs733 party, known as a certificate authority (ca). a certificate contains a public key, the identity of the key owner, and a digital signature from the ca. this allows users to verify the authenticity of a public key without needing to contact the ca directly. users can publish their certificates, making it easier for others to obtain and verify their public keys. each of these methods has its own strengths and weaknesses, and the choice of which to use often depends on the specific security requirements and context of the communication. module-4 download q. 07 a explain x.509 certificate with format. 4 10 x.509 certificates are a crucial component of public-key infrastructure (pki) and are widely used for secure communications over networks. they serve as a means of associating a public key with the identity of the certificate holder, typically a user or an organization. the x.509 standard, which is part of the x.500 series of recommendations, defines the structure and format of these certificates. join whatsapp channel or group",37,,False,3415bfcd-7ca2-468a-9754-b0eccc7e79ae,Hp,D:20250102181038+05'30',2026-03-29T14:23:33.910963+00:00,21CS733-SOLUTIONS-SET1.pdf,21,pdf,21CS733-SOLUTIONS-SET1,37,,"21CS733
party, known as a certificate authority (CA). A certificate contains a
public key, the identity of the key owner, and a digital signature from the
CA. This allows users to verify the authenticity of a public key without
needing to contact the CA directly. Users can publish their certificates,
making it easier for others to obtain and verify their public keys.
Each of these methods has its own strengths and weaknesses, and the
choice of which to use often depends on the specific security
requirements and context of the communication.
Module-4
Download
Q. 07 a Explain X.509 CERTIFICATE with format.
4 10
X.509 certificates are a crucial component of public-key infrastructure
(PKI) and are widely used for secure communications over networks.
They serve as a means of associating a public key with the identity of
the certificate holder, typically a user or an organization. The X.509
standard, which is part of the X.500 series of recommendations, defines
the structure and format of these certificates.
JOIN WHATSAPP CHANNEL
OR GROUP

Tables:
 |  | party, known as a certificate authority (CA). A certificate contains a
public key, the identity of the key owner, and a digital signature from the
CA. This allows users to verify the authenticity of a public key without
needing to contact the CA directly. Users can publish their certificates,
making it easier for others to obtain and verify their public keys.
Each of these methods has its own strengths and weaknesses, and the
choice of which to use often depends on the specific security
requirements and context of the communication. |  | 
Module-4
Download |  |  |  | 
Q. 07 | a | Explain X.509 CERTIFICATE with format.
X.509 certificates are a crucial component of public-key infrastructure
(PKI) and are widely used for secure communications over networks.
They serve as a means of associating a public key with the identity of
the certificate holder, typically a user or an organization. The X.509
standard, which is part of the X.500 series of recommendations, defines
the structure and format of these certificates. | 4 | 10",pdf
22,"| | format of an x.509 certificate an x.509 certificate generally includes the following elements: 1. version : this indicates the version of the certificate format. the default is version 1. if the issuer unique identifier or subject unique identifier is present, it must be version 2. if one or more extensions are included, it must be version 3. 2. serial number : a unique integer value assigned by the issuing certification authority (ca) that distinguishes this certificate from others. 3. signature algorithm identifier : this specifies the algorithm used to sign the certificate, along with any associated parameters. this information is also repeated in the signature field at the end of the certificate. 4. issuer name : the x.500 name of the ca that created and signed the certificate. 5. period of validity : this consists of two dates: the start date (not before) and the end date (not after) during which the certificate is | |","21cs733 format of an x.509 certificate an x.509 certificate generally includes the following elements: 1. version : this indicates the version of the certificate format. the default is version 1. if the issuer unique identifier or subject unique identifier is present, it must be version 2. if one or more extensions are included, it must be version 3. 2. serial number : a unique integer value assigned by the issuing certification authority (ca) that distinguishes this certificate from others. 3. signature algorithm identifier : this specifies the algorithm used to sign the certificate, along with any associated parameters. this information is also repeated in the signature field at the end of the certificate. 4. issuer name : the x.500 name of the ca that created and signed the certificate. 5. period of validity : this consists of two dates: the start date (not before) and the end date (not after) during which the certificate is join whatsapp channel or group",37,,False,f085defd-d571-4afd-af43-f5def4faa5b5,Hp,D:20250102181038+05'30',2026-03-29T14:23:34.062803+00:00,21CS733-SOLUTIONS-SET1.pdf,22,pdf,21CS733-SOLUTIONS-SET1,37,,"21CS733
Format of an X.509 Certificate
An X.509 certificate generally includes the following elements:
1. Version : This indicates the version of the certificate format. The
default is version 1. If the issuer unique identifier or subject unique
identifier is present, it must be version 2. If one or more extensions are
included, it must be version 3.
2. Serial Number : A unique integer value assigned by the issuing
Certification Authority (CA) that distinguishes this certificate from
others.
3. Signature Algorithm Identifier : This specifies the algorithm used to
sign the certificate, along with any associated parameters. This
information is also repeated in the signature field at the end of the
certificate.
4. Issuer Name : The X.500 name of the CA that created and signed the
certificate.
5. Period of Validity : This consists of two dates: the start date (Not
Before) and the end date (Not After) during which the certificate is
JOIN WHATSAPP CHANNEL
OR GROUP

Tables:
 |  | Format of an X.509 Certificate
An X.509 certificate generally includes the following elements:
1. Version : This indicates the version of the certificate format. The
default is version 1. If the issuer unique identifier or subject unique
identifier is present, it must be version 2. If one or more extensions are
included, it must be version 3.
2. Serial Number : A unique integer value assigned by the issuing
Certification Authority (CA) that distinguishes this certificate from
others.
3. Signature Algorithm Identifier : This specifies the algorithm used to
sign the certificate, along with any associated parameters. This
information is also repeated in the signature field at the end of the
certificate.
4. Issuer Name : The X.500 name of the CA that created and signed the
certificate.
5. Period of Validity : This consists of two dates: the start date (Not
Before) and the end date (Not After) during which the certificate is |  | ",pdf
23,"| | valid. 6. subject name : the name of the entity (user or organization) to which the certificate refers. this is the identity that the certificate certifies. 7. subject's public key information : this includes the public key of the subject, along with an identifier for the algorithm used and any associated parameters. 8. issuer unique identifier : an optional field that uniquely identifies the issuing ca, particularly useful if the x.500 name has been reused. 9. subject unique identifier : another optional field that uniquely identifies the subject of the certificate. 10. extensions : these are additional fields that can provide extra information about the certificate, such as usage constraints or policies. importance of x.509 certificates x.509 certificates are essential for establishing secure communications in various applications, including ssl/tls for web security, s/mime for email security, and ip security. they help ensure that the public keys used in these protocols are authentic and have not been tampered with, thereby enabling secure data exchange over potentially insecure networks. x.509 certificates play a vital role in the realm of digital security, providing a standardized way to verify identities and secure communications. | | | b | explain remote user-authentication using symmetric encryption remote user authentication using symmetric encryption involves a series of steps that ensure the identity of users trying to access a network or system. the process typically relies on a trusted key distribution center (kdc) to facilitate secure communication between users and services. here’s a detailed breakdown of how it works: 1. initial request : when a user (let's call them user a) wants to authenticate to a service (server b), they first send a request to the kdc. this request includes user a's id and the id of server b, along with a nonce (a random number used once) to ensure the request is fresh and to prevent replay attacks. | 4 | 10","21cs733 valid. 6. subject name : the name of the entity (user or organization) to which the certificate refers. this is the identity that the certificate certifies. 7. subject's public key information : this includes the public key of the subject, along with an identifier for the algorithm used and any associated parameters. 8. issuer unique identifier : an optional field that uniquely identifies the issuing ca, particularly useful if the x.500 name has been reused. 9. subject unique identifier : another optional field that uniquely identifies the subject of the certificate. 10. extensions : these are additional fields that can provide extra information about the certificate, such as usage constraints or policies. importance of x.509 certificates x.509 certificates are essential for establishing secure communications in various applications, including ssl/tls for web security, s/mime for email security, and ip security. they help ensure that the public keys used in these protocols are authentic and have not been tampered with, thereby enabling secure data exchange over potentially insecure networks. x.509 certificates play a vital role in the realm of digital security, providing a standardized way to verify identities and secure communications. b explain remote user-authentication using symmetric encryption 4 10 remote user authentication using symmetric encryption involves a series of steps that ensure the identity of users trying to access a network or system. the process typically relies on a trusted key distribution center (kdc) to facilitate secure communication between users and services. here’s a detailed breakdown of how it works: 1. initial request : when a user (let's call them user a) wants to authenticate to a service (server b), they first send a request to the kdc. this request includes user a's id and the id of server b, along with a nonce (a random number used once) to ensure the request is fresh and to prevent replay attacks. join whatsapp channel or group",37,,False,e25615c2-b867-4118-b112-aad9b9e3bb33,Hp,D:20250102181038+05'30',2026-03-29T14:23:34.317045+00:00,21CS733-SOLUTIONS-SET1.pdf,23,pdf,21CS733-SOLUTIONS-SET1,37,,"21CS733
valid.
6. Subject Name : The name of the entity (user or organization) to
which the certificate refers. This is the identity that the certificate
certifies.
7. Subject's Public Key Information : This includes the public key of the
subject, along with an identifier for the algorithm used and any
associated parameters.
8. Issuer Unique Identifier : An optional field that uniquely identifies
the issuing CA, particularly useful if the X.500 name has been reused.
9. Subject Unique Identifier : Another optional field that uniquely
identifies the subject of the certificate.
10. Extensions : These are additional fields that can provide extra
information about the certificate, such as usage constraints or policies.
Importance of X.509 Certificates
X.509 certificates are essential for establishing secure communications
in various applications, including SSL/TLS for web security, S/MIME
for email security, and IP security. They help ensure that the public keys
used in these protocols are authentic and have not been tampered with,
thereby enabling secure data exchange over potentially insecure
networks.
X.509 certificates play a vital role in the realm of digital security,
providing a standardized way to verify identities and secure
communications.
b Explain Remote user-authentication using symmetric encryption 4 10
Remote user authentication using symmetric encryption involves a
series of steps that ensure the identity of users trying to access a
network or system. The process typically relies on a trusted Key
Distribution Center (KDC) to facilitate secure communication between
users and services. Here’s a detailed breakdown of how it works:
1. Initial Request : When a user (let's call them User A) wants to
authenticate to a service (Server B), they first send a request to the
KDC. This request includes User A's ID and the ID of Server B, along
with a nonce (a random number used once) to ensure the request is
fresh and to prevent replay attacks.
JOIN WHATSAPP CHANNEL
OR GROUP

Tables:
 |  | valid.
6. Subject Name : The name of the entity (user or organization) to
which the certificate refers. This is the identity that the certificate
certifies.
7. Subject's Public Key Information : This includes the public key of the
subject, along with an identifier for the algorithm used and any
associated parameters.
8. Issuer Unique Identifier : An optional field that uniquely identifies
the issuing CA, particularly useful if the X.500 name has been reused.
9. Subject Unique Identifier : Another optional field that uniquely
identifies the subject of the certificate.
10. Extensions : These are additional fields that can provide extra
information about the certificate, such as usage constraints or policies.
Importance of X.509 Certificates
X.509 certificates are essential for establishing secure communications
in various applications, including SSL/TLS for web security, S/MIME
for email security, and IP security. They help ensure that the public keys
used in these protocols are authentic and have not been tampered with,
thereby enabling secure data exchange over potentially insecure
networks.
X.509 certificates play a vital role in the realm of digital security,
providing a standardized way to verify identities and secure
communications. |  | 
 | b | Explain Remote user-authentication using symmetric encryption
Remote user authentication using symmetric encryption involves a
series of steps that ensure the identity of users trying to access a
network or system. The process typically relies on a trusted Key
Distribution Center (KDC) to facilitate secure communication between
users and services. Here’s a detailed breakdown of how it works:
1. Initial Request : When a user (let's call them User A) wants to
authenticate to a service (Server B), they first send a request to the
KDC. This request includes User A's ID and the ID of Server B, along
with a nonce (a random number used once) to ensure the request is
fresh and to prevent replay attacks. | 4 | 10",pdf
24,"| | 2. kdc verification : the kdc checks its database to verify that user a is legitimate and has the correct credentials. if the credentials are valid, the kdc generates a session key (k_s) that will be used for the communication session between user a and server b. 3. ticket generation : the kdc creates a ticket that contains user a's id, the network address of server b, and the session key (k_s). this ticket is encrypted using a secret key shared between the kdc and server b, ensuring that only server b can decrypt it. 4. sending the ticket : the kdc sends the encrypted ticket back to user a. along with the ticket, the kdc also sends a message encrypted with a key shared between user a and the kdc, which includes the session key (k_s) and the nonce that user a originally sent. 5. accessing the server : user a then forwards the ticket to server b along with the nonce. server b decrypts the ticket using its secret key, retrieves the session key (k_s), and verifies that the nonce matches the one sent by user a. this confirms that the request is timely and not a replay. 6. session establishment : once server b verifies the ticket and the nonce, it can establish a secure session with user a using the session key (k_s). this key is used for encrypting the communication between user a and server b, ensuring confidentiality and integrity. this method of authentication is efficient and secure, as it minimizes the exposure of sensitive information and relies on symmetric encryption to protect the data exchanged during the authentication process. additionally, it addresses key issues such as confidentiality and timeliness, which are crucial in preventing unauthorized access and replay attacks. | | or | | | | q. 08 | a | explain kerberos authentication service with version 4 dialogue. kerberos authentication service, particularly in version 4, is designed to facilitate secure authentication in a distributed network environment. it operates on the principle of mutual trust between clients and servers, relying on a centralized authentication server (as) to mediate this trust. | 4 | 10","21cs733 2. kdc verification : the kdc checks its database to verify that user a is legitimate and has the correct credentials. if the credentials are valid, the kdc generates a session key (k_s) that will be used for the communication session between user a and server b. 3. ticket generation : the kdc creates a ticket that contains user a's id, the network address of server b, and the session key (k_s). this ticket is encrypted using a secret key shared between the kdc and server b, ensuring that only server b can decrypt it. 4. sending the ticket : the kdc sends the encrypted ticket back to user a. along with the ticket, the kdc also sends a message encrypted with a key shared between user a and the kdc, which includes the session key (k_s) and the nonce that user a originally sent. 5. accessing the server : user a then forwards the ticket to server b along with the nonce. server b decrypts the ticket using its secret key, retrieves the session key (k_s), and verifies that the nonce matches the one sent by user a. this confirms that the request is timely and not a replay. 6. session establishment : once server b verifies the ticket and the nonce, it can establish a secure session with user a using the session key (k_s). this key is used for encrypting the communication between user a and server b, ensuring confidentiality and integrity. this method of authentication is efficient and secure, as it minimizes the exposure of sensitive information and relies on symmetric encryption to protect the data exchanged during the authentication process. additionally, it addresses key issues such as confidentiality and timeliness, which are crucial in preventing unauthorized access and replay attacks. or q. 08 a explain kerberos authentication service with version 4 dialogue. 4 10 kerberos authentication service, particularly in version 4, is designed to facilitate secure authentication in a distributed network environment. it operates on the principle of mutual trust between clients and servers, relying on a centralized authentication server (as) to mediate this trust. join whatsapp channel or group",37,,False,963ab3b1-2b95-4fdc-a891-bb1507d90210,Hp,D:20250102181038+05'30',2026-03-29T14:23:34.574716+00:00,21CS733-SOLUTIONS-SET1.pdf,24,pdf,21CS733-SOLUTIONS-SET1,37,,"21CS733
2. KDC Verification : The KDC checks its database to verify that User
A is legitimate and has the correct credentials. If the credentials are
valid, the KDC generates a session key (K_s) that will be used for the
communication session between User A and Server B.
3. Ticket Generation : The KDC creates a ticket that contains User A's
ID, the network address of Server B, and the session key (K_s). This
ticket is encrypted using a secret key shared between the KDC and
Server B, ensuring that only Server B can decrypt it.
4. Sending the Ticket : The KDC sends the encrypted ticket back to
User A. Along with the ticket, the KDC also sends a message
encrypted with a key shared between User A and the KDC, which
includes the session key (K_s) and the nonce that User A originally
sent.
5. Accessing the Server : User A then forwards the ticket to Server B
along with the nonce. Server B decrypts the ticket using its secret key,
retrieves the session key (K_s), and verifies that the nonce matches the
one sent by User A. This confirms that the request is timely and not a
replay.
6. Session Establishment : Once Server B verifies the ticket and the
nonce, it can establish a secure session with User A using the session
key (K_s). This key is used for encrypting the communication between
User A and Server B, ensuring confidentiality and integrity.
This method of authentication is efficient and secure, as it minimizes
the exposure of sensitive information and relies on symmetric
encryption to protect the data exchanged during the authentication
process. Additionally, it addresses key issues such as confidentiality
and timeliness, which are crucial in preventing unauthorized access
and replay attacks.
OR
Q. 08 a Explain Kerberos Authentication Service with version 4 Dialogue.
4 10
Kerberos Authentication Service, particularly in version 4, is designed
to facilitate secure authentication in a distributed network environment.
It operates on the principle of mutual trust between clients and servers,
relying on a centralized authentication server (AS) to mediate this trust.
JOIN WHATSAPP CHANNEL
OR GROUP

Tables:
 |  | 2. KDC Verification : The KDC checks its database to verify that User
A is legitimate and has the correct credentials. If the credentials are
valid, the KDC generates a session key (K_s) that will be used for the
communication session between User A and Server B.
3. Ticket Generation : The KDC creates a ticket that contains User A's
ID, the network address of Server B, and the session key (K_s). This
ticket is encrypted using a secret key shared between the KDC and
Server B, ensuring that only Server B can decrypt it.
4. Sending the Ticket : The KDC sends the encrypted ticket back to
User A. Along with the ticket, the KDC also sends a message
encrypted with a key shared between User A and the KDC, which
includes the session key (K_s) and the nonce that User A originally
sent.
5. Accessing the Server : User A then forwards the ticket to Server B
along with the nonce. Server B decrypts the ticket using its secret key,
retrieves the session key (K_s), and verifies that the nonce matches the
one sent by User A. This confirms that the request is timely and not a
replay.
6. Session Establishment : Once Server B verifies the ticket and the
nonce, it can establish a secure session with User A using the session
key (K_s). This key is used for encrypting the communication between
User A and Server B, ensuring confidentiality and integrity.
This method of authentication is efficient and secure, as it minimizes
the exposure of sensitive information and relies on symmetric
encryption to protect the data exchanged during the authentication
process. Additionally, it addresses key issues such as confidentiality
and timeliness, which are crucial in preventing unauthorized access
and replay attacks. |  | 
OR |  |  |  | 
Q. 08 | a | Explain Kerberos Authentication Service with version 4 Dialogue.
Kerberos Authentication Service, particularly in version 4, is designed
to facilitate secure authentication in a distributed network environment.
It operates on the principle of mutual trust between clients and servers,
relying on a centralized authentication server (AS) to mediate this trust. | 4 | 10",pdf
25,"| | in version 4, the authentication process involves several key steps, which can be illustrated through a simple dialogue: 1. client request for ticket-granting ticket (tgt) : the client initiates the process by sending a request to the authentication server (as) for a ticket-granting ticket (tgt). this request includes the client's identity (id_c) and the identity of the ticket granting service (id_tgs) that the client wishes to access. 2. as response with tgt : upon receiving the request, the as verifies the client's identity and, if valid, responds with a tgt. this ticket is encrypted using a key derived from the user's password (k_c), ensuring that only the client can decrypt it. the tgt contains a session key (k_c, tgs) for secure communication between the client and the tgs, along with timestamps and the ticket's lifetime. 3. client requests service-granting ticket : the client then uses the tgt to request a service-granting ticket from the tgs. this request includes the tgt and an authenticator that contains the client's name, network address, and a timestamp. 4. tgs issues service-granting ticket : the tgs decrypts the tgt | |","21cs733 in version 4, the authentication process involves several key steps, which can be illustrated through a simple dialogue: 1. client request for ticket-granting ticket (tgt) : the client initiates the process by sending a request to the authentication server (as) for a ticket-granting ticket (tgt). this request includes the client's identity (id_c) and the identity of the ticket granting service (id_tgs) that the client wishes to access. 2. as response with tgt : upon receiving the request, the as verifies the client's identity and, if valid, responds with a tgt. this ticket is encrypted using a key derived from the user's password (k_c), ensuring that only the client can decrypt it. the tgt contains a session key (k_c, tgs) for secure communication between the client and the tgs, along with timestamps and the ticket's lifetime. 3. client requests service-granting ticket : the client then uses the tgt to request a service-granting ticket from the tgs. this request includes the tgt and an authenticator that contains the client's name, network address, and a timestamp. 4. tgs issues service-granting ticket : the tgs decrypts the tgt join whatsapp channel or group",37,,False,18ff2694-4d92-47b6-851d-6e29e8ad6f0b,Hp,D:20250102181038+05'30',2026-03-29T14:23:34.730798+00:00,21CS733-SOLUTIONS-SET1.pdf,25,pdf,21CS733-SOLUTIONS-SET1,37,,"21CS733
In version 4, the authentication process involves several key steps,
which can be illustrated through a simple dialogue:
1. Client Request for Ticket-Granting Ticket (TGT) : The client
initiates the process by sending a request to the Authentication Server
(AS) for a Ticket-Granting Ticket (TGT). This request includes the
client's identity (ID_C) and the identity of the Ticket Granting Service
(ID_TGS) that the client wishes to access.
2. AS Response with TGT : Upon receiving the request, the AS
verifies the client's identity and, if valid, responds with a TGT. This
ticket is encrypted using a key derived from the user's password (K_c),
ensuring that only the client can decrypt it. The TGT contains a session
key (K_c, tgs) for secure communication between the client and the
TGS, along with timestamps and the ticket's lifetime.
3. Client Requests Service-Granting Ticket : The client then uses the
TGT to request a service-granting ticket from the TGS. This request
includes the TGT and an authenticator that contains the client's name,
network address, and a timestamp.
4. TGS Issues Service-Granting Ticket : The TGS decrypts the TGT
JOIN WHATSAPP CHANNEL
OR GROUP

Tables:
 |  | In version 4, the authentication process involves several key steps,
which can be illustrated through a simple dialogue:
1. Client Request for Ticket-Granting Ticket (TGT) : The client
initiates the process by sending a request to the Authentication Server
(AS) for a Ticket-Granting Ticket (TGT). This request includes the
client's identity (ID_C) and the identity of the Ticket Granting Service
(ID_TGS) that the client wishes to access.
2. AS Response with TGT : Upon receiving the request, the AS
verifies the client's identity and, if valid, responds with a TGT. This
ticket is encrypted using a key derived from the user's password (K_c),
ensuring that only the client can decrypt it. The TGT contains a session
key (K_c, tgs) for secure communication between the client and the
TGS, along with timestamps and the ticket's lifetime.
3. Client Requests Service-Granting Ticket : The client then uses the
TGT to request a service-granting ticket from the TGS. This request
includes the TGT and an authenticator that contains the client's name,
network address, and a timestamp.
4. TGS Issues Service-Granting Ticket : The TGS decrypts the TGT |  | ",pdf
26,"| | and authenticator, verifies the request, and issues a service-granting ticket for the requested application server. this ticket allows the client to access the desired service. 5. client accesses the service : finally, the client sends the service- granting ticket and another authenticator to the application server. the server verifies the ticket and authenticator, and if everything checks out, grants access to the requested service. this dialogue illustrates the essence of the kerberos version 4 protocol, which, while effective, has limitations such as reliance on the des encryption standard and lack of support for interrealm authentication. these shortcomings were addressed in version 5, which introduced enhancements like improved encryption flexibility and the ability to forward credentials across different realms. | | | b | explain remote user-authentication using asymmetric encryption. remote user authentication using asymmetric encryption involves a series of steps that leverage public and private key pairs to ensure secure communication and identity verification over a network. here’s a detailed breakdown of the process: 1. key pair generation : each user generates a pair of keys: a public key, which can be shared with anyone, and a private key, which must be kept secret. the public key is used for encryption, while the private key is used for decryption. 2. authentication request : when a user (let's call them user a) wants to authenticate to a server (server b), user a sends a request to server b. this request typically includes user a's identifier (id_a) and a timestamp to prevent replay attacks. 3. challenge from the server : upon receiving the request, server b generates a challenge, which is a random number (nonce) to ensure the freshness of the authentication attempt. server b encrypts this challenge using user a's public key and sends it back to user a. 4. response from the user : user a receives the encrypted challenge and decrypts it using their private key. user a then responds by encrypting the challenge again, along with their own nonce (to prove they are the one responding) using server b's public key, and sends this back to server b. 5. verification by the server : server b receives the response and decrypts it using its private key. if the decrypted challenge matches the | 4 | 10","21cs733 and authenticator, verifies the request, and issues a service-granting ticket for the requested application server. this ticket allows the client to access the desired service. 5. client accesses the service : finally, the client sends the service- granting ticket and another authenticator to the application server. the server verifies the ticket and authenticator, and if everything checks out, grants access to the requested service. this dialogue illustrates the essence of the kerberos version 4 protocol, which, while effective, has limitations such as reliance on the des encryption standard and lack of support for interrealm authentication. these shortcomings were addressed in version 5, which introduced enhancements like improved encryption flexibility and the ability to forward credentials across different realms. b explain remote user-authentication using asymmetric encryption. 4 10 remote user authentication using asymmetric encryption involves a series of steps that leverage public and private key pairs to ensure secure communication and identity verification over a network. here’s a detailed breakdown of the process: 1. key pair generation : each user generates a pair of keys: a public key, which can be shared with anyone, and a private key, which must be kept secret. the public key is used for encryption, while the private key is used for decryption. 2. authentication request : when a user (let's call them user a) wants to authenticate to a server (server b), user a sends a request to server b. this request typically includes user a's identifier (id_a) and a timestamp to prevent replay attacks. 3. challenge from the server : upon receiving the request, server b generates a challenge, which is a random number (nonce) to ensure the freshness of the authentication attempt. server b encrypts this challenge using user a's public key and sends it back to user a. 4. response from the user : user a receives the encrypted challenge and decrypts it using their private key. user a then responds by encrypting the challenge again, along with their own nonce (to prove they are the one responding) using server b's public key, and sends this back to server b. 5. verification by the server : server b receives the response and decrypts it using its private key. if the decrypted challenge matches the join whatsapp channel or group",37,,False,c407500d-0e09-4bbf-873b-d168e5220550,Hp,D:20250102181038+05'30',2026-03-29T14:23:34.976208+00:00,21CS733-SOLUTIONS-SET1.pdf,26,pdf,21CS733-SOLUTIONS-SET1,37,,"21CS733
and authenticator, verifies the request, and issues a service-granting
ticket for the requested application server. This ticket allows the client
to access the desired service.
5. Client Accesses the Service : Finally, the client sends the service-
granting ticket and another authenticator to the application server. The
server verifies the ticket and authenticator, and if everything checks
out, grants access to the requested service.
This dialogue illustrates the essence of the Kerberos version 4 protocol,
which, while effective, has limitations such as reliance on the DES
encryption standard and lack of support for interrealm authentication.
These shortcomings were addressed in version 5, which introduced
enhancements like improved encryption flexibility and the ability to
forward credentials across different realms.
b Explain Remote user-authentication using asymmetric encryption. 4 10
Remote user authentication using asymmetric encryption involves a
series of steps that leverage public and private key pairs to ensure
secure communication and identity verification over a network. Here’s
a detailed breakdown of the process:
1. Key Pair Generation : Each user generates a pair of keys: a public
key, which can be shared with anyone, and a private key, which must
be kept secret. The public key is used for encryption, while the private
key is used for decryption.
2. Authentication Request : When a user (let's call them User A) wants
to authenticate to a server (Server B), User A sends a request to Server
B. This request typically includes User A's identifier (ID_A) and a
timestamp to prevent replay attacks.
3. Challenge from the Server : Upon receiving the request, Server B
generates a challenge, which is a random number (nonce) to ensure the
freshness of the authentication attempt. Server B encrypts this
challenge using User A's public key and sends it back to User A.
4. Response from the User : User A receives the encrypted challenge
and decrypts it using their private key. User A then responds by
encrypting the challenge again, along with their own nonce (to prove
they are the one responding) using Server B's public key, and sends
this back to Server B.
5. Verification by the Server : Server B receives the response and
decrypts it using its private key. If the decrypted challenge matches the
JOIN WHATSAPP CHANNEL
OR GROUP

Tables:
 |  | and authenticator, verifies the request, and issues a service-granting
ticket for the requested application server. This ticket allows the client
to access the desired service.
5. Client Accesses the Service : Finally, the client sends the service-
granting ticket and another authenticator to the application server. The
server verifies the ticket and authenticator, and if everything checks
out, grants access to the requested service.
This dialogue illustrates the essence of the Kerberos version 4 protocol,
which, while effective, has limitations such as reliance on the DES
encryption standard and lack of support for interrealm authentication.
These shortcomings were addressed in version 5, which introduced
enhancements like improved encryption flexibility and the ability to
forward credentials across different realms. |  | 
 | b | Explain Remote user-authentication using asymmetric encryption.
Remote user authentication using asymmetric encryption involves a
series of steps that leverage public and private key pairs to ensure
secure communication and identity verification over a network. Here’s
a detailed breakdown of the process:
1. Key Pair Generation : Each user generates a pair of keys: a public
key, which can be shared with anyone, and a private key, which must
be kept secret. The public key is used for encryption, while the private
key is used for decryption.
2. Authentication Request : When a user (let's call them User A) wants
to authenticate to a server (Server B), User A sends a request to Server
B. This request typically includes User A's identifier (ID_A) and a
timestamp to prevent replay attacks.
3. Challenge from the Server : Upon receiving the request, Server B
generates a challenge, which is a random number (nonce) to ensure the
freshness of the authentication attempt. Server B encrypts this
challenge using User A's public key and sends it back to User A.
4. Response from the User : User A receives the encrypted challenge
and decrypts it using their private key. User A then responds by
encrypting the challenge again, along with their own nonce (to prove
they are the one responding) using Server B's public key, and sends
this back to Server B.
5. Verification by the Server : Server B receives the response and
decrypts it using its private key. If the decrypted challenge matches the | 4 | 10",pdf
27,"| | original challenge it sent, and the nonce from user a is valid, server b can confirm user a's identity. 6. session key establishment : once authenticated, both parties can establish a session key for secure communication. this session key can be used for symmetric encryption during their interaction, ensuring confidentiality and integrity of the data exchanged. this method of authentication is particularly robust because it does not require the transmission of sensitive information, such as passwords, over the network. instead, it relies on the security of the private keys and the encryption process, making it resistant to eavesdropping and replay attacks. additionally, the use of timestamps and nonces helps to ensure that each authentication attempt is unique and timely, further enhancing security. asymmetric encryption provides a secure framework for remote user authentication, allowing users to verify their identities without exposing sensitive credentials. | | module-5 download | | | | q. 09 | a | explain benefits and routing applications of ipsec ipsec, or internet protocol security, offers several significant benefits and plays a crucial role in routing applications. here’s a detailed overview: an ip security scenario | 5 | 6","21cs733 original challenge it sent, and the nonce from user a is valid, server b can confirm user a's identity. 6. session key establishment : once authenticated, both parties can establish a session key for secure communication. this session key can be used for symmetric encryption during their interaction, ensuring confidentiality and integrity of the data exchanged. this method of authentication is particularly robust because it does not require the transmission of sensitive information, such as passwords, over the network. instead, it relies on the security of the private keys and the encryption process, making it resistant to eavesdropping and replay attacks. additionally, the use of timestamps and nonces helps to ensure that each authentication attempt is unique and timely, further enhancing security. asymmetric encryption provides a secure framework for remote user authentication, allowing users to verify their identities without exposing sensitive credentials. module-5 download q. 09 a explain benefits and routing applications of ipsec 5 6 ipsec, or internet protocol security, offers several significant benefits and plays a crucial role in routing applications. here’s a detailed overview: an ip security scenario join whatsapp channel or group",37,,False,6b1da2e4-eb53-451c-a6ab-02246040e5fa,Hp,D:20250102181038+05'30',2026-03-29T14:23:35.205017+00:00,21CS733-SOLUTIONS-SET1.pdf,27,pdf,21CS733-SOLUTIONS-SET1,37,,"21CS733
original challenge it sent, and the nonce from User A is valid, Server B
can confirm User A's identity.
6. Session Key Establishment : Once authenticated, both parties can
establish a session key for secure communication. This session key can
be used for symmetric encryption during their interaction, ensuring
confidentiality and integrity of the data exchanged.
This method of authentication is particularly robust because it does not
require the transmission of sensitive information, such as passwords,
over the network. Instead, it relies on the security of the private keys
and the encryption process, making it resistant to eavesdropping and
replay attacks. Additionally, the use of timestamps and nonces helps to
ensure that each authentication attempt is unique and timely, further
enhancing security.
asymmetric encryption provides a secure framework for remote user
authentication, allowing users to verify their identities without
exposing sensitive credentials.
Module-5
Download
Q. 09 a Explain benefits and routing applications of IPSec 5 6
IPsec, or Internet Protocol Security, offers several significant benefits
and plays a crucial role in routing applications. Here’s a detailed
overview:
An IP Security Scenario
JOIN WHATSAPP CHANNEL
OR GROUP

Tables:
 |  | original challenge it sent, and the nonce from User A is valid, Server B
can confirm User A's identity.
6. Session Key Establishment : Once authenticated, both parties can
establish a session key for secure communication. This session key can
be used for symmetric encryption during their interaction, ensuring
confidentiality and integrity of the data exchanged.
This method of authentication is particularly robust because it does not
require the transmission of sensitive information, such as passwords,
over the network. Instead, it relies on the security of the private keys
and the encryption process, making it resistant to eavesdropping and
replay attacks. Additionally, the use of timestamps and nonces helps to
ensure that each authentication attempt is unique and timely, further
enhancing security.
asymmetric encryption provides a secure framework for remote user
authentication, allowing users to verify their identities without
exposing sensitive credentials. |  | 
Module-5
Download |  |  |  | 
Q. 09 | a | Explain benefits and routing applications of IPSec
IPsec, or Internet Protocol Security, offers several significant benefits
and plays a crucial role in routing applications. Here’s a detailed
overview:
An IP Security Scenario | 5 | 6",pdf
28,"| | benefits of ipsec: 1. comprehensive security : when implemented in a firewall or router, ipsec provides robust security for all traffic crossing the network perimeter. this means that any data entering or leaving the organization is protected, ensuring confidentiality and integrity. 2. efficiency : ipsec operates below the transport layer (tcp, udp), making it transparent to applications. this means that existing software on user or server systems does not need to be modified when ipsec is implemented, reducing the overhead of security-related processing within the internal network. 3. resistance to bypass : by ensuring that all traffic from the outside must pass through the firewall, ipsec minimizes the risk of unauthorized access. this is particularly important for organizations that need to maintain strict security protocols. 4. user transparency : end users do not need to be trained on security mechanisms, nor do they need to manage keying material. this simplifies the user experience and reduces administrative overhead, as there’s no need to revoke or issue keys when users leave the organization. 5. support for various applications : ipsec can secure a wide range of applications, including remote logon, email, file transfer, and web access, by encrypting and authenticating all traffic at the ip level. routing applications of ipsec: 1. secure router advertisements : ipsec ensures that router advertisements come from authorized routers, preventing unauthorized devices from disrupting network communications. 2. neighbor advertisements : it verifies that neighbor advertisements, which are essential for maintaining relationships between routers in different routing domains, originate from legitimate sources. 3. routing updates : ipsec protects against forged routing updates, ensuring that the routing information exchanged between routers is authentic and reliable. 4. secure branch office connectivity : organizations can create secure virtual private networks (vpns) over the internet, allowing branch offices to connect securely without relying solely on private networks, which can be costly. | |","21cs733 benefits of ipsec: 1. comprehensive security : when implemented in a firewall or router, ipsec provides robust security for all traffic crossing the network perimeter. this means that any data entering or leaving the organization is protected, ensuring confidentiality and integrity. 2. efficiency : ipsec operates below the transport layer (tcp, udp), making it transparent to applications. this means that existing software on user or server systems does not need to be modified when ipsec is implemented, reducing the overhead of security-related processing within the internal network. 3. resistance to bypass : by ensuring that all traffic from the outside must pass through the firewall, ipsec minimizes the risk of unauthorized access. this is particularly important for organizations that need to maintain strict security protocols. 4. user transparency : end users do not need to be trained on security mechanisms, nor do they need to manage keying material. this simplifies the user experience and reduces administrative overhead, as there’s no need to revoke or issue keys when users leave the organization. 5. support for various applications : ipsec can secure a wide range of applications, including remote logon, email, file transfer, and web access, by encrypting and authenticating all traffic at the ip level. routing applications of ipsec: 1. secure router advertisements : ipsec ensures that router advertisements come from authorized routers, preventing unauthorized devices from disrupting network communications. 2. neighbor advertisements : it verifies that neighbor advertisements, which are essential for maintaining relationships between routers in different routing domains, originate from legitimate sources. 3. routing updates : ipsec protects against forged routing updates, ensuring that the routing information exchanged between routers is authentic and reliable. 4. secure branch office connectivity : organizations can create secure virtual private networks (vpns) over the internet, allowing branch offices to connect securely without relying solely on private networks, which can be costly. join whatsapp channel or group",37,,False,7744f1b9-fb03-4f30-acab-c9724981e2b1,Hp,D:20250102181038+05'30',2026-03-29T14:23:35.446511+00:00,21CS733-SOLUTIONS-SET1.pdf,28,pdf,21CS733-SOLUTIONS-SET1,37,,"21CS733
Benefits of IPsec:
1. Comprehensive Security : When implemented in a firewall or
router, IPsec provides robust security for all traffic crossing the
network perimeter. This means that any data entering or leaving the
organization is protected, ensuring confidentiality and integrity.
2. Efficiency : IPsec operates below the transport layer (TCP, UDP),
making it transparent to applications. This means that existing software
on user or server systems does not need to be modified when IPsec is
implemented, reducing the overhead of security-related processing
within the internal network.
3. Resistance to Bypass : By ensuring that all traffic from the outside
must pass through the firewall, IPsec minimizes the risk of
unauthorized access. This is particularly important for organizations
that need to maintain strict security protocols.
4. User Transparency : End users do not need to be trained on security
mechanisms, nor do they need to manage keying material. This
simplifies the user experience and reduces administrative overhead, as
there’s no need to revoke or issue keys when users leave the
organization.
5. Support for Various Applications : IPsec can secure a wide range of
applications, including remote logon, email, file transfer, and web
access, by encrypting and authenticating all traffic at the IP level.
Routing Applications of IPsec:
1. Secure Router Advertisements : IPsec ensures that router
advertisements come from authorized routers, preventing unauthorized
devices from disrupting network communications.
2. Neighbor Advertisements : It verifies that neighbor advertisements,
which are essential for maintaining relationships between routers in
different routing domains, originate from legitimate sources.
3. Routing Updates : IPsec protects against forged routing updates,
ensuring that the routing information exchanged between routers is
authentic and reliable.
4. Secure Branch Office Connectivity : Organizations can create
secure virtual private networks (VPNs) over the Internet, allowing
branch offices to connect securely without relying solely on private
networks, which can be costly.
JOIN WHATSAPP CHANNEL
OR GROUP

Tables:
 |  | Benefits of IPsec:
1. Comprehensive Security : When implemented in a firewall or
router, IPsec provides robust security for all traffic crossing the
network perimeter. This means that any data entering or leaving the
organization is protected, ensuring confidentiality and integrity.
2. Efficiency : IPsec operates below the transport layer (TCP, UDP),
making it transparent to applications. This means that existing software
on user or server systems does not need to be modified when IPsec is
implemented, reducing the overhead of security-related processing
within the internal network.
3. Resistance to Bypass : By ensuring that all traffic from the outside
must pass through the firewall, IPsec minimizes the risk of
unauthorized access. This is particularly important for organizations
that need to maintain strict security protocols.
4. User Transparency : End users do not need to be trained on security
mechanisms, nor do they need to manage keying material. This
simplifies the user experience and reduces administrative overhead, as
there’s no need to revoke or issue keys when users leave the
organization.
5. Support for Various Applications : IPsec can secure a wide range of
applications, including remote logon, email, file transfer, and web
access, by encrypting and authenticating all traffic at the IP level.
Routing Applications of IPsec:
1. Secure Router Advertisements : IPsec ensures that router
advertisements come from authorized routers, preventing unauthorized
devices from disrupting network communications.
2. Neighbor Advertisements : It verifies that neighbor advertisements,
which are essential for maintaining relationships between routers in
different routing domains, originate from legitimate sources.
3. Routing Updates : IPsec protects against forged routing updates,
ensuring that the routing information exchanged between routers is
authentic and reliable.
4. Secure Branch Office Connectivity : Organizations can create
secure virtual private networks (VPNs) over the Internet, allowing
branch offices to connect securely without relying solely on private
networks, which can be costly. |  | ",pdf
29,"| | 5. remote access security : employees can securely access company networks from remote locations, reducing costs associated with toll charges for traveling employees and telecommuters. 6. extranet and intranet connectivity : ipsec can secure communications with partners and other organizations, ensuring that sensitive data is transmitted securely and that authentication and confidentiality are maintained. ipsec not only enhances the security of network communications but also plays a vital role in ensuring the integrity and authenticity of routing protocols, making it an essential component of modern network architecture. | | | b | explain ip security architecture. ip security architecture, commonly referred to as ipsec, is a framework designed to secure internet protocol (ip) communications through a suite of protocols that provide various security services. the architecture encompasses several key components and functionalities aimed at ensuring the confidentiality, integrity, and authenticity of data transmitted over ip networks. ipsec document overview | 5 | 6","21cs733 5. remote access security : employees can securely access company networks from remote locations, reducing costs associated with toll charges for traveling employees and telecommuters. 6. extranet and intranet connectivity : ipsec can secure communications with partners and other organizations, ensuring that sensitive data is transmitted securely and that authentication and confidentiality are maintained. ipsec not only enhances the security of network communications but also plays a vital role in ensuring the integrity and authenticity of routing protocols, making it an essential component of modern network architecture. b explain ip security architecture. 5 6 ip security architecture, commonly referred to as ipsec, is a framework designed to secure internet protocol (ip) communications through a suite of protocols that provide various security services. the architecture encompasses several key components and functionalities aimed at ensuring the confidentiality, integrity, and authenticity of data transmitted over ip networks. ipsec document overview join whatsapp channel or group",37,,False,c25067c0-66c2-4c30-b823-4fcc7ec121eb,Hp,D:20250102181038+05'30',2026-03-29T14:23:35.594026+00:00,21CS733-SOLUTIONS-SET1.pdf,29,pdf,21CS733-SOLUTIONS-SET1,37,,"21CS733
5. Remote Access Security : Employees can securely access company
networks from remote locations, reducing costs associated with toll
charges for traveling employees and telecommuters.
6. Extranet and Intranet Connectivity : IPsec can secure
communications with partners and other organizations, ensuring that
sensitive data is transmitted securely and that authentication and
confidentiality are maintained.
IPsec not only enhances the security of network communications but
also plays a vital role in ensuring the integrity and authenticity of
routing protocols, making it an essential component of modern
network architecture.
b Explain IP security Architecture. 5 6
IP security architecture, commonly referred to as IPsec, is a framework
designed to secure Internet Protocol (IP) communications through a
suite of protocols that provide various security services. The
architecture encompasses several key components and functionalities
aimed at ensuring the confidentiality, integrity, and authenticity of data
transmitted over IP networks.
IPSec Document Overview
JOIN WHATSAPP CHANNEL
OR GROUP

Tables:
 |  | 5. Remote Access Security : Employees can securely access company
networks from remote locations, reducing costs associated with toll
charges for traveling employees and telecommuters.
6. Extranet and Intranet Connectivity : IPsec can secure
communications with partners and other organizations, ensuring that
sensitive data is transmitted securely and that authentication and
confidentiality are maintained.
IPsec not only enhances the security of network communications but
also plays a vital role in ensuring the integrity and authenticity of
routing protocols, making it an essential component of modern
network architecture. |  | 
 | b | Explain IP security Architecture.
IP security architecture, commonly referred to as IPsec, is a framework
designed to secure Internet Protocol (IP) communications through a
suite of protocols that provide various security services. The
architecture encompasses several key components and functionalities
aimed at ensuring the confidentiality, integrity, and authenticity of data
transmitted over IP networks.
IPSec Document Overview | 5 | 6",pdf
30,"| | 1. core components : - authentication : this ensures that the data comes from a legitimate source. ipsec uses mechanisms like the authentication header (ah) to provide message authentication. - confidentiality : this is achieved through encryption, primarily using the encapsulating security payload (esp), which encrypts the data being transmitted to prevent unauthorized access. - key management : ipsec includes protocols for managing cryptographic keys, which are essential for establishing secure communications. the internet key exchange (ike) protocol is commonly used for this purpose. 2. architecture overview : - the ipsec architecture is defined in several rfcs, with rfc 4301 outlining the security architecture for the internet protocol. it specifies how ipsec can be implemented to secure both ipv4 and ipv6 traffic. - ipsec operates at the network layer, meaning it can secure all traffic that passes through the ip layer, including various applications like email, file transfers, and web access. 3. modes of operation : - transport mode : in this mode, only the payload of the ip packet is encrypted and/or authenticated. this is typically used for end-to-end communication between two hosts. - tunnel mode : this mode encapsulates the entire original ip packet within a new ip packet, providing a secure tunnel for the data. this is commonly used for virtual private networks (vpns), allowing secure communication between different networks over the internet. 4. applications of ipsec : - ipsec can be used for secure branch office connectivity, remote access for telecommuters, and enhancing the security of electronic commerce transactions. it allows organizations to create secure virtual private networks over the internet, reducing reliance on private networks and associated costs. 5. security associations (sas) : - ipsec uses security associations to define the parameters for the secure communication between two parties. these associations can be established manually or automatically, depending on the network environment. ipsec provides a comprehensive framework for securing ip communications through a combination of authentication, encryption, | |","21cs733 1. core components : - authentication : this ensures that the data comes from a legitimate source. ipsec uses mechanisms like the authentication header (ah) to provide message authentication. - confidentiality : this is achieved through encryption, primarily using the encapsulating security payload (esp), which encrypts the data being transmitted to prevent unauthorized access. - key management : ipsec includes protocols for managing cryptographic keys, which are essential for establishing secure communications. the internet key exchange (ike) protocol is commonly used for this purpose. 2. architecture overview : - the ipsec architecture is defined in several rfcs, with rfc 4301 outlining the security architecture for the internet protocol. it specifies how ipsec can be implemented to secure both ipv4 and ipv6 traffic. - ipsec operates at the network layer, meaning it can secure all traffic that passes through the ip layer, including various applications like email, file transfers, and web access. 3. modes of operation : - transport mode : in this mode, only the payload of the ip packet is encrypted and/or authenticated. this is typically used for end-to-end communication between two hosts. - tunnel mode : this mode encapsulates the entire original ip packet within a new ip packet, providing a secure tunnel for the data. this is commonly used for virtual private networks (vpns), allowing secure communication between different networks over the internet. 4. applications of ipsec : - ipsec can be used for secure branch office connectivity, remote access for telecommuters, and enhancing the security of electronic commerce transactions. it allows organizations to create secure virtual private networks over the internet, reducing reliance on private networks and associated costs. 5. security associations (sas) : - ipsec uses security associations to define the parameters for the secure communication between two parties. these associations can be established manually or automatically, depending on the network environment. ipsec provides a comprehensive framework for securing ip communications through a combination of authentication, encryption, join whatsapp channel or group",37,,False,bd8eb89b-1c3a-4483-968b-1d67581a7132,Hp,D:20250102181038+05'30',2026-03-29T14:23:35.836456+00:00,21CS733-SOLUTIONS-SET1.pdf,30,pdf,21CS733-SOLUTIONS-SET1,37,,"21CS733
1. Core Components :
- Authentication : This ensures that the data comes from a legitimate
source. IPsec uses mechanisms like the Authentication Header (AH) to
provide message authentication.
- Confidentiality : This is achieved through encryption, primarily
using the Encapsulating Security Payload (ESP), which encrypts the
data being transmitted to prevent unauthorized access.
- Key Management : IPsec includes protocols for managing
cryptographic keys, which are essential for establishing secure
communications. The Internet Key Exchange (IKE) protocol is
commonly used for this purpose.
2. Architecture Overview :
- The IPsec architecture is defined in several RFCs, with RFC 4301
outlining the security architecture for the Internet Protocol. It specifies
how IPsec can be implemented to secure both IPv4 and IPv6 traffic.
- IPsec operates at the network layer, meaning it can secure all traffic
that passes through the IP layer, including various applications like
email, file transfers, and web access.
3. Modes of Operation :
- Transport Mode : In this mode, only the payload of the IP packet is
encrypted and/or authenticated. This is typically used for end-to-end
communication between two hosts.
- Tunnel Mode : This mode encapsulates the entire original IP
packet within a new IP packet, providing a secure tunnel for the data.
This is commonly used for Virtual Private Networks (VPNs), allowing
secure communication between different networks over the Internet.
4. Applications of IPsec :
- IPsec can be used for secure branch office connectivity, remote
access for telecommuters, and enhancing the security of electronic
commerce transactions. It allows organizations to create secure virtual
private networks over the Internet, reducing reliance on private
networks and associated costs.
5. Security Associations (SAs) :
- IPsec uses Security Associations to define the parameters for the
secure communication between two parties. These associations can be
established manually or automatically, depending on the network
environment.
IPsec provides a comprehensive framework for securing IP
communications through a combination of authentication, encryption,
JOIN WHATSAPP CHANNEL
OR GROUP

Tables:
 |  | 1. Core Components :
- Authentication : This ensures that the data comes from a legitimate
source. IPsec uses mechanisms like the Authentication Header (AH) to
provide message authentication.
- Confidentiality : This is achieved through encryption, primarily
using the Encapsulating Security Payload (ESP), which encrypts the
data being transmitted to prevent unauthorized access.
- Key Management : IPsec includes protocols for managing
cryptographic keys, which are essential for establishing secure
communications. The Internet Key Exchange (IKE) protocol is
commonly used for this purpose.
2. Architecture Overview :
- The IPsec architecture is defined in several RFCs, with RFC 4301
outlining the security architecture for the Internet Protocol. It specifies
how IPsec can be implemented to secure both IPv4 and IPv6 traffic.
- IPsec operates at the network layer, meaning it can secure all traffic
that passes through the IP layer, including various applications like
email, file transfers, and web access.
3. Modes of Operation :
- Transport Mode : In this mode, only the payload of the IP packet is
encrypted and/or authenticated. This is typically used for end-to-end
communication between two hosts.
- Tunnel Mode : This mode encapsulates the entire original IP
packet within a new IP packet, providing a secure tunnel for the data.
This is commonly used for Virtual Private Networks (VPNs), allowing
secure communication between different networks over the Internet.
4. Applications of IPsec :
- IPsec can be used for secure branch office connectivity, remote
access for telecommuters, and enhancing the security of electronic
commerce transactions. It allows organizations to create secure virtual
private networks over the Internet, reducing reliance on private
networks and associated costs.
5. Security Associations (SAs) :
- IPsec uses Security Associations to define the parameters for the
secure communication between two parties. These associations can be
established manually or automatically, depending on the network
environment.
IPsec provides a comprehensive framework for securing IP
communications through a combination of authentication, encryption, |  | ",pdf
31,"| | and key management, making it a vital component of modern network security strategies. | | | c | explain security associations with sa parameters security associations (sas) are a fundamental concept in ipsec, providing a one-way logical connection between a sender and a receiver that ensures security services for the traffic transmitted over it. if two-way secure communication is required, two separate sas are needed. each sa is uniquely identified by three key parameters: 1. security parameters index (spi) : this is a 32-bit unsigned integer that is assigned to the sa and is significant only locally. the spi is included in the authentication header (ah) and encapsulating security payload (esp) headers, allowing the receiving system to identify which sa to use for processing a received packet. 2. ip destination address : this parameter specifies the address of the destination endpoint for the sa. this could be an end-user system or a network device such as a firewall or router. 3. security protocol identifier : this field, found in the outer ip header, indicates whether the sa is an ah or esp security association. in any ip packet, the combination of the destination address in the ipv4 or ipv6 header and the spi in the extension header (ah or esp) uniquely identifies the security association. additionally, sas can be organized into bundles to provide a desired set of ipsec services. there are two primary methods for combining sas: - transport adjacency : this method applies multiple security protocols to the same ip packet without using tunneling. it allows for a single level of combination, as further nesting does not yield additional benefits. - iterated tunneling : this approach involves applying multiple layers of security protocols through ip tunneling, allowing for multiple levels of security to be implemented. sas are crucial for establishing secure communication channels in ipsec, enabling various configurations and flexibility in how security services are applied to ip traffic. | 5 | 8","21cs733 and key management, making it a vital component of modern network security strategies. c explain security associations with sa parameters 5 8 security associations (sas) are a fundamental concept in ipsec, providing a one-way logical connection between a sender and a receiver that ensures security services for the traffic transmitted over it. if two-way secure communication is required, two separate sas are needed. each sa is uniquely identified by three key parameters: 1. security parameters index (spi) : this is a 32-bit unsigned integer that is assigned to the sa and is significant only locally. the spi is included in the authentication header (ah) and encapsulating security payload (esp) headers, allowing the receiving system to identify which sa to use for processing a received packet. 2. ip destination address : this parameter specifies the address of the destination endpoint for the sa. this could be an end-user system or a network device such as a firewall or router. 3. security protocol identifier : this field, found in the outer ip header, indicates whether the sa is an ah or esp security association. in any ip packet, the combination of the destination address in the ipv4 or ipv6 header and the spi in the extension header (ah or esp) uniquely identifies the security association. additionally, sas can be organized into bundles to provide a desired set of ipsec services. there are two primary methods for combining sas: - transport adjacency : this method applies multiple security protocols to the same ip packet without using tunneling. it allows for a single level of combination, as further nesting does not yield additional benefits. - iterated tunneling : this approach involves applying multiple layers of security protocols through ip tunneling, allowing for multiple levels of security to be implemented. sas are crucial for establishing secure communication channels in ipsec, enabling various configurations and flexibility in how security services are applied to ip traffic. join whatsapp channel or group",37,,False,c373c408-7b14-42bc-97e0-933e0327a15b,Hp,D:20250102181038+05'30',2026-03-29T14:23:36.057323+00:00,21CS733-SOLUTIONS-SET1.pdf,31,pdf,21CS733-SOLUTIONS-SET1,37,,"21CS733
and key management, making it a vital component of modern network
security strategies.
c Explain Security Associations with SA Parameters 5 8
Security Associations (SAs) are a fundamental concept in IPsec,
providing a one-way logical connection between a sender and a
receiver that ensures security services for the traffic transmitted over it.
If two-way secure communication is required, two separate SAs are
needed. Each SA is uniquely identified by three key parameters:
1. Security Parameters Index (SPI) : This is a 32-bit unsigned integer
that is assigned to the SA and is significant only locally. The SPI is
included in the Authentication Header (AH) and Encapsulating
Security Payload (ESP) headers, allowing the receiving system to
identify which SA to use for processing a received packet.
2. IP Destination Address : This parameter specifies the address of the
destination endpoint for the SA. This could be an end-user system or a
network device such as a firewall or router.
3. Security Protocol Identifier : This field, found in the outer IP
header, indicates whether the SA is an AH or ESP security association.
In any IP packet, the combination of the destination address in the IPv4
or IPv6 header and the SPI in the extension header (AH or ESP)
uniquely identifies the security association.
Additionally, SAs can be organized into bundles to provide a desired
set of IPsec services. There are two primary methods for combining
SAs:
- Transport adjacency : This method applies multiple security
protocols to the same IP packet without using tunneling. It allows for a
single level of combination, as further nesting does not yield additional
benefits.
- Iterated tunneling : This approach involves applying multiple layers
of security protocols through IP tunneling, allowing for multiple levels
of security to be implemented.
SAs are crucial for establishing secure communication channels in
IPsec, enabling various configurations and flexibility in how security
services are applied to IP traffic.
JOIN WHATSAPP CHANNEL
OR GROUP

Tables:
 |  | and key management, making it a vital component of modern network
security strategies. |  | 
 | c | Explain Security Associations with SA Parameters
Security Associations (SAs) are a fundamental concept in IPsec,
providing a one-way logical connection between a sender and a
receiver that ensures security services for the traffic transmitted over it.
If two-way secure communication is required, two separate SAs are
needed. Each SA is uniquely identified by three key parameters:
1. Security Parameters Index (SPI) : This is a 32-bit unsigned integer
that is assigned to the SA and is significant only locally. The SPI is
included in the Authentication Header (AH) and Encapsulating
Security Payload (ESP) headers, allowing the receiving system to
identify which SA to use for processing a received packet.
2. IP Destination Address : This parameter specifies the address of the
destination endpoint for the SA. This could be an end-user system or a
network device such as a firewall or router.
3. Security Protocol Identifier : This field, found in the outer IP
header, indicates whether the SA is an AH or ESP security association.
In any IP packet, the combination of the destination address in the IPv4
or IPv6 header and the SPI in the extension header (AH or ESP)
uniquely identifies the security association.
Additionally, SAs can be organized into bundles to provide a desired
set of IPsec services. There are two primary methods for combining
SAs:
- Transport adjacency : This method applies multiple security
protocols to the same IP packet without using tunneling. It allows for a
single level of combination, as further nesting does not yield additional
benefits.
- Iterated tunneling : This approach involves applying multiple layers
of security protocols through IP tunneling, allowing for multiple levels
of security to be implemented.
SAs are crucial for establishing secure communication channels in
IPsec, enabling various configurations and flexibility in how security
services are applied to IP traffic. | 5 | 8",pdf
32,"or | | | | q. 10 | a | explain authentication header with figure the authentication header (ah) is an extension header used in the ipsec protocol suite to provide message authentication. its primary purpose is to ensure the integrity and authenticity of the data being transmitted over the network. ah achieves this by adding a header to the ip packet that contains authentication information, which is used to verify that the data has not been altered during transmission. in the context of ipsec, the ah is designed to protect the entire ip packet, including the ip header and the payload, except for mutable fields in the ip header (like the time to live field). this means that the ah provides a way to authenticate the sender and ensure that the message has not been tampered with. key features of the authentication header: 1. integrity : ensures that the data has not been modified in transit. 2. authentication : confirms the identity of the sender. 3. replay protection : prevents attackers from capturing and re- sending packets. figure explanation: while i can't display a figure directly, i can describe what such a figure would typically illustrate: - original ip packet : the figure would show an original ip packet with its header and payload. - ah header : the ah header would be added after the original ip header, indicating that it is an extension to the ip packet. - authentication data : the figure would depict the authentication data field that is appended to the packet, which contains the hash of the packet data, ensuring integrity and authenticity. | 5 | 5","21cs733 or q. 10 a explain authentication header with figure 5 5 the authentication header (ah) is an extension header used in the ipsec protocol suite to provide message authentication. its primary purpose is to ensure the integrity and authenticity of the data being transmitted over the network. ah achieves this by adding a header to the ip packet that contains authentication information, which is used to verify that the data has not been altered during transmission. in the context of ipsec, the ah is designed to protect the entire ip packet, including the ip header and the payload, except for mutable fields in the ip header (like the time to live field). this means that the ah provides a way to authenticate the sender and ensure that the message has not been tampered with. key features of the authentication header: 1. integrity : ensures that the data has not been modified in transit. 2. authentication : confirms the identity of the sender. 3. replay protection : prevents attackers from capturing and re- sending packets. figure explanation: while i can't display a figure directly, i can describe what such a figure would typically illustrate: - original ip packet : the figure would show an original ip packet with its header and payload. - ah header : the ah header would be added after the original ip header, indicating that it is an extension to the ip packet. - authentication data : the figure would depict the authentication data field that is appended to the packet, which contains the hash of the packet data, ensuring integrity and authenticity. join whatsapp channel or group [type here]",37,,False,e9d0ff05-2a93-4779-b7dc-88630b259dee,Hp,D:20250102181038+05'30',2026-03-29T14:23:36.251146+00:00,21CS733-SOLUTIONS-SET1.pdf,32,pdf,21CS733-SOLUTIONS-SET1,37,,"21CS733
OR
Q. 10 a Explain Authentication Header with figure 5 5
The Authentication Header (AH) is an extension header used in the
IPsec protocol suite to provide message authentication. Its primary
purpose is to ensure the integrity and authenticity of the data being
transmitted over the network. AH achieves this by adding a header to
the IP packet that contains authentication information, which is used to
verify that the data has not been altered during transmission.
In the context of IPsec, the AH is designed to protect the entire IP
packet, including the IP header and the payload, except for mutable
fields in the IP header (like the Time to Live field). This means that the
AH provides a way to authenticate the sender and ensure that the
message has not been tampered with.
Key Features of the Authentication Header:
1. Integrity : Ensures that the data has not been modified in transit.
2. Authentication : Confirms the identity of the sender.
3. Replay Protection : Prevents attackers from capturing and re-
sending packets.
Figure Explanation:
While I can't display a figure directly, I can describe what such a figure
would typically illustrate:
- Original IP Packet : The figure would show an original IP packet
with its header and payload.
- AH Header : The AH header would be added after the original IP
header, indicating that it is an extension to the IP packet.
- Authentication Data : The figure would depict the authentication data
field that is appended to the packet, which contains the hash of the
packet data, ensuring integrity and authenticity.
JOIN WHATSAPP CHANNEL
OR GROUP
[Type here]

Tables:
OR |  |  |  | 
Q. 10 | a | Explain Authentication Header with figure
The Authentication Header (AH) is an extension header used in the
IPsec protocol suite to provide message authentication. Its primary
purpose is to ensure the integrity and authenticity of the data being
transmitted over the network. AH achieves this by adding a header to
the IP packet that contains authentication information, which is used to
verify that the data has not been altered during transmission.
In the context of IPsec, the AH is designed to protect the entire IP
packet, including the IP header and the payload, except for mutable
fields in the IP header (like the Time to Live field). This means that the
AH provides a way to authenticate the sender and ensure that the
message has not been tampered with.
Key Features of the Authentication Header:
1. Integrity : Ensures that the data has not been modified in transit.
2. Authentication : Confirms the identity of the sender.
3. Replay Protection : Prevents attackers from capturing and re-
sending packets.
Figure Explanation:
While I can't display a figure directly, I can describe what such a figure
would typically illustrate:
- Original IP Packet : The figure would show an original IP packet
with its header and payload.
- AH Header : The AH header would be added after the original IP
header, indicating that it is an extension to the IP packet.
- Authentication Data : The figure would depict the authentication data
field that is appended to the packet, which contains the hash of the
packet data, ensuring integrity and authenticity. | 5 | 5",pdf
33,"| | operation: when a sender transmits a packet using ah, the following steps occur: 1. the sender creates the original ip packet. 2. a hash of the packet (including the ip header and payload) is generated. 3. this hash is then included in the ah header. 4. the entire packet, now with the ah header, is sent to the receiver. 5. upon receiving the packet, the receiver can compute the hash of the received packet and compare it with the hash in the ah header to verify integrity and authenticity. the authentication header is a crucial component of ipsec that provides a robust mechanism for ensuring the integrity and authenticity of ip packets, making it an essential part of secure communications over the internet. | | | b | explain esp header with figure the encapsulating security payload (esp) header is a crucial component of the ipsec protocol suite, designed to provide various security services such as confidentiality, data origin authentication, and integrity for ip packets. the esp header is structured to facilitate these services effectively. esp header structure the esp packet format consists of several key fields: 1. security parameters index (spi) : this 32-bit field identifies the security association (sa) in use. it helps the receiving system determine which keys and algorithms to use for decryption and authentication. 2. sequence number : another 32-bit field that contains a monotonically increasing counter value. this sequence number is essential for providing an anti-replay function, ensuring that old packets cannot be resent by an attacker. | 5 | 5","21cs733 operation: when a sender transmits a packet using ah, the following steps occur: 1. the sender creates the original ip packet. 2. a hash of the packet (including the ip header and payload) is generated. 3. this hash is then included in the ah header. 4. the entire packet, now with the ah header, is sent to the receiver. 5. upon receiving the packet, the receiver can compute the hash of the received packet and compare it with the hash in the ah header to verify integrity and authenticity. the authentication header is a crucial component of ipsec that provides a robust mechanism for ensuring the integrity and authenticity of ip packets, making it an essential part of secure communications over the internet. b explain esp header with figure 5 5 the encapsulating security payload (esp) header is a crucial component of the ipsec protocol suite, designed to provide various security services such as confidentiality, data origin authentication, and integrity for ip packets. the esp header is structured to facilitate these services effectively. esp header structure the esp packet format consists of several key fields: 1. security parameters index (spi) : this 32-bit field identifies the security association (sa) in use. it helps the receiving system determine which keys and algorithms to use for decryption and authentication. 2. sequence number : another 32-bit field that contains a monotonically increasing counter value. this sequence number is essential for providing an anti-replay function, ensuring that old packets cannot be resent by an attacker. join whatsapp channel or group [type here]",37,,False,3a7b5b09-2509-479f-9426-1972e674316d,Hp,D:20250102181038+05'30',2026-03-29T14:23:36.849752+00:00,21CS733-SOLUTIONS-SET1.pdf,33,pdf,21CS733-SOLUTIONS-SET1,37,,"21CS733
Operation:
When a sender transmits a packet using AH, the following steps occur:
1. The sender creates the original IP packet.
2. A hash of the packet (including the IP header and payload) is
generated.
3. This hash is then included in the AH header.
4. The entire packet, now with the AH header, is sent to the receiver.
5. Upon receiving the packet, the receiver can compute the hash of the
received packet and compare it with the hash in the AH header to
verify integrity and authenticity.
the Authentication Header is a crucial component of IPsec that
provides a robust mechanism for ensuring the integrity and
authenticity of IP packets, making it an essential part of secure
communications over the Internet.
b Explain ESP header with figure 5 5
The Encapsulating Security Payload (ESP) header is a crucial
component of the IPsec protocol suite, designed to provide various
security services such as confidentiality, data origin authentication, and
integrity for IP packets. The ESP header is structured to facilitate these
services effectively.
ESP Header Structure
The ESP packet format consists of several key fields:
1. Security Parameters Index (SPI) : This 32-bit field identifies the
security association (SA) in use. It helps the receiving system determine
which keys and algorithms to use for decryption and authentication.
2. Sequence Number : Another 32-bit field that contains a
monotonically increasing counter value. This sequence number is
essential for providing an anti-replay function, ensuring that old packets
cannot be resent by an attacker.
JOIN WHATSAPP CHANNEL
OR GROUP
[Type here]

Tables:
 |  | Operation:
When a sender transmits a packet using AH, the following steps occur:
1. The sender creates the original IP packet.
2. A hash of the packet (including the IP header and payload) is
generated.
3. This hash is then included in the AH header.
4. The entire packet, now with the AH header, is sent to the receiver.
5. Upon receiving the packet, the receiver can compute the hash of the
received packet and compare it with the hash in the AH header to
verify integrity and authenticity.
the Authentication Header is a crucial component of IPsec that
provides a robust mechanism for ensuring the integrity and
authenticity of IP packets, making it an essential part of secure
communications over the Internet. |  | 
 | b | Explain ESP header with figure
The Encapsulating Security Payload (ESP) header is a crucial
component of the IPsec protocol suite, designed to provide various
security services such as confidentiality, data origin authentication, and
integrity for IP packets. The ESP header is structured to facilitate these
services effectively.
ESP Header Structure
The ESP packet format consists of several key fields:
1. Security Parameters Index (SPI) : This 32-bit field identifies the
security association (SA) in use. It helps the receiving system determine
which keys and algorithms to use for decryption and authentication.
2. Sequence Number : Another 32-bit field that contains a
monotonically increasing counter value. This sequence number is
essential for providing an anti-replay function, ensuring that old packets
cannot be resent by an attacker. | 5 | 5",pdf
34,"| | 3. payload data : this variable-length field contains the actual data being transmitted, which could be a transport-level segment (like tcp or udp). 4. esp trailer : this includes padding, pad length, and next header fields. the padding is used to ensure that the payload aligns with the required block size of the encryption algorithm. 5. esp authentication data : if authentication is selected, this field is added after the esp trailer and contains the authentication data for the entire packet, ensuring that the data has not been tampered with. modes of operation esp can operate in two modes: - transport mode : in this mode, only the payload of the ip packet is encrypted and optionally authenticated. the esp header is inserted directly before the transport-layer header, and the entire transport segment is encrypted. - tunnel mode : this mode encapsulates the entire original ip packet within a new ip packet. the esp header is added to the outer packet, allowing for secure communication between networks over potentially insecure channels, such as the internet. the esp header plays a vital role in securing ip communications by providing encryption and authentication services. its structure allows for flexibility in how data is protected, whether in transport or tunnel mode, ensuring that sensitive information remains confidential and intact during transmission. | | | c | explain transport mode & tunnel mode of ipsec transport mode and tunnel mode are two operational modes of the ipsec (internet protocol security) protocol, each serving different purposes in securing network communications. | 5 | 10","21cs733 3. payload data : this variable-length field contains the actual data being transmitted, which could be a transport-level segment (like tcp or udp). 4. esp trailer : this includes padding, pad length, and next header fields. the padding is used to ensure that the payload aligns with the required block size of the encryption algorithm. 5. esp authentication data : if authentication is selected, this field is added after the esp trailer and contains the authentication data for the entire packet, ensuring that the data has not been tampered with. modes of operation esp can operate in two modes: - transport mode : in this mode, only the payload of the ip packet is encrypted and optionally authenticated. the esp header is inserted directly before the transport-layer header, and the entire transport segment is encrypted. - tunnel mode : this mode encapsulates the entire original ip packet within a new ip packet. the esp header is added to the outer packet, allowing for secure communication between networks over potentially insecure channels, such as the internet. the esp header plays a vital role in securing ip communications by providing encryption and authentication services. its structure allows for flexibility in how data is protected, whether in transport or tunnel mode, ensuring that sensitive information remains confidential and intact during transmission. c explain transport mode & tunnel mode of ipsec 5 10 transport mode and tunnel mode are two operational modes of the ipsec (internet protocol security) protocol, each serving different purposes in securing network communications. join whatsapp channel or group [type here]",37,,False,4563ab8c-b206-4e34-a5ba-a9fb77c3ab79,Hp,D:20250102181038+05'30',2026-03-29T14:23:37.135786+00:00,21CS733-SOLUTIONS-SET1.pdf,34,pdf,21CS733-SOLUTIONS-SET1,37,,"21CS733
3. Payload Data : This variable-length field contains the actual data
being transmitted, which could be a transport-level segment (like TCP
or UDP).
4. ESP Trailer : This includes padding, pad length, and next header
fields. The padding is used to ensure that the payload aligns with the
required block size of the encryption algorithm.
5. ESP Authentication Data : If authentication is selected, this field is
added after the ESP trailer and contains the authentication data for the
entire packet, ensuring that the data has not been tampered with.
Modes of Operation
ESP can operate in two modes:
- Transport Mode : In this mode, only the payload of the IP packet is
encrypted and optionally authenticated. The ESP header is inserted
directly before the transport-layer header, and the entire transport
segment is encrypted.
- Tunnel Mode : This mode encapsulates the entire original IP packet
within a new IP packet. The ESP header is added to the outer packet,
allowing for secure communication between networks over potentially
insecure channels, such as the Internet.
The ESP header plays a vital role in securing IP communications by
providing encryption and authentication services. Its structure allows for
flexibility in how data is protected, whether in transport or tunnel mode,
ensuring that sensitive information remains confidential and intact
during transmission.
c Explain transport mode & Tunnel Mode of IPsec 5 10
Transport mode and tunnel mode are two operational modes of the IPsec
(Internet Protocol Security) protocol, each serving different purposes in
securing network communications.
JOIN WHATSAPP CHANNEL
OR GROUP
[Type here]

Tables:
 |  | 3. Payload Data : This variable-length field contains the actual data
being transmitted, which could be a transport-level segment (like TCP
or UDP).
4. ESP Trailer : This includes padding, pad length, and next header
fields. The padding is used to ensure that the payload aligns with the
required block size of the encryption algorithm.
5. ESP Authentication Data : If authentication is selected, this field is
added after the ESP trailer and contains the authentication data for the
entire packet, ensuring that the data has not been tampered with.
Modes of Operation
ESP can operate in two modes:
- Transport Mode : In this mode, only the payload of the IP packet is
encrypted and optionally authenticated. The ESP header is inserted
directly before the transport-layer header, and the entire transport
segment is encrypted.
- Tunnel Mode : This mode encapsulates the entire original IP packet
within a new IP packet. The ESP header is added to the outer packet,
allowing for secure communication between networks over potentially
insecure channels, such as the Internet.
The ESP header plays a vital role in securing IP communications by
providing encryption and authentication services. Its structure allows for
flexibility in how data is protected, whether in transport or tunnel mode,
ensuring that sensitive information remains confidential and intact
during transmission. |  | 
 | c | Explain transport mode & Tunnel Mode of IPsec
Transport mode and tunnel mode are two operational modes of the IPsec
(Internet Protocol Security) protocol, each serving different purposes in
securing network communications. | 5 | 10",pdf
35,"| | transport mode in transport mode, ipsec provides confidentiality and optional authentication for the payload of an ip packet. this means that only the data being transmitted (the payload) is encrypted, while the ip header remains intact and visible. this mode is typically used for end-to-end communication between two hosts, such as a client and a server or between two workstations. key features of transport mode: - encryption of payload: the data following the ip header is encrypted, which protects the content of the communication. - traffic analysis vulnerability: since the ip header is not encrypted, it is possible for an attacker to perform traffic analysis on the transmitted packets, potentially inferring information about the communication. - use cases: commonly used in scenarios where both communicating hosts support ipsec, allowing for direct secure communication. tunnel mode tunnel mode, on the other hand, encapsulates the entire original ip packet (including the ip header) within a new ip packet. this mode is particularly useful for creating virtual private networks (vpns) and securing communications between networks over the internet. key features of tunnel mode: - full packet encryption: the entire inner ip packet, including the original ip header, is encrypted. this prevents intermediate routers from examining the inner packet, thus enhancing security. - encapsulation: the original packet is encapsulated with a new ip header, which allows for routing while keeping the inner packet secure. this means that the outer packet can have different source and | |","21cs733 transport mode in transport mode, ipsec provides confidentiality and optional authentication for the payload of an ip packet. this means that only the data being transmitted (the payload) is encrypted, while the ip header remains intact and visible. this mode is typically used for end-to-end communication between two hosts, such as a client and a server or between two workstations. key features of transport mode: - encryption of payload: the data following the ip header is encrypted, which protects the content of the communication. - traffic analysis vulnerability: since the ip header is not encrypted, it is possible for an attacker to perform traffic analysis on the transmitted packets, potentially inferring information about the communication. - use cases: commonly used in scenarios where both communicating hosts support ipsec, allowing for direct secure communication. tunnel mode tunnel mode, on the other hand, encapsulates the entire original ip packet (including the ip header) within a new ip packet. this mode is particularly useful for creating virtual private networks (vpns) and securing communications between networks over the internet. key features of tunnel mode: - full packet encryption: the entire inner ip packet, including the original ip header, is encrypted. this prevents intermediate routers from examining the inner packet, thus enhancing security. - encapsulation: the original packet is encapsulated with a new ip header, which allows for routing while keeping the inner packet secure. this means that the outer packet can have different source and join whatsapp channel or group [type here]",37,,False,83ac79e6-1bb2-4f47-a2d9-cffbf0b1a402,Hp,D:20250102181038+05'30',2026-03-29T14:23:37.340386+00:00,21CS733-SOLUTIONS-SET1.pdf,35,pdf,21CS733-SOLUTIONS-SET1,37,,"21CS733
Transport Mode
In transport mode, IPsec provides confidentiality and optional
authentication for the payload of an IP packet. This means that only the
data being transmitted (the payload) is encrypted, while the IP header
remains intact and visible. This mode is typically used for end-to-end
communication between two hosts, such as a client and a server or
between two workstations.
Key Features of Transport Mode:
- Encryption of Payload: The data following the IP header is encrypted,
which protects the content of the communication.
- Traffic Analysis Vulnerability: Since the IP header is not encrypted, it
is possible for an attacker to perform traffic analysis on the transmitted
packets, potentially inferring information about the communication.
- Use Cases: Commonly used in scenarios where both communicating
hosts support IPsec, allowing for direct secure communication.
Tunnel Mode
Tunnel mode, on the other hand, encapsulates the entire original IP
packet (including the IP header) within a new IP packet. This mode is
particularly useful for creating Virtual Private Networks (VPNs) and
securing communications between networks over the Internet.
Key Features of Tunnel Mode:
- Full Packet Encryption: The entire inner IP packet, including the
original IP header, is encrypted. This prevents intermediate routers from
examining the inner packet, thus enhancing security.
- Encapsulation: The original packet is encapsulated with a new IP
header, which allows for routing while keeping the inner packet secure.
This means that the outer packet can have different source and
JOIN WHATSAPP CHANNEL
OR GROUP
[Type here]

Tables:
 |  | Transport Mode
In transport mode, IPsec provides confidentiality and optional
authentication for the payload of an IP packet. This means that only the
data being transmitted (the payload) is encrypted, while the IP header
remains intact and visible. This mode is typically used for end-to-end
communication between two hosts, such as a client and a server or
between two workstations.
Key Features of Transport Mode:
- Encryption of Payload: The data following the IP header is encrypted,
which protects the content of the communication.
- Traffic Analysis Vulnerability: Since the IP header is not encrypted, it
is possible for an attacker to perform traffic analysis on the transmitted
packets, potentially inferring information about the communication.
- Use Cases: Commonly used in scenarios where both communicating
hosts support IPsec, allowing for direct secure communication.
Tunnel Mode
Tunnel mode, on the other hand, encapsulates the entire original IP
packet (including the IP header) within a new IP packet. This mode is
particularly useful for creating Virtual Private Networks (VPNs) and
securing communications between networks over the Internet.
Key Features of Tunnel Mode:
- Full Packet Encryption: The entire inner IP packet, including the
original IP header, is encrypted. This prevents intermediate routers from
examining the inner packet, thus enhancing security.
- Encapsulation: The original packet is encapsulated with a new IP
header, which allows for routing while keeping the inner packet secure.
This means that the outer packet can have different source and |  | ",pdf
36,"| | destination addresses, adding an additional layer of security. - use cases: ideal for scenarios where one or both ends of the communication involve a security gateway, such as a firewall or router. this allows multiple hosts behind a firewall to communicate securely without needing to implement ipsec individually. transport mode is suitable for direct host-to-host communication where only the payload needs protection, while tunnel mode is designed for securing communications across potentially insecure networks, encapsulating the entire packet to provide comprehensive security. each mode has its specific applications and advantages depending on the network architecture and security requirements. | | revisedbloomstaxonomylearninglevel(rbt) | | | | | l1:remember | l2:understan d | l3:apply | l4:analyze | l5:evaluate | l6:create courseoutcomes(cos) | 1 | understand cryptography, network security theories, algorithms and systems 2 | apply different cryptography and network security operations on different applications 3 | analyze different methods for authentication and access control 4 | evaluate public and private key, key management, distribution and certification 5 | design necessary techniques to build protection mechanisms to secure computer networks programoutcomes(pos) | | | | | 1 | engineering knowledge | 5 | modern tool usage | 9 | individual and team- work 2 | problem analysis | 6 | engineer and society | 10 | communication 3 | design / development solutions | 7 | environment an d sustainability | 11 | project management an d finance 4 | conduct investigations of complex | 8 | ethics | 12 | life-long learning","21cs733 destination addresses, adding an additional layer of security. - use cases: ideal for scenarios where one or both ends of the communication involve a security gateway, such as a firewall or router. this allows multiple hosts behind a firewall to communicate securely without needing to implement ipsec individually. transport mode is suitable for direct host-to-host communication where only the payload needs protection, while tunnel mode is designed for securing communications across potentially insecure networks, encapsulating the entire packet to provide comprehensive security. each mode has its specific applications and advantages depending on the network architecture and security requirements. revisedbloomstaxonomylearninglevel(rbt) l1:remember l2:understan l3:apply l4:analyze l5:evaluate l6:create d courseoutcomes(cos) 1 understand cryptography, network security theories, algorithms and systems apply different cryptography and network security operations on different 2 applications 3 analyze different methods for authentication and access control evaluate public and private key, key management, distribution and certification 4 design necessary techniques to build protection mechanisms to secure computer 5 networks programoutcomes(pos) 1 engineering knowledge 5 modern tool usage 9 individual and team- work 2 problem analysis 6 engineer and society 10 communication 3 design / 7 environment 11 project management development an an solutions d sustainability d finance 4 conduct investigations 8 ethics 12 life-long learning of complex join whatsapp channel or group [type here]",37,,False,6a71855e-75b9-4ba8-8b5c-3cf505965a4f,Hp,D:20250102181038+05'30',2026-03-29T14:23:37.695929+00:00,21CS733-SOLUTIONS-SET1.pdf,36,pdf,21CS733-SOLUTIONS-SET1,37,,"21CS733
destination addresses, adding an additional layer of security.
- Use Cases: Ideal for scenarios where one or both ends of the
communication involve a security gateway, such as a firewall or router.
This allows multiple hosts behind a firewall to communicate securely
without needing to implement IPsec individually.
transport mode is suitable for direct host-to-host communication where
only the payload needs protection, while tunnel mode is designed for
securing communications across potentially insecure networks,
encapsulating the entire packet to provide comprehensive security. Each
mode has its specific applications and advantages depending on the
network architecture and security requirements.
REVISEDBLOOMSTAXONOMYLEARNINGLEVEL(RBT)
L1:Remember L2:Understan L3:Apply L4:Analyze L5:Evaluate L6:Create
d
COURSEOUTCOMES(COs)
1 Understand Cryptography, Network Security theories, algorithms and systems
Apply different Cryptography and Network Security operations on different
2
applications
3 Analyze different methods for authentication and access control
Evaluate Public and Private key, Key management, distribution and certification
4
Design necessary techniques to build protection mechanisms to secure computer
5
networks
PROGRAMOUTCOMES(POs)
1 Engineering Knowledge 5 Modern tool usage 9 Individual and Team-
Work
2 Problem Analysis 6 Engineer and Society 10 Communication
3 Design / 7 Environment 11 Project Management
Development an an
Solutions d Sustainability d Finance
4 Conduct Investigations 8 Ethics 12 Life-long Learning
of Complex
JOIN WHATSAPP CHANNEL
OR GROUP
[Type here]

Tables:
 |  | destination addresses, adding an additional layer of security.
- Use Cases: Ideal for scenarios where one or both ends of the
communication involve a security gateway, such as a firewall or router.
This allows multiple hosts behind a firewall to communicate securely
without needing to implement IPsec individually.
transport mode is suitable for direct host-to-host communication where
only the payload needs protection, while tunnel mode is designed for
securing communications across potentially insecure networks,
encapsulating the entire packet to provide comprehensive security. Each
mode has its specific applications and advantages depending on the
network architecture and security requirements. |  | 
REVISEDBLOOMSTAXONOMYLEARNINGLEVEL(RBT) |  |  |  |  | 
L1:Remember | L2:Understan
d | L3:Apply | L4:Analyze | L5:Evaluate | L6:Create
COURSEOUTCOMES(COs) | 
1 | Understand Cryptography, Network Security theories, algorithms and systems
2 | Apply different Cryptography and Network Security operations on different
applications
3 | Analyze different methods for authentication and access control
4 | Evaluate Public and Private key, Key management, distribution and certification
5 | Design necessary techniques to build protection mechanisms to secure computer
networks
PROGRAMOUTCOMES(POs) |  |  |  |  | 
1 | Engineering Knowledge | 5 | Modern tool usage | 9 | Individual and Team-
Work
2 | Problem Analysis | 6 | Engineer and Society | 10 | Communication
3 | Design /
Development
Solutions | 7 | Environment
an
d Sustainability | 11 | Project Management
an
d Finance
4 | Conduct Investigations
of Complex | 8 | Ethics | 12 | Life-long Learning",pdf
37,| problems | | | |,21cs733 problems join whatsapp channel or group [type here],37,,False,58452ddd-1b21-4fb2-a88f-b85d16600b50,Hp,D:20250102181038+05'30',2026-03-29T14:23:37.741407+00:00,21CS733-SOLUTIONS-SET1.pdf,37,pdf,21CS733-SOLUTIONS-SET1,37,,"21CS733
problems
JOIN WHATSAPP CHANNEL
OR GROUP
[Type here]

Tables:
 | problems |  |  |  | ",pdf
