content_page,content_tables,content_text,content_total_pages,error,failed,id,metadata_author,metadata_date,metadata_extracted_at,metadata_file_name,metadata_page,metadata_source_type,metadata_title,metadata_total_pages,metadata_url,raw,source
1,,"module 2 258 chapter 8 / random bit generation and stream ciphers cryptanalysis. thus, cryptographic algorithms can serve as the core of prngs. three broad categories of cryptographic algorithms are commonly used to create prngs: –symmetric block ciphers: this approach is discussed in section 8.3. –asymmetric ciphers: the number theoretic concepts used for an asymmet- ric cipher can also be adapted for a prng; this approach is examined in chapter 10. –hash functions and message authentication codes: this approach is exam- ined in chapter 12. any of these approaches can yield a cryptographically strong prng. a purpose-built algorithm may be provided by an operating system for general use. for applications that already use certain cryptographic algorithms for encryption or authentication, it makes sense to reuse the same code for the prng. thus, all of these approaches are in common use. 8.2 pseudorandom number generators in this section, we look at two types of algorithms for prngs. linear congruential generators a widely used technique for pseudorandom number generation is an algorithm first proposed by lehmer [lehm51], which is known as the linear congruential method. the algorithm is parameterized with four numbers, as follows: m the modulus m 7 0 a the multiplier 0 6 a 6 m c the increment 0 ... c 6 m x the starting value, or seed 0 ... x 6 m 0 0 the sequence of random numbers {x } is obtained via the following iterative n equation: x n+1 = (ax n + c) mod m if m, a, c, and x are integers, then this technique will produce a sequence of inte- 0 gers with each integer in the range 0 ... x 6 m. n the selection of values for a, c, and m is critical in developing a good ran- dom number generator. for example, consider a = c = 1. the sequence produced is obviously not satisfactory. now consider the values a = 7, c = 0, m = 32, and x = 1. this generates the sequence {7, 17, 23, 1, 7, etc.}, which is also clearly 0 unsatisfactory. of the 32 possible values, only four are used; thus, the sequence is said to have a period of 4. if, instead, we change the value of a to 5, then the sequence is {5, 25, 29, 17, 21, 9, 13, 1, 5, etc. }, which increases the period to 8. we would like m to be very large, so that there is the potential for producing a long series of distinct random numbers. a common criterion is that m be nearly",38,,False,74ad599b-4c40-4a61-bcf9-196fdda0aed5,,D:20250814070014Z,2026-03-29T15:56:13.002103+00:00,ebb7323a_BCS703-module-2-textbook.pdf,1,pdf,ebb7323a_BCS703-module-2-textbook,38,,"MODULE 2
258 CHAPTER 8 / RANDOM BIT GENERATION AND STREAM CIPHERS
cryptanalysis. Thus, cryptographic algorithms can serve as the core of PRNGs.
Three broad categories of cryptographic algorithms are commonly used to
create PRNGs:
–Symmetric block ciphers: This approach is discussed in Section 8.3.
–Asymmetric ciphers: The number theoretic concepts used for an asymmet-
ric cipher can also be adapted for a PRNG; this approach is examined in
Chapter 10.
–Hash functions and message authentication codes: This approach is exam-
ined in Chapter 12.
Any of these approaches can yield a cryptographically strong PRNG.
A purpose-built algorithm may be provided by an operating system for general use.
For applications that already use certain cryptographic algorithms for encryption or
authentication, it makes sense to reuse the same code for the PRNG. Thus, all of
these approaches are in common use.
8.2 PSEUDORANDOM NUMBER GENERATORS
In this section, we look at two types of algorithms for PRNGs.
Linear Congruential Generators
A widely used technique for pseudorandom number generation is an algorithm first
proposed by Lehmer [LEHM51], which is known as the linear congruential method.
The algorithm is parameterized with four numbers, as follows:
m the modulus m 7 0
a the multiplier 0 6 a 6 m
c the increment 0 … c 6 m
X the starting value, or seed 0 … X 6 m
0 0
The sequence of random numbers {X } is obtained via the following iterative
n
equation:
X n+1 = (aX n + c) mod m
If m, a, c, and X are integers, then this technique will produce a sequence of inte-
0
gers with each integer in the range 0 … X 6 m.
n
The selection of values for a, c, and m is critical in developing a good ran-
dom number generator. For example, consider a = c = 1. The sequence produced
is obviously not satisfactory. Now consider the values a = 7, c = 0, m = 32, and
X = 1. This generates the sequence {7, 17, 23, 1, 7, etc.}, which is also clearly
0
unsatisfactory. Of the 32 possible values, only four are used; thus, the sequence
is said to have a period of 4. If, instead, we change the value of a to 5, then the
sequence is {5, 25, 29, 17, 21, 9, 13, 1, 5, etc. }, which increases the period to 8.
We would like m to be very large, so that there is the potential for producing
a long series of distinct random numbers. A common criterion is that m be nearly",pdf
2,,"8.2 / pseudorandom number generators 259 equal to the maximum representable nonnegative integer for a given computer. thus, a value of m near to or equal to 231 is typically chosen. [park88] proposes three tests to be used in evaluating a random number generator: t: the function should be a full-period generating function. that is, the function 1 should generate all the numbers from 0 through m - 1 before repeating. t: the generated sequence should appear random. 2 t: the function should implement efficiently with 32-bit arithmetic. 3 with appropriate values of a, c, and m, these three tests can be passed. with respect to t, it can be shown that if m is prime and c = 0, then for certain values 1 of a the period of the generating function is m - 1, with only the value 0 missing. for 32-bit arithmetic, a convenient prime value of m is 231 - 1. thus, the generating function becomes x n+1 = (ax n ) mod (231 - 1) of the more than 2 billion possible choices for a, only a handful of multipliers pass all three tests. one such value is a = 75 = 16807, which was originally selected for use in the ibm 360 family of computers [lewi69]. this generator is widely used and has been subjected to a more thorough testing than any other prng. it is frequently recommended for statistical and simulation work (e.g., [jain91]). the strength of the linear congruential algorithm is that if the multiplier and modulus are properly chosen, the resulting sequence of numbers will be statistically indistinguishable from a sequence drawn at random (but without replacement) from the set 1, 2, c, m - 1. but there is nothing random at all about the algorithm, apart from the choice of the initial value x. once that value is chosen, the remaining num- 0 bers in the sequence follow deterministically. this has implications for cryptanalysis. if an opponent knows that the linear congruential algorithm is being used and if the parameters are known (e.g., a = 75, c = 0, m = 231 - 1), then once a single number is discovered, all subsequent numbers are known. even if the opponent knows only that a linear congruential algorithm is being used, knowledge of a small part of the sequence is sufficient to determine the parameters of the algorithm. suppose that the opponent is able to determine values for x, x, x, and x. then 0 1 2 3 x = (ax + c) mod m 1 0 x = (ax + c) mod m 2 1 x = (ax + c) mod m 3 2 these equations can be solved for a, c, and m. thus, although it is nice to be able to use a good prng, it is desirable to make the actual sequence used nonreproducible, so that knowledge of part of the se- quence on the part of an opponent is insufficient to determine future elements of the sequence. this goal can be achieved in a number of ways. for example, [brig79] suggests using an internal system clock to modify the random number stream. one way to use the clock would be to restart the sequence after every n numbers using the current clock value (mod m) as the new seed. another way would be simply to add the current clock value to each random number (mod m).",38,,False,36c50c48-68b4-4b90-b2d7-6f49ee7d0c17,,D:20250814070014Z,2026-03-29T15:56:13.223190+00:00,ebb7323a_BCS703-module-2-textbook.pdf,2,pdf,ebb7323a_BCS703-module-2-textbook,38,,"8.2 / PSEUDORANDOM NUMBER GENERATORS 259
equal to the maximum representable nonnegative integer for a given computer.
Thus, a value of m near to or equal to 231 is typically chosen.
[PARK88] proposes three tests to be used in evaluating a random number
generator:
T: The function should be a full-period generating function. That is, the function
1
should generate all the numbers from 0 through m - 1 before repeating.
T: The generated sequence should appear random.
2
T: The function should implement efficiently with 32-bit arithmetic.
3
With appropriate values of a, c, and m, these three tests can be passed. With
respect to T, it can be shown that if m is prime and c = 0, then for certain values
1
of a the period of the generating function is m - 1, with only the value 0 missing.
For 32-bit arithmetic, a convenient prime value of m is 231 - 1. Thus, the generating
function becomes
X n+1 = (aX n ) mod (231 - 1)
Of the more than 2 billion possible choices for a, only a handful of multipliers
pass all three tests. One such value is a = 75 = 16807, which was originally selected
for use in the IBM 360 family of computers [LEWI69]. This generator is widely
used and has been subjected to a more thorough testing than any other PRNG. It is
frequently recommended for statistical and simulation work (e.g., [JAIN91]).
The strength of the linear congruential algorithm is that if the multiplier and
modulus are properly chosen, the resulting sequence of numbers will be statistically
indistinguishable from a sequence drawn at random (but without replacement) from
the set 1, 2, c, m - 1. But there is nothing random at all about the algorithm, apart
from the choice of the initial value X. Once that value is chosen, the remaining num-
0
bers in the sequence follow deterministically. This has implications for cryptanalysis.
If an opponent knows that the linear congruential algorithm is being used and
if the parameters are known (e.g., a = 75, c = 0, m = 231 - 1), then once a single
number is discovered, all subsequent numbers are known. Even if the opponent
knows only that a linear congruential algorithm is being used, knowledge of a small
part of the sequence is sufficient to determine the parameters of the algorithm.
Suppose that the opponent is able to determine values for X, X, X, and X. Then
0 1 2 3
X = (aX + c) mod m
1 0
X = (aX + c) mod m
2 1
X = (aX + c) mod m
3 2
These equations can be solved for a, c, and m.
Thus, although it is nice to be able to use a good PRNG, it is desirable to make
the actual sequence used nonreproducible, so that knowledge of part of the se-
quence on the part of an opponent is insufficient to determine future elements of the
sequence. This goal can be achieved in a number of ways. For example, [BRIG79]
suggests using an internal system clock to modify the random number stream. One
way to use the clock would be to restart the sequence after every N numbers using
the current clock value (mod m) as the new seed. Another way would be simply to
add the current clock value to each random number (mod m).",pdf
3,,"260 chapter 8 / random bit generation and stream ciphers blum blum shub generator a popular approach to generating secure pseudorandom numbers is known as the blum blum shub (bbs) generator (see figure 8.3), named for its developers [blum86]. it has perhaps the strongest public proof of its cryptographic strength of any purpose-built algorithm. the procedure is as follows. first, choose two large prime numbers, p and q, that both have a remainder of 3 when divided by 4. that is, p k q k 3(mod 4) this notation, explained more fully in chapter 4, simply means that (p mod 4) = (q mod 4) = 3. for example, the prime numbers 7 and 11 satisfy 7 k 11 k 3(mod 4). let n = p * q. next, choose a random number s, such that s is relatively prime to n; this is equivalent to saying that neither p nor q is a factor of s. then the bbs genera- tor produces a sequence of bits b according to the following algorithm: i x = s2 mod n 0 for i = 1 to ∞ x = (x )2 mod n i i−1 b = x mod 2 i i thus, the least significant bit is taken at each iteration. table 8.1 shows an example of bbs operation. here, n = 192649 = 383 * 503, and the seed s = 101355. the bbs is referred to as a cryptographically secure pseudorandom bit generator (csprbg). a csprbg is defined as one that passes the next-bit test, which, in turn, is defined as follows [mene97]: a pseudorandom bit generator is said to pass the next-bit test if there is not a polynomial-time algorithm1 that, on input of the first k bits of an output sequence, can predict the (k + 1)st bit with probability significantly greater than 1/2. in other words, given the first k bits of the initialize with seed s generate x2 mod n select least significant bit [0, 1] figure 8.3 blum blum shub block diagram 1a polynomial-time algorithm of order k is one whose running time is bounded by a polynomial of order k.",38,,False,569e31ce-b500-4fa3-bfea-069c0004210a,,D:20250814070014Z,2026-03-29T15:56:13.417222+00:00,ebb7323a_BCS703-module-2-textbook.pdf,3,pdf,ebb7323a_BCS703-module-2-textbook,38,,"260 CHAPTER 8 / RANDOM BIT GENERATION AND STREAM CIPHERS
Blum Blum Shub Generator
A popular approach to generating secure pseudorandom numbers is known as
the Blum Blum Shub (BBS) generator (see Figure 8.3), named for its developers
[BLUM86]. It has perhaps the strongest public proof of its cryptographic strength
of any purpose-built algorithm. The procedure is as follows. First, choose two large
prime numbers, p and q, that both have a remainder of 3 when divided by 4. That is,
p K q K 3(mod 4)
This notation, explained more fully in Chapter 4, simply means that (p mod 4) =
(q mod 4) = 3. For example, the prime numbers 7 and 11 satisfy 7 K 11 K 3(mod 4).
Let n = p * q. Next, choose a random number s, such that s is relatively prime to n;
this is equivalent to saying that neither p nor q is a factor of s. Then the BBS genera-
tor produces a sequence of bits B according to the following algorithm:
i
X = s2 mod n
0
for i = 1 to ∞
X = (X )2 mod n
i i−1
B = X mod 2
i i
Thus, the least significant bit is taken at each iteration. Table 8.1 shows an example
of BBS operation. Here, n = 192649 = 383 * 503, and the seed s = 101355.
The BBS is referred to as a cryptographically secure pseudorandom bit
generator (CSPRBG). A CSPRBG is defined as one that passes the next-bit test,
which, in turn, is defined as follows [MENE97]: A pseudorandom bit generator is
said to pass the next-bit test if there is not a polynomial-time algorithm1 that, on
input of the first k bits of an output sequence, can predict the (k + 1)st bit with
probability significantly greater than 1/2. In other words, given the first k bits of the
Initialize
with seed s
Generate
x2 mod n
Select least
significant bit
[0, 1]
Figure 8.3 Blum Blum Shub Block Diagram
1A polynomial-time algorithm of order k is one whose running time is bounded by a polynomial of order k.",pdf
4,i | x i | b i 0 | 20749 | 1 | 143135 | 1 2 | 177671 | 1 3 | 97048 | 0 4 | 89992 | 0 5 | 174051 | 1 6 | 80649 | 1 7 | 45663 | 1 8 | 69442 | 0 9 | 186894 | 0 10 | 177046 | 0 i | x i | b i 11 | 137922 | 0 12 | 123175 | 1 13 | 8630 | 0 14 | 114386 | 0 15 | 14863 | 1 16 | 133015 | 1 17 | 106065 | 1 18 | 45870 | 0 19 | 137171 | 1 20 | 48060 | 0,"8.3 / pseudorandom number generation using a block cipher 261 table 8.1 example operation of bbs generator i x b i x b i i i i 0 20749 11 137922 0 1 143135 1 12 123175 1 2 177671 1 13 8630 0 3 97048 0 14 114386 0 4 89992 0 15 14863 1 5 174051 1 16 133015 1 6 80649 1 17 106065 1 7 45663 1 18 45870 0 8 69442 0 19 137171 1 9 186894 0 20 48060 0 10 177046 0 sequence, there is not a practical algorithm that can even allow you to state that the next bit will be 1 (or 0) with probability greater than 1/2. for all practical purposes, the sequence is unpredictable. the security of bbs is based on the difficulty of factoring n. that is, given n, we need to determine its two prime factors p and q. 8.3 pseudorandom number generation using a block cipher a popular approach to prng construction is to use a symmetric block cipher as the heart of the prng mechanism. for any block of plaintext, a symmetric block cipher produces an output block that is apparently random. that is, there are no patterns or regularities in the ciphertext that provide information that can be used to deduce the plaintext. thus, a symmetric block cipher is a good candidate for building a pseudorandom number generator. if an established, standardized block cipher is used, such as des or aes, then the security characteristics of the prng can be established. further, many applica- tions already make use of des or aes, so the inclusion of the block cipher as part of the prng algorithm is straightforward. prng using block cipher modes of operation two approaches that use a block cipher to build a pnrg have gained widespread acceptance: the ctr mode and the ofb mode. the ctr mode is recommended in nist sp 800-90a, in the ansi standard x9.82 (random number generation), and in rfc 4086 (randomness requirements for security, june 2005). the ofb mode is recommended in x9.82 and rfc 4086. figure 8.4 illustrates the two methods. in each case, the seed consists of two parts: the encryption key value and a value v that will be updated after each block of pseudorandom numbers is generated. thus, for aes-128, the seed consists of a 128-bit key and a 128-bit v value. in the ctr case, the value of v is incremented",38,,False,29ba342d-2555-426e-a992-96b1391e7eb4,,D:20250814070014Z,2026-03-29T15:56:13.743046+00:00,ebb7323a_BCS703-module-2-textbook.pdf,4,pdf,ebb7323a_BCS703-module-2-textbook,38,,"8.3 / PSEUDORANDOM NUMBER GENERATION USING A BLOCK CIPHER 261
Table 8.1 Example Operation of BBS Generator
i X B i X B
i i i i
0 20749 11 137922 0
1 143135 1 12 123175 1
2 177671 1 13 8630 0
3 97048 0 14 114386 0
4 89992 0 15 14863 1
5 174051 1 16 133015 1
6 80649 1 17 106065 1
7 45663 1 18 45870 0
8 69442 0 19 137171 1
9 186894 0 20 48060 0
10 177046 0
sequence, there is not a practical algorithm that can even allow you to state that the
next bit will be 1 (or 0) with probability greater than 1/2. For all practical purposes,
the sequence is unpredictable. The security of BBS is based on the difficulty of
factoring n. That is, given n, we need to determine its two prime factors p and q.
8.3 PSEUDORANDOM NUMBER GENERATION USING
A BLOCK CIPHER
A popular approach to PRNG construction is to use a symmetric block cipher as
the heart of the PRNG mechanism. For any block of plaintext, a symmetric block
cipher produces an output block that is apparently random. That is, there are no
patterns or regularities in the ciphertext that provide information that can be used
to deduce the plaintext. Thus, a symmetric block cipher is a good candidate for
building a pseudorandom number generator.
If an established, standardized block cipher is used, such as DES or AES, then
the security characteristics of the PRNG can be established. Further, many applica-
tions already make use of DES or AES, so the inclusion of the block cipher as part
of the PRNG algorithm is straightforward.
PRNG Using Block Cipher Modes of Operation
Two approaches that use a block cipher to build a PNRG have gained widespread
acceptance: the CTR mode and the OFB mode. The CTR mode is recommended in
NIST SP 800-90A, in the ANSI standard X9.82 (Random Number Generation), and
in RFC 4086 (Randomness Requirements for Security, June 2005). The OFB mode is
recommended in X9.82 and RFC 4086.
Figure 8.4 illustrates the two methods. In each case, the seed consists of two
parts: the encryption key value and a value V that will be updated after each block
of pseudorandom numbers is generated. Thus, for AES-128, the seed consists of a
128-bit key and a 128-bit V value. In the CTR case, the value of V is incremented

Tables:
i | X
i | B
i
0 | 20749 | 
1 | 143135 | 1
2 | 177671 | 1
3 | 97048 | 0
4 | 89992 | 0
5 | 174051 | 1
6 | 80649 | 1
7 | 45663 | 1
8 | 69442 | 0
9 | 186894 | 0
10 | 177046 | 0
i | X
i | B
i
11 | 137922 | 0
12 | 123175 | 1
13 | 8630 | 0
14 | 114386 | 0
15 | 14863 | 1
16 | 133015 | 1
17 | 106065 | 1
18 | 45870 | 0
19 | 137171 | 1
20 | 48060 | 0",pdf
5,"asymmetric keys two related keys, a public key and a private key, that are used to perform complementary operations, such as encryption and decryption or signature generation and signature verification. public key certificate a digital document issued and digitally signed by the private key of a certification authority that binds the name of a subscriber to a public key. the certificate indicates that the subscriber identified in the certificate has sole control and access to the corresponding private key. public key (asymmetric) cryptographic algorithm a cryptographic algorithm that uses two related keys, a public key and a private key. the two keys have the property that deriving the private key from the public key is computationally infeasible. public key infrastructure (pki) a set of policies, processes, server platforms, software and workstations used for the purpose of administer- ing certificates and public-private key pairs, including the ability to issue, maintain, and revoke public key certificates.","9.1 / principles of public-key cryptosystems 285 table 9.1 terminology related to asymmetric encryption asymmetric keys two related keys, a public key and a private key, that are used to perform complementary operations, such as encryption and decryption or signature generation and signature verification. public key certificate a digital document issued and digitally signed by the private key of a certification authority that binds the name of a subscriber to a public key. the certificate indicates that the subscriber identified in the certificate has sole control and access to the corresponding private key. public key (asymmetric) cryptographic algorithm a cryptographic algorithm that uses two related keys, a public key and a private key. the two keys have the property that deriving the private key from the public key is computationally infeasible. public key infrastructure (pki) a set of policies, processes, server platforms, software and workstations used for the purpose of administer- ing certificates and public-private key pairs, including the ability to issue, maintain, and revoke public key certificates. source: glossary of key information security terms, nist ir 7298 [kiss06]. finally, there is a feeling that key distribution is trivial when using public-key encryption, compared to the rather cumbersome handshaking involved with key dis- tribution centers for symmetric encryption. in fact, some form of protocol is needed, generally involving a central agent, and the procedures involved are not simpler nor any more efficient than those required for symmetric encryption (e.g., see analysis in [need78]). this chapter and the next provide an overview of public-key cryptography. first, we look at its conceptual framework. interestingly, the concept for this technique was developed and published before it was shown to be practical to adopt it. next, we ex- amine the rsa algorithm, which is the most important encryption/decryption algo- rithm that has been shown to be feasible for public-key encryption. other important public-key cryptographic algorithms are covered in chapter 10. much of the theory of public-key cryptosystems is based on number theory. if one is prepared to accept the results given in this chapter, an understanding of number theory is not strictly necessary. however, to gain a full appreciation of public-key algorithms, some understanding of number theory is required. chapter 2 provides the necessary background in number theory. table 9.1 defines some key terms. 9.1 principles of public-key cryptosystems the concept of public-key cryptography evolved from an attempt to attack two of the most difficult problems associated with symmetric encryption. the first problem is that of key distribution, which is examined in some detail in chapter 14. as chapter 14 discusses, key distribution under symmetric encryption requires either (1) that two communicants already share a key, which somehow has been dis- tributed to them; or (2) the use of a key distribution center. whitfield diffie, one",38,,False,1620b97e-660a-4eba-a3f2-907d657351a2,,D:20250814070014Z,2026-03-29T15:56:14.046857+00:00,ebb7323a_BCS703-module-2-textbook.pdf,5,pdf,ebb7323a_BCS703-module-2-textbook,38,,"9.1 / PRINCIPLES OF PUBLIC-KEY CRYPTOSYSTEMS 285
Table 9.1 Terminology Related to Asymmetric Encryption
Asymmetric Keys
Two related keys, a public key and a private key, that are used to perform complementary operations, such as
encryption and decryption or signature generation and signature verification.
Public Key Certificate
A digital document issued and digitally signed by the private key of a Certification Authority that binds the
name of a subscriber to a public key. The certificate indicates that the subscriber identified in the certificate
has sole control and access to the corresponding private key.
Public Key (Asymmetric) Cryptographic Algorithm
A cryptographic algorithm that uses two related keys, a public key and a private key. The two keys have the
property that deriving the private key from the public key is computationally infeasible.
Public Key Infrastructure (PKI)
A set of policies, processes, server platforms, software and workstations used for the purpose of administer-
ing certificates and public-private key pairs, including the ability to issue, maintain, and revoke public key
certificates.
Source: Glossary of Key Information Security Terms, NIST IR 7298 [KISS06].
Finally, there is a feeling that key distribution is trivial when using public-key
encryption, compared to the rather cumbersome handshaking involved with key dis-
tribution centers for symmetric encryption. In fact, some form of protocol is needed,
generally involving a central agent, and the procedures involved are not simpler nor
any more efficient than those required for symmetric encryption (e.g., see analysis in
[NEED78]).
This chapter and the next provide an overview of public-key cryptography. First,
we look at its conceptual framework. Interestingly, the concept for this technique was
developed and published before it was shown to be practical to adopt it. Next, we ex-
amine the RSA algorithm, which is the most important encryption/decryption algo-
rithm that has been shown to be feasible for public-key encryption. Other important
public-key cryptographic algorithms are covered in Chapter 10.
Much of the theory of public-key cryptosystems is based on number theory. If
one is prepared to accept the results given in this chapter, an understanding of number
theory is not strictly necessary. However, to gain a full appreciation of public-key
algorithms, some understanding of number theory is required. Chapter 2 provides the
necessary background in number theory.
Table 9.1 defines some key terms.
9.1 PRINCIPLES OF PUBLIC-KEY CRYPTOSYSTEMS
The concept of public-key cryptography evolved from an attempt to attack two of
the most difficult problems associated with symmetric encryption. The first problem
is that of key distribution, which is examined in some detail in Chapter 14.
As Chapter 14 discusses, key distribution under symmetric encryption requires
either (1) that two communicants already share a key, which somehow has been dis-
tributed to them; or (2) the use of a key distribution center. Whitfield Diffie, one

Tables:
Asymmetric Keys
Two related keys, a public key and a private key, that are used to perform complementary operations, such as
encryption and decryption or signature generation and signature verification.
Public Key Certificate
A digital document issued and digitally signed by the private key of a Certification Authority that binds the
name of a subscriber to a public key. The certificate indicates that the subscriber identified in the certificate
has sole control and access to the corresponding private key.
Public Key (Asymmetric) Cryptographic Algorithm
A cryptographic algorithm that uses two related keys, a public key and a private key. The two keys have the
property that deriving the private key from the public key is computationally infeasible.
Public Key Infrastructure (PKI)
A set of policies, processes, server platforms, software and workstations used for the purpose of administer-
ing certificates and public-private key pairs, including the ability to issue, maintain, and revoke public key
certificates.",pdf
6,,"286 chapter 9 / public-key cryptography and rsa of the discoverers of public-key encryption (along with martin hellman, both at stanford university at the time), reasoned that this second requirement negated the very essence of cryptography: the ability to maintain total secrecy over your own communication. as diffie put it [diff88], “what good would it do after all to de- velop impenetrable cryptosystems, if their users were forced to share their keys with a kdc that could be compromised by either burglary or subpoena?” the second problem that diffie pondered, and one that was apparently un- related to the first, was that of digital signatures. if the use of cryptography was to become widespread, not just in military situations but for commercial and private purposes, then electronic messages and documents would need the equivalent of signatures used in paper documents. that is, could a method be devised that would stipulate, to the satisfaction of all parties, that a digital message had been sent by a particular person? this is a somewhat broader requirement than that of authentica- tion, and its characteristics and ramifications are explored in chapter 13. diffie and hellman achieved an astounding breakthrough in 1976 [diff76 a, b] by coming up with a method that addressed both problems and was radically different from all previous approaches to cryptography, going back over four millennia.1 in the next subsection, we look at the overall framework for public-key cryp- tography. then we examine the requirements for the encryption/decryption algo- rithm that is at the heart of the scheme. public-key cryptosystems asymmetric algorithms rely on one key for encryption and a different but related key for decryption. these algorithms have the following important characteristic. ■ it is computationally infeasible to determine the decryption key given only knowledge of the cryptographic algorithm and the encryption key. in addition, some algorithms, such as rsa, also exhibit the following characteristic. ■ either of the two related keys can be used for encryption, with the other used for decryption. a public-key encryption scheme has six ingredients (figure 9.1a; compare with figure 3.1). ■ plaintext: this is the readable message or data that is fed into the algorithm as input. ■ encryption algorithm: the encryption algorithm performs various transfor- mations on the plaintext. 1diffie and hellman first publicly introduced the concepts of public-key cryptography in 1976. hellman credits merkle with independently discovering the concept at that same time, although merkle did not publish until 1978 [merk78]. in fact, the first unclassified document describing public-key distribution and public-key cryptography was a 1974 project proposal by merkle (http://merkle.com/1974). however, this is not the true beginning. admiral bobby inman, while director of the national security agency (nsa), claimed that public-key cryptography had been discovered at nsa in the mid-1960s [simm93]. the first documented introduction of these concepts came in 1970, from the communications-electronics security group, britain’s counterpart to nsa, in a classified report by james ellis [elli70]. ellis re- ferred to the technique as nonsecret encryption and describes the discovery in [elli99].",38,,False,daa55543-8370-4ad9-b0ff-4bcc8ae95e6d,,D:20250814070014Z,2026-03-29T15:56:14.223104+00:00,ebb7323a_BCS703-module-2-textbook.pdf,6,pdf,ebb7323a_BCS703-module-2-textbook,38,,"286 CHAPTER 9 / PUBLIC-KEY CRYPTOGRAPHY AND RSA
of the discoverers of public-key encryption (along with Martin Hellman, both at
Stanford University at the time), reasoned that this second requirement negated the
very essence of cryptography: the ability to maintain total secrecy over your own
communication. As Diffie put it [DIFF88], “what good would it do after all to de-
velop impenetrable cryptosystems, if their users were forced to share their keys with
a KDC that could be compromised by either burglary or subpoena?”
The second problem that Diffie pondered, and one that was apparently un-
related to the first, was that of digital signatures. If the use of cryptography was to
become widespread, not just in military situations but for commercial and private
purposes, then electronic messages and documents would need the equivalent of
signatures used in paper documents. That is, could a method be devised that would
stipulate, to the satisfaction of all parties, that a digital message had been sent by a
particular person? This is a somewhat broader requirement than that of authentica-
tion, and its characteristics and ramifications are explored in Chapter 13.
Diffie and Hellman achieved an astounding breakthrough in 1976 [DIFF76 a, b]
by coming up with a method that addressed both problems and was radically different
from all previous approaches to cryptography, going back over four millennia.1
In the next subsection, we look at the overall framework for public-key cryp-
tography. Then we examine the requirements for the encryption/decryption algo-
rithm that is at the heart of the scheme.
Public-Key Cryptosystems
Asymmetric algorithms rely on one key for encryption and a different but related
key for decryption. These algorithms have the following important characteristic.
■ It is computationally infeasible to determine the decryption key given only
knowledge of the cryptographic algorithm and the encryption key.
In addition, some algorithms, such as RSA, also exhibit the following characteristic.
■ Either of the two related keys can be used for encryption, with the other used
for decryption.
A public-key encryption scheme has six ingredients (Figure 9.1a; compare
with Figure 3.1).
■ Plaintext: This is the readable message or data that is fed into the algorithm
as input.
■ Encryption algorithm: The encryption algorithm performs various transfor-
mations on the plaintext.
1Diffie and Hellman first publicly introduced the concepts of public-key cryptography in 1976. Hellman
credits Merkle with independently discovering the concept at that same time, although Merkle did not
publish until 1978 [MERK78]. In fact, the first unclassified document describing public-key distribution
and public-key cryptography was a 1974 project proposal by Merkle (http://merkle.com/1974). However,
this is not the true beginning. Admiral Bobby Inman, while director of the National Security Agency
(NSA), claimed that public-key cryptography had been discovered at NSA in the mid-1960s [SIMM93].
The first documented introduction of these concepts came in 1970, from the Communications-Electronics
Security Group, Britain’s counterpart to NSA, in a classified report by James Ellis [ELLI70]. Ellis re-
ferred to the technique as nonsecret encryption and describes the discovery in [ELLI99].",pdf
7,,"9.1 / principles of public-key cryptosystems 287 bobs's public-key ring joy ted mike alice pu alice's public pr alice's private a a key key x = transmitted d[pr , y] x ciphertext a y = e[pu, x] a plaintext plaintext encryption algorithm decryption algorithm input output (e.g., rsa) bob (a) encryption with public key alice alice's public key ring joy ted mike bob pr bob's private pu bob's public b b key key x = transmitted d[pu, y] x b ciphertext y = e[pr, x] b plaintext plaintext encryption algorithm decryption algorithm input output (e.g., rsa) bob (b) encryption with private key alice figure 9.1 public-key cryptography ■ public and private keys: this is a pair of keys that have been selected so that if one is used for encryption, the other is used for decryption. the exact transfor- mations performed by the algorithm depend on the public or private key that is provided as input. ■ ciphertext: this is the encrypted message produced as output. it depends on the plaintext and the key. for a given message, two different keys will produce two different ciphertexts.",38,,False,cadda362-2bc6-4f03-b881-30dda25f6934,,D:20250814070014Z,2026-03-29T15:56:14.529616+00:00,ebb7323a_BCS703-module-2-textbook.pdf,7,pdf,ebb7323a_BCS703-module-2-textbook,38,,"9.1 / PRINCIPLES OF PUBLIC-KEY CRYPTOSYSTEMS 287
Bobs's
public-key
ring
Joy
Ted
Mike Alice
PU Alice's public PR Alice's private
a a
key key
X =
Transmitted
D[PR , Y]
X ciphertext a
Y = E[PU, X]
a
Plaintext Plaintext
Encryption algorithm Decryption algorithm
input output
(e.g., RSA)
Bob (a) Encryption with public key Alice
Alice's
public key
ring
Joy
Ted
Mike Bob
PR Bob's private PU Bob's public
b b
key key
X =
Transmitted D[PU, Y]
X b
ciphertext
Y = E[PR, X]
b
Plaintext Plaintext
Encryption algorithm Decryption algorithm
input output
(e.g., RSA)
Bob (b) Encryption with private key Alice
Figure 9.1 Public-Key Cryptography
■ Public and private keys: This is a pair of keys that have been selected so that if
one is used for encryption, the other is used for decryption. The exact transfor-
mations performed by the algorithm depend on the public or private key that
is provided as input.
■ Ciphertext: This is the encrypted message produced as output. It depends on
the plaintext and the key. For a given message, two different keys will produce
two different ciphertexts.",pdf
8,,"288 chapter 9 / public-key cryptography and rsa ■ decryption algorithm: this algorithm accepts the ciphertext and the matching key and produces the original plaintext. the essential steps are the following. 1. each user generates a pair of keys to be used for the encryption and decryp- tion of messages. 2. each user places one of the two keys in a public register or other accessible file. this is the public key. the companion key is kept private. as figure 9.1a suggests, each user maintains a collection of public keys obtained from others. 3. if bob wishes to send a confidential message to alice, bob encrypts the mes- sage using alice’s public key. 4. when alice receives the message, she decrypts it using her private key. no other recipient can decrypt the message because only alice knows alice’s pri- vate key. with this approach, all participants have access to public keys, and private keys are generated locally by each participant and therefore need never be distrib- uted. as long as a user’s private key remains protected and secret, incoming com- munication is secure. at any time, a system can change its private key and publish the companion public key to replace its old public key. table 9.2 summarizes some of the important aspects of symmetric and public- key encryption. to discriminate between the two, we refer to the key used in sym- metric encryption as a secret key. the two keys used for asymmetric encryption are referred to as the public key and the private key.2 invariably, the private key is kept secret, but it is referred to as a private key rather than a secret key to avoid confu- sion with symmetric encryption. let us take a closer look at the essential elements of a public-key encryption scheme, using figure 9.2 (compare with figure 3.2). there is some source a that produces a message in plaintext, x = [x, x, c, x ]. the m elements of x are 1 2 m letters in some finite alphabet. the message is intended for destination b. b gener- ates a related pair of keys: a public key, pu , and a private key, pr . pr is known b b b only to b, whereas pu is publicly available and therefore accessible by a. b with the message x and the encryption key pu as input, a forms the cipher- b text y = [y, y, c, y ]: 1 2 n y = e(pu , x) b the intended receiver, in possession of the matching private key, is able to invert the transformation: x = d(pr ,y) b 2the following notation is used consistently throughout. a secret key is represented by k , where m is m some modifier; for example, k is a secret key owned by user a. a public key is represented by pu, for a a user a, and the corresponding private key is pr. encryption of plaintext x can be performed with a a secret key, a public key, or a private key, denoted by e(k, x), e(pu, x), and e(pr, x), respectively. a a a similarly, decryption of ciphertext y can be performed with a secret key, a public key, or a private key, denoted by d(k, y), d(pu, y), and d(pr, y), respectively. a a a",38,,False,e83cfafc-fc71-48ce-badf-84d4ed56ad52,,D:20250814070014Z,2026-03-29T15:56:14.803816+00:00,ebb7323a_BCS703-module-2-textbook.pdf,8,pdf,ebb7323a_BCS703-module-2-textbook,38,,"288 CHAPTER 9 / PUBLIC-KEY CRYPTOGRAPHY AND RSA
■ Decryption algorithm: This algorithm accepts the ciphertext and the matching
key and produces the original plaintext.
The essential steps are the following.
1. Each user generates a pair of keys to be used for the encryption and decryp-
tion of messages.
2. Each user places one of the two keys in a public register or other accessible
file. This is the public key. The companion key is kept private. As Figure 9.1a
suggests, each user maintains a collection of public keys obtained from others.
3. If Bob wishes to send a confidential message to Alice, Bob encrypts the mes-
sage using Alice’s public key.
4. When Alice receives the message, she decrypts it using her private key. No
other recipient can decrypt the message because only Alice knows Alice’s pri-
vate key.
With this approach, all participants have access to public keys, and private
keys are generated locally by each participant and therefore need never be distrib-
uted. As long as a user’s private key remains protected and secret, incoming com-
munication is secure. At any time, a system can change its private key and publish
the companion public key to replace its old public key.
Table 9.2 summarizes some of the important aspects of symmetric and public-
key encryption. To discriminate between the two, we refer to the key used in sym-
metric encryption as a secret key. The two keys used for asymmetric encryption are
referred to as the public key and the private key.2 Invariably, the private key is kept
secret, but it is referred to as a private key rather than a secret key to avoid confu-
sion with symmetric encryption.
Let us take a closer look at the essential elements of a public-key encryption
scheme, using Figure 9.2 (compare with Figure 3.2). There is some source A that
produces a message in plaintext, X = [X, X, c, X ]. The M elements of X are
1 2 M
letters in some finite alphabet. The message is intended for destination B. B gener-
ates a related pair of keys: a public key, PU , and a private key, PR . PR is known
b b b
only to B, whereas PU is publicly available and therefore accessible by A.
b
With the message X and the encryption key PU as input, A forms the cipher-
b
text Y = [Y, Y, c, Y ]:
1 2 N
Y = E(PU , X)
b
The intended receiver, in possession of the matching private key, is able to invert
the transformation:
X = D(PR ,Y)
b
2The following notation is used consistently throughout. A secret key is represented by K , where m is
m
some modifier; for example, K is a secret key owned by user A. A public key is represented by PU, for
a a
user A, and the corresponding private key is PR. Encryption of plaintext X can be performed with a
a
secret key, a public key, or a private key, denoted by E(K, X), E(PU, X), and E(PR, X), respectively.
a a a
Similarly, decryption of ciphertext Y can be performed with a secret key, a public key, or a private key,
denoted by D(K, Y), D(PU, Y), and D(PR, Y), respectively.
a a a",pdf
9,"conventional encryption | public-key encryption needed to work: 1. the same algorithm with the same key is used for encryption and decryption. 2. the sender and receiver must share the algorithm and the key. needed for security: 1. the key must be kept secret. 2. it must be impossible or at least impractical to decipher a message if the key is kept secret. 3. knowledge of the algorithm plus samples of ciphertext must be insufficient to determine the key. | needed to work: 1. one algorithm is used for encryption and a related algorithm for decryption with a pair of keys, one for encryption and one for decryption. 2. the sender and receiver must each have one of the matched pair of keys (not the same one). needed for security: 1. one of the two keys must be kept secret. 2. it must be impossible or at least impractical to decipher a message if one of the keys is kept secret. 3. knowledge of the algorithm plus one of the keys plus samples of ciphertext must be insufficient to determine the other key.","9.1 / principles of public-key cryptosystems 289 table 9.2 conventional and public-key encryption conventional encryption public-key encryption needed to work: needed to work: 1. the same algorithm with the same key is 1. one algorithm is used for encryption and a related used for encryption and decryption. algorithm for decryption with a pair of keys, one for 2. the sender and receiver must share the encryption and one for decryption. algorithm and the key. 2. the sender and receiver must each have one of the matched pair of keys (not the same one). needed for security: 1. the key must be kept secret. needed for security: 2. it must be impossible or at least impractical 1. one of the two keys must be kept secret. to decipher a message if the key is kept 2. it must be impossible or at least impractical to secret. decipher a message if one of the keys is kept secret. 3. knowledge of the algorithm plus samples of 3. knowledge of the algorithm plus one of the keys ciphertext must be insufficient to determine plus samples of ciphertext must be insufficient to the key. determine the other key. an adversary, observing y and having access to pu , but not having access to pr b b or x, must attempt to recover x and/or pr . it is assumed that the adversary does b have knowledge of the encryption (e) and decryption (d) algorithms. if the ad- versary is interested only in this particular message, then the focus of effort is to n recover x by generating a plaintext estimate x. often, however, the adversary is interested in being able to read future messages as well, in which case an attempt is n made to recover pr by generating an estimate pr . b b ^ x cryptanalyst ^ pr b source a destination b x message encryption decryption destination source algorithm algorithm y = e[pu b , x] x = d[pr, y] b pu pr b b key pair source figure 9.2 public-key cryptosystem: confidentiality",38,,False,491ea201-239c-4d58-8ff6-f98212c52316,,D:20250814070014Z,2026-03-29T15:56:14.983419+00:00,ebb7323a_BCS703-module-2-textbook.pdf,9,pdf,ebb7323a_BCS703-module-2-textbook,38,,"9.1 / PRINCIPLES OF PUBLIC-KEY CRYPTOSYSTEMS 289
Table 9.2 Conventional and Public-Key Encryption
Conventional Encryption Public-Key Encryption
Needed to Work: Needed to Work:
1. The same algorithm with the same key is 1. One algorithm is used for encryption and a related
used for encryption and decryption. algorithm for decryption with a pair of keys, one for
2. The sender and receiver must share the encryption and one for decryption.
algorithm and the key. 2. The sender and receiver must each have one of the
matched pair of keys (not the same one).
Needed for Security:
1. The key must be kept secret. Needed for Security:
2. It must be impossible or at least impractical 1. One of the two keys must be kept secret.
to decipher a message if the key is kept 2. It must be impossible or at least impractical to
secret. decipher a message if one of the keys is kept secret.
3. Knowledge of the algorithm plus samples of 3. Knowledge of the algorithm plus one of the keys
ciphertext must be insufficient to determine plus samples of ciphertext must be insufficient to
the key. determine the other key.
An adversary, observing Y and having access to PU , but not having access to PR
b b
or X, must attempt to recover X and/or PR . It is assumed that the adversary does
b
have knowledge of the encryption (E) and decryption (D) algorithms. If the ad-
versary is interested only in this particular message, then the focus of effort is to
n
recover X by generating a plaintext estimate X. Often, however, the adversary is
interested in being able to read future messages as well, in which case an attempt is
n
made to recover PR by generating an estimate PR .
b b
^
X
Cryptanalyst
^
PR
b
Source A Destination B
X
Message Encryption Decryption
Destination
source algorithm algorithm
Y = E[PU b , X] X =
D[PR, Y]
b
PU PR
b b
Key pair
source
Figure 9.2 Public-Key Cryptosystem: Confidentiality

Tables:
Conventional Encryption | Public-Key Encryption
Needed to Work:
1. The same algorithm with the same key is
used for encryption and decryption.
2. The sender and receiver must share the
algorithm and the key.
Needed for Security:
1. The key must be kept secret.
2. It must be impossible or at least impractical
to decipher a message if the key is kept
secret.
3. Knowledge of the algorithm plus samples of
ciphertext must be insufficient to determine
the key. | Needed to Work:
1. One algorithm is used for encryption and a related
algorithm for decryption with a pair of keys, one for
encryption and one for decryption.
2. The sender and receiver must each have one of the
matched pair of keys (not the same one).
Needed for Security:
1. One of the two keys must be kept secret.
2. It must be impossible or at least impractical to
decipher a message if one of the keys is kept secret.
3. Knowledge of the algorithm plus one of the keys
plus samples of ciphertext must be insufficient to
determine the other key.",pdf
10,,"290 chapter 9 / public-key cryptography and rsa we mentioned earlier that either of the two related keys can be used for en- cryption, with the other being used for decryption. this enables a rather differ- ent cryptographic scheme to be implemented. whereas the scheme illustrated in figure 9.2 provides confidentiality, figures 9.1b and 9.3 show the use of public-key encryption to provide authentication: y = e(pr,x) a x = d(pu ,y) a in this case, a prepares a message to b and encrypts it using a’s private key before transmitting it. b can decrypt the message using a’s public key. because the message was encrypted using a’s private key, only a could have prepared the mes- sage. therefore, the entire encrypted message serves as a digital signature. in addi- tion, it is impossible to alter the message without access to a’s private key, so the message is authenticated both in terms of source and in terms of data integrity. in the preceding scheme, the entire message is encrypted, which, although val- idating both author and contents, requires a great deal of storage. each document must be kept in plaintext to be used for practical purposes. a copy also must be stored in ciphertext so that the origin and contents can be verified in case of a dis- pute. a more efficient way of achieving the same results is to encrypt a small block of bits that is a function of the document. such a block, called an authenticator, must have the property that it is infeasible to change the document without chang- ing the authenticator. if the authenticator is encrypted with the sender’s private key, it serves as a signature that verifies origin, content, and sequencing. chapter 13 examines this technique in detail. ^ cryptanalyst pr a source a destination b x message encryption decryption destination source algorithm y = e[pr a , x] algorithm x = d[pu , y] a pr pu a a key pair source figure 9.3 public-key cryptosystem: authentication",38,,False,4b239051-d722-43c6-852f-a47fc54b6f37,,D:20250814070014Z,2026-03-29T15:56:15.129398+00:00,ebb7323a_BCS703-module-2-textbook.pdf,10,pdf,ebb7323a_BCS703-module-2-textbook,38,,"290 CHAPTER 9 / PUBLIC-KEY CRYPTOGRAPHY AND RSA
We mentioned earlier that either of the two related keys can be used for en-
cryption, with the other being used for decryption. This enables a rather differ-
ent cryptographic scheme to be implemented. Whereas the scheme illustrated in
Figure 9.2 provides confidentiality, Figures 9.1b and 9.3 show the use of public-key
encryption to provide authentication:
Y = E(PR,X)
a
X = D(PU ,Y)
a
In this case, A prepares a message to B and encrypts it using A’s private key
before transmitting it. B can decrypt the message using A’s public key. Because the
message was encrypted using A’s private key, only A could have prepared the mes-
sage. Therefore, the entire encrypted message serves as a digital signature. In addi-
tion, it is impossible to alter the message without access to A’s private key, so the
message is authenticated both in terms of source and in terms of data integrity.
In the preceding scheme, the entire message is encrypted, which, although val-
idating both author and contents, requires a great deal of storage. Each document
must be kept in plaintext to be used for practical purposes. A copy also must be
stored in ciphertext so that the origin and contents can be verified in case of a dis-
pute. A more efficient way of achieving the same results is to encrypt a small block
of bits that is a function of the document. Such a block, called an authenticator,
must have the property that it is infeasible to change the document without chang-
ing the authenticator. If the authenticator is encrypted with the sender’s private
key, it serves as a signature that verifies origin, content, and sequencing. Chapter 13
examines this technique in detail.
^
Cryptanalyst PR a
Source A Destination B
X
Message Encryption Decryption
Destination
source algorithm Y = E[PR a , X] algorithm X =
D[PU , Y]
a
PR PU
a a
Key pair
source
Figure 9.3 Public-Key Cryptosystem: Authentication",pdf
11,,"9.1 / principles of public-key cryptosystems 291 it is important to emphasize that the encryption process depicted in figures 9.1b and 9.3 does not provide confidentiality. that is, the message being sent is safe from alteration but not from eavesdropping. this is obvious in the case of a signature based on a portion of the message, because the rest of the message is transmitted in the clear. even in the case of complete encryption, as shown in figure 9.3, there is no protection of confidentiality because any observer can decrypt the message by using the sender’s public key. it is, however, possible to provide both the authentication function and confi- dentiality by a double use of the public-key scheme (figure 9.4): z = e(pu , e(pr,x)) b a x = d(pu , d(pr ,z)) a b in this case, we begin as before by encrypting a message, using the sender’s private key. this provides the digital signature. next, we encrypt again, using the receiver’s public key. the final ciphertext can be decrypted only by the intended receiver, who alone has the matching private key. thus, confidentiality is provided. the disadvan- tage of this approach is that the public-key algorithm, which is complex, must be exercised four times rather than two in each communication. applications for public-key cryptosystems before proceeding, we need to clarify one aspect of public-key cryptosystems that is otherwise likely to lead to confusion. public-key systems are characterized by the use of a cryptographic algorithm with two keys, one held private and one available publicly. depending on the application, the sender uses either the sender’s private key or the receiver’s public key, or both, to perform some type of cryptographic source a destination b message x encryption y encryption z decryption y decryption x message source algorithm algorithm algorithm algorithm dest. pu pr b b key pair source pr pu a a key pair source figure 9.4 public-key cryptosystem: authentication and secrecy",38,,False,95fbaad9-45f5-4bdd-8d82-f782a572fc2f,,D:20250814070014Z,2026-03-29T15:56:15.290315+00:00,ebb7323a_BCS703-module-2-textbook.pdf,11,pdf,ebb7323a_BCS703-module-2-textbook,38,,"9.1 / PRINCIPLES OF PUBLIC-KEY CRYPTOSYSTEMS 291
It is important to emphasize that the encryption process depicted in Figures 9.1b
and 9.3 does not provide confidentiality. That is, the message being sent is safe from
alteration but not from eavesdropping. This is obvious in the case of a signature
based on a portion of the message, because the rest of the message is transmitted in
the clear. Even in the case of complete encryption, as shown in Figure 9.3, there is
no protection of confidentiality because any observer can decrypt the message by
using the sender’s public key.
It is, however, possible to provide both the authentication function and confi-
dentiality by a double use of the public-key scheme (Figure 9.4):
Z = E(PU , E(PR,X))
b a
X = D(PU , D(PR ,Z))
a b
In this case, we begin as before by encrypting a message, using the sender’s private
key. This provides the digital signature. Next, we encrypt again, using the receiver’s
public key. The final ciphertext can be decrypted only by the intended receiver, who
alone has the matching private key. Thus, confidentiality is provided. The disadvan-
tage of this approach is that the public-key algorithm, which is complex, must be
exercised four times rather than two in each communication.
Applications for Public-Key Cryptosystems
Before proceeding, we need to clarify one aspect of public-key cryptosystems that
is otherwise likely to lead to confusion. Public-key systems are characterized by the
use of a cryptographic algorithm with two keys, one held private and one available
publicly. Depending on the application, the sender uses either the sender’s private
key or the receiver’s public key, or both, to perform some type of cryptographic
Source A Destination B
Message X Encryption Y Encryption Z Decryption Y Decryption X Message
source algorithm algorithm algorithm algorithm dest.
PU PR
b b
Key pair
source
PR PU
a a
Key pair
source
Figure 9.4 Public-Key Cryptosystem: Authentication and Secrecy",pdf
12,algorithm | encryption/decryption | digital signature | key exchange rsa | yes | yes | yes elliptic curve | yes | yes | yes diffie–hellman | no | no | yes dss | no | yes | no,"292 chapter 9 / public-key cryptography and rsa function. in broad terms, we can classify the use of public-key cryptosystems into three categories ■ encryption/decryption: the sender encrypts a message with the recipient’s public key, and the recipient decrypts the message with the recipient’s private key. ■ digital signature: the sender “signs” a message with its private key. signing is achieved by a cryptographic algorithm applied to the message or to a small block of data that is a function of the message. ■ key exchange: two sides cooperate to exchange a session key, which is a secret key for symmetric encryption generated for use for a particular transaction (or session) and valid for a short period of time. several different approaches are possible, involving the private key(s) of one or both parties; this is discussed in chapter 10. some algorithms are suitable for all three applications, whereas others can be used only for one or two of these applications. table 9.3 indicates the applications supported by the algorithms discussed in this book. requirements for public-key cryptography the cryptosystem illustrated in figures 9.2 through 9.4 depends on a cryptographic algorithm based on two related keys. diffie and hellman postulated this system without demonstrating that such algorithms exist. however, they did lay out the conditions that such algorithms must fulfill [diff76b]. 1. it is computationally easy for a party b to generate a key pair (public key pu , b private key pr ). b 2. it is computationally easy for a sender a, knowing the public key and the mes- sage to be encrypted, m, to generate the corresponding ciphertext: c = e(pu , m) b 3. it is computationally easy for the receiver b to decrypt the resulting ciphertext using the private key to recover the original message: m = d(pr , c) = d[pr , e(pu , m)] b b b 4. it is computationally infeasible for an adversary, knowing the public key, pu , b to determine the private key, pr . b table 9.3 applications for public-key cryptosystems algorithm encryption/decryption digital signature key exchange rsa yes yes yes elliptic curve yes yes yes diffie–hellman no no yes dss no yes no",38,,False,7bc89dc2-abf3-4a05-a373-cc175589d249,,D:20250814070014Z,2026-03-29T15:56:15.479456+00:00,ebb7323a_BCS703-module-2-textbook.pdf,12,pdf,ebb7323a_BCS703-module-2-textbook,38,,"292 CHAPTER 9 / PUBLIC-KEY CRYPTOGRAPHY AND RSA
function. In broad terms, we can classify the use of public-key cryptosystems into
three categories
■ Encryption/decryption: The sender encrypts a message with the recipient’s
public key, and the recipient decrypts the message with the recipient’s private
key.
■ Digital signature: The sender “signs” a message with its private key. Signing
is achieved by a cryptographic algorithm applied to the message or to a small
block of data that is a function of the message.
■ Key exchange: Two sides cooperate to exchange a session key, which is a secret
key for symmetric encryption generated for use for a particular transaction (or
session) and valid for a short period of time. Several different approaches are
possible, involving the private key(s) of one or both parties; this is discussed in
Chapter 10.
Some algorithms are suitable for all three applications, whereas others can be
used only for one or two of these applications. Table 9.3 indicates the applications
supported by the algorithms discussed in this book.
Requirements for Public-Key Cryptography
The cryptosystem illustrated in Figures 9.2 through 9.4 depends on a cryptographic
algorithm based on two related keys. Diffie and Hellman postulated this system
without demonstrating that such algorithms exist. However, they did lay out the
conditions that such algorithms must fulfill [DIFF76b].
1. It is computationally easy for a party B to generate a key pair (public key PU ,
b
private key PR ).
b
2. It is computationally easy for a sender A, knowing the public key and the mes-
sage to be encrypted, M, to generate the corresponding ciphertext:
C = E(PU , M)
b
3. It is computationally easy for the receiver B to decrypt the resulting ciphertext
using the private key to recover the original message:
M = D(PR , C) = D[PR , E(PU , M)]
b b b
4. It is computationally infeasible for an adversary, knowing the public key, PU ,
b
to determine the private key, PR .
b
Table 9.3 Applications for Public-Key Cryptosystems
Algorithm Encryption/Decryption Digital Signature Key Exchange
RSA Yes Yes Yes
Elliptic Curve Yes Yes Yes
Diffie–Hellman No No Yes
DSS No Yes No

Tables:
Algorithm | Encryption/Decryption | Digital Signature | Key Exchange
RSA | Yes | Yes | Yes
Elliptic Curve | Yes | Yes | Yes
Diffie–Hellman | No | No | Yes
DSS | No | Yes | No",pdf
13,,"9.1 / principles of public-key cryptosystems 293 5. it is computationally infeasible for an adversary, knowing the public key, pu , b and a ciphertext, c, to recover the original message, m. we can add a sixth requirement that, although useful, is not necessary for all public-key applications: 6. the two keys can be applied in either order: m = d[pu , e(pr , m)] = d[pr , e(pu , m)] b b b b these are formidable requirements, as evidenced by the fact that only a few algorithms (rsa, elliptic curve cryptography, diffie–hellman, dss) have received widespread acceptance in the several decades since the concept of public-key cryp- tography was proposed. before elaborating on why the requirements are so formidable, let us first re- cast them. the requirements boil down to the need for a trap-door one-way func- tion. a one-way function3 is one that maps a domain into a range such that every function value has a unique inverse, with the condition that the calculation of the function is easy, whereas the calculation of the inverse is infeasible: y = f(x) easy x = f -1(y) infeasible generally, easy is defined to mean a problem that can be solved in polynomial time as a function of input length. thus, if the length of the input is n bits, then the time to compute the function is proportional to na, where a is a fixed constant. such algorithms are said to belong to the class p. the term infeasible is a much fuzzier concept. in general, we can say a problem is infeasible if the effort to solve it grows faster than polynomial time as a function of input size. for example, if the length of the input is n bits and the time to compute the function is proportional to 2n, the problem is considered infeasible. unfortunately, it is difficult to determine if a particular algorithm exhibits this complexity. furthermore, traditional notions of computational complexity focus on the worst-case or average-case complexity of an algorithm. these measures are inadequate for cryptography, which requires that it be infeasible to invert a function for virtually all inputs, not for the worst case or even average case. a brief introduction to some of these concepts is provided in appendix w. we now turn to the definition of a trap-door one-way function, which is easy to calculate in one direction and infeasible to calculate in the other direction un- less certain additional information is known. with the additional information the inverse can be calculated in polynomial time. we can summarize as follows: a trap- door one-way function is a family of invertible functions f , such that k y = f (x) easy, if k and x are known k x = f -1(y) easy, if k and y are known k x = f -1(y) infeasible, if y is known but k is not known k 3not to be confused with a one-way hash function, which takes an arbitrarily large data field as its argument and maps it to a fixed output. such functions are used for authentication (see chapter 11).",38,,False,fe6c8ccd-9f92-409d-849f-4c1cba8fcdbb,,D:20250814070014Z,2026-03-29T15:56:15.828237+00:00,ebb7323a_BCS703-module-2-textbook.pdf,13,pdf,ebb7323a_BCS703-module-2-textbook,38,,"9.1 / PRINCIPLES OF PUBLIC-KEY CRYPTOSYSTEMS 293
5. It is computationally infeasible for an adversary, knowing the public key, PU ,
b
and a ciphertext, C, to recover the original message, M.
We can add a sixth requirement that, although useful, is not necessary for all
public-key applications:
6. The two keys can be applied in either order:
M = D[PU , E(PR , M)] = D[PR , E(PU , M)]
b b b b
These are formidable requirements, as evidenced by the fact that only a few
algorithms (RSA, elliptic curve cryptography, Diffie–Hellman, DSS) have received
widespread acceptance in the several decades since the concept of public-key cryp-
tography was proposed.
Before elaborating on why the requirements are so formidable, let us first re-
cast them. The requirements boil down to the need for a trap-door one-way func-
tion. A one-way function3 is one that maps a domain into a range such that every
function value has a unique inverse, with the condition that the calculation of the
function is easy, whereas the calculation of the inverse is infeasible:
Y = f(X) easy
X = f -1(Y) infeasible
Generally, easy is defined to mean a problem that can be solved in polynomial
time as a function of input length. Thus, if the length of the input is n bits, then the
time to compute the function is proportional to na, where a is a fixed constant. Such
algorithms are said to belong to the class P. The term infeasible is a much fuzzier
concept. In general, we can say a problem is infeasible if the effort to solve it grows
faster than polynomial time as a function of input size. For example, if the length
of the input is n bits and the time to compute the function is proportional to 2n,
the problem is considered infeasible. Unfortunately, it is difficult to determine if a
particular algorithm exhibits this complexity. Furthermore, traditional notions of
computational complexity focus on the worst-case or average-case complexity of
an algorithm. These measures are inadequate for cryptography, which requires that
it be infeasible to invert a function for virtually all inputs, not for the worst case or
even average case. A brief introduction to some of these concepts is provided in
Appendix W.
We now turn to the definition of a trap-door one-way function, which is easy
to calculate in one direction and infeasible to calculate in the other direction un-
less certain additional information is known. With the additional information the
inverse can be calculated in polynomial time. We can summarize as follows: A trap-
door one-way function is a family of invertible functions f , such that
k
Y = f (X) easy, if k and X are known
k
X = f -1(Y) easy, if k and Y are known
k
X = f -1(Y) infeasible, if Y is known but k is not known
k
3Not to be confused with a one-way hash function, which takes an arbitrarily large data field as its
argument and maps it to a fixed output. Such functions are used for authentication (see Chapter 11).",pdf
14,,"294 chapter 9 / public-key cryptography and rsa thus, the development of a practical public-key scheme depends on discovery of a suitable trap-door one-way function. public-key cryptanalysis as with symmetric encryption, a public-key encryption scheme is vulnerable to a brute-force attack. the countermeasure is the same: use large keys. however, there is a tradeoff to be considered. public-key systems depend on the use of some sort of invertible mathematical function. the complexity of calculating these functions may not scale linearly with the number of bits in the key but grow more rapidly than that. thus, the key size must be large enough to make brute-force attack impractical but small enough for practical encryption and decryption. in practice, the key sizes that have been proposed do make brute-force attack impractical but result in encryp- tion/decryption speeds that are too slow for general-purpose use. instead, as was mentioned earlier, public-key encryption is currently confined to key management and signature applications. another form of attack is to find some way to compute the private key given the public key. to date, it has not been mathematically proven that this form of at- tack is infeasible for a particular public-key algorithm. thus, any given algorithm, including the widely used rsa algorithm, is suspect. the history of cryptanalysis shows that a problem that seems insoluble from one perspective can be found to have a solution if looked at in an entirely different way. finally, there is a form of attack that is peculiar to public-key systems. this is, in essence, a probable-message attack. suppose, for example, that a message were to be sent that consisted solely of a 56-bit des key. an adversary could encrypt all possible 56-bit des keys using the public key and could discover the encrypted key by matching the transmitted ciphertext. thus, no matter how large the key size of the public-key scheme, the attack is reduced to a brute-force attack on a 56-bit key. this attack can be thwarted by appending some random bits to such simple messages. 9.2 the rsa algorithm the pioneering paper by diffie and hellman [diff76b] introduced a new approach to cryptography and, in effect, challenged cryptologists to come up with a crypto- graphic algorithm that met the requirements for public-key systems. a number of algorithms have been proposed for public-key cryptography. some of these, though initially promising, turned out to be breakable.4 one of the first successful responses to the challenge was developed in 1977 by ron rivest, adi shamir, and len adleman at mit and first published in 1978 [rive78].5 the rivest-shamir-adleman (rsa) scheme has since that time reigned supreme as the most widely accepted and implemented general-purpose approach to public-key encryption. 4the most famous of the fallen contenders is the trapdoor knapsack proposed by ralph merkle. we describe this in appendix j. 5apparently, the first workable public-key system for encryption/decryption was put forward by clifford cocks of britain’s cesg in 1973 [cock73]; cocks’ method is virtually identical to rsa.",38,,False,5bd069f4-5f06-425e-ae60-048310dff67e,,D:20250814070014Z,2026-03-29T15:56:16.021995+00:00,ebb7323a_BCS703-module-2-textbook.pdf,14,pdf,ebb7323a_BCS703-module-2-textbook,38,,"294 CHAPTER 9 / PUBLIC-KEY CRYPTOGRAPHY AND RSA
Thus, the development of a practical public-key scheme depends on discovery of a
suitable trap-door one-way function.
Public-Key Cryptanalysis
As with symmetric encryption, a public-key encryption scheme is vulnerable to a
brute-force attack. The countermeasure is the same: Use large keys. However, there
is a tradeoff to be considered. Public-key systems depend on the use of some sort of
invertible mathematical function. The complexity of calculating these functions may
not scale linearly with the number of bits in the key but grow more rapidly than that.
Thus, the key size must be large enough to make brute-force attack impractical but
small enough for practical encryption and decryption. In practice, the key sizes that
have been proposed do make brute-force attack impractical but result in encryp-
tion/decryption speeds that are too slow for general-purpose use. Instead, as was
mentioned earlier, public-key encryption is currently confined to key management
and signature applications.
Another form of attack is to find some way to compute the private key given
the public key. To date, it has not been mathematically proven that this form of at-
tack is infeasible for a particular public-key algorithm. Thus, any given algorithm,
including the widely used RSA algorithm, is suspect. The history of cryptanalysis
shows that a problem that seems insoluble from one perspective can be found to
have a solution if looked at in an entirely different way.
Finally, there is a form of attack that is peculiar to public-key systems. This is,
in essence, a probable-message attack. Suppose, for example, that a message were
to be sent that consisted solely of a 56-bit DES key. An adversary could encrypt all
possible 56-bit DES keys using the public key and could discover the encrypted key
by matching the transmitted ciphertext. Thus, no matter how large the key size of the
public-key scheme, the attack is reduced to a brute-force attack on a 56-bit key. This
attack can be thwarted by appending some random bits to such simple messages.
9.2 THE RSA ALGORITHM
The pioneering paper by Diffie and Hellman [DIFF76b] introduced a new approach
to cryptography and, in effect, challenged cryptologists to come up with a crypto-
graphic algorithm that met the requirements for public-key systems. A number of
algorithms have been proposed for public-key cryptography. Some of these, though
initially promising, turned out to be breakable.4
One of the first successful responses to the challenge was developed in 1977
by Ron Rivest, Adi Shamir, and Len Adleman at MIT and first published in 1978
[RIVE78].5 The Rivest-Shamir-Adleman (RSA) scheme has since that time reigned
supreme as the most widely accepted and implemented general-purpose approach
to public-key encryption.
4The most famous of the fallen contenders is the trapdoor knapsack proposed by Ralph Merkle. We
describe this in Appendix J.
5Apparently, the first workable public-key system for encryption/decryption was put forward by Clifford
Cocks of Britain’s CESG in 1973 [COCK73]; Cocks’ method is virtually identical to RSA.",pdf
15,,"9.2 / the rsa algorithm 295 the rsa scheme is a cipher in which the plaintext and ciphertext are integers between 0 and n - 1 for some n. a typical size for n is 1024 bits, or 309 decimal digits. that is, n is less than 21024. we examine rsa in this section in some detail, beginning with an explanation of the algorithm. then we examine some of the com- putational and cryptanalytical implications of rsa. description of the algorithm rsa makes use of an expression with exponentials. plaintext is encrypted in blocks, with each block having a binary value less than some number n. that is, the block size must be less than or equal to log (n) + 1; in practice, the block size is i bits, 2 where 2i 6 n ... 2i+1. encryption and decryption are of the following form, for some plaintext block m and ciphertext block c. c = me mod n m = cd mod n = (me)d mod n = med mod n both sender and receiver must know the value of n. the sender knows the value of e, and only the receiver knows the value of d. thus, this is a public- key encryption algorithm with a public key of pu = {e, n} and a private key of pr = {d, n}. for this algorithm to be satisfactory for public-key encryption, the fol- lowing requirements must be met. 1. it is possible to find values of e, d, and n such that med mod n = m for all m 6 n. 2. it is relatively easy to calculate me mod n and cd mod n for all values of m 6 n. 3. it is infeasible to determine d given e and n. for now, we focus on the first requirement and consider the other questions later. we need to find a relationship of the form med mod n = m the preceding relationship holds if e and d are multiplicative inverses modulo f(n), where f(n) is the euler totient function. it is shown in chapter 2 that for p, q prime, f(pq) = (p - 1)(q - 1). the relationship between e and d can be expressed as ed mod f(n) = 1 (9.1) this is equivalent to saying ed k 1 mod f(n) d k e -1 mod f(n) that is, e and d are multiplicative inverses mod f(n). note that, according to the rules of modular arithmetic, this is true only if d (and therefore e) is relatively prime to f(n). equivalently, gcd(f(n), d) = 1. see appendix r for a proof that equation (9.1) satisfies the requirement for rsa. we are now ready to state the rsa scheme. the ingredients are the following: p, q, two prime numbers (private, chosen) n = pq (public, calculated) e, with gcd(f(n), e) = 1; 1 6 e 6 f(n) (public, chosen) d k e -1 (mod f(n)) (private, calculated)",38,,False,6cce8878-8a3a-4f4b-9065-c90782a95de5,,D:20250814070014Z,2026-03-29T15:56:16.209327+00:00,ebb7323a_BCS703-module-2-textbook.pdf,15,pdf,ebb7323a_BCS703-module-2-textbook,38,,"9.2 / THE RSA ALGORITHM 295
The RSA scheme is a cipher in which the plaintext and ciphertext are integers
between 0 and n - 1 for some n. A typical size for n is 1024 bits, or 309 decimal
digits. That is, n is less than 21024. We examine RSA in this section in some detail,
beginning with an explanation of the algorithm. Then we examine some of the com-
putational and cryptanalytical implications of RSA.
Description of the Algorithm
RSA makes use of an expression with exponentials. Plaintext is encrypted in blocks,
with each block having a binary value less than some number n. That is, the block
size must be less than or equal to log (n) + 1; in practice, the block size is i bits,
2
where 2i 6 n … 2i+1. Encryption and decryption are of the following form, for
some plaintext block M and ciphertext block C.
C = Me mod n
M = Cd mod n = (Me)d mod n = Med mod n
Both sender and receiver must know the value of n. The sender knows
the value of e, and only the receiver knows the value of d. Thus, this is a public-
key encryption algorithm with a public key of PU = {e, n} and a private key of
PR = {d, n}. For this algorithm to be satisfactory for public-key encryption, the fol-
lowing requirements must be met.
1. It is possible to find values of e, d, and n such that Med mod n = M for all M 6 n.
2. It is relatively easy to calculate Me mod n and Cd mod n for all values of M 6 n.
3. It is infeasible to determine d given e and n.
For now, we focus on the first requirement and consider the other questions
later. We need to find a relationship of the form
Med mod n = M
The preceding relationship holds if e and d are multiplicative inverses modulo f(n),
where f(n) is the Euler totient function. It is shown in Chapter 2 that for p, q prime,
f(pq) = (p - 1)(q - 1). The relationship between e and d can be expressed as
ed mod f(n) = 1 (9.1)
This is equivalent to saying
ed K 1 mod f(n)
d K e -1 mod f(n)
That is, e and d are multiplicative inverses mod f(n). Note that, according to the
rules of modular arithmetic, this is true only if d (and therefore e) is relatively
prime to f(n). Equivalently, gcd(f(n), d) = 1. See Appendix R for a proof that
Equation (9.1) satisfies the requirement for RSA.
We are now ready to state the RSA scheme. The ingredients are the following:
p, q, two prime numbers (private, chosen)
n = pq (public, calculated)
e, with gcd(f(n), e) = 1; 1 6 e 6 f(n) (public, chosen)
d K e -1 (mod f(n)) (private, calculated)",pdf
16,,"296 chapter 9 / public-key cryptography and rsa the private key consists of {d, n} and the public key consists of {e, n}. suppose that user a has published its public key and that user b wishes to send the message m to a. then b calculates c = me mod n and transmits c. on receipt of this ci- phertext, user a decrypts by calculating m = cd mod n. figure 9.5 summarizes the rsa algorithm. it corresponds to figure 9.1a: alice generates a public/private key pair; bob encrypts using alice’s public key; and alice decrypts using her private key. an example from [sing99] is shown in figure 9.6. for this example, the keys were generated as follows. 1. select two prime numbers, p = 17 and q = 11. 2. calculate n = pq = 17 * 11 = 187. 3. calculate f(n) = (p - 1)(q - 1) = 16 * 10 = 160. 4. select e such that e is relatively prime to f(n) = 160 and less than f(n); we choose e = 7. 5. determine d such that de k 1 (mod 160) and d 6 160. the correct value is d = 23, because 23 * 7 = 161 = (1 * 160) + 1; d can be calculated using the extended euclid’s algorithm (chapter 2). the resulting keys are public key pu = {7, 187} and private key pr = {23, 187}. the example shows the use of these keys for a plaintext input of m = 88. for encryption, we need to calculate c = 887 mod 187. exploiting the properties of modular arithmetic, we can do this as follows. 887 mod 187 = [(884 mod 187) * (882 mod 187) * (881 mod 187)] mod 187 881 mod 187 = 88 882 mod 187 = 7744 mod 187 = 77 884 mod 187 = 59,969,536 mod 187 = 132 887 mod 187 = (88 * 77 * 132) mod 187 = 894,432 mod 187 = 11 for decryption, we calculate m = 1123 mod 187: 1123 mod 187 = [(111 mod 187) * (112 mod 187) * (114 mod 187) * (118 mod 187) * (118 mod 187)] mod 187 111 mod 187 = 11 112 mod 187 = 121 114 mod 187 = 14,641 mod 187 = 55 118 mod 187 = 214,358,881 mod 187 = 33 1123 mod 187 = (11 * 121 * 55 * 33 * 33) mod 187 = 79,720,245 mod 187 = 88 we now look at an example from [hell79], which shows the use of rsa to process multiple blocks of data. in this simple example, the plaintext is an alpha- numeric string. each plaintext symbol is assigned a unique code of two decimal",38,,False,432de81b-fa2d-48f0-839e-b4f3b28514ba,,D:20250814070014Z,2026-03-29T15:56:16.376289+00:00,ebb7323a_BCS703-module-2-textbook.pdf,16,pdf,ebb7323a_BCS703-module-2-textbook,38,,"296 CHAPTER 9 / PUBLIC-KEY CRYPTOGRAPHY AND RSA
The private key consists of {d, n} and the public key consists of {e, n}. Suppose
that user A has published its public key and that user B wishes to send the message
M to A. Then B calculates C = Me mod n and transmits C. On receipt of this ci-
phertext, user A decrypts by calculating M = Cd mod n.
Figure 9.5 summarizes the RSA algorithm. It corresponds to Figure 9.1a: Alice
generates a public/private key pair; Bob encrypts using Alice’s public key; and Alice
decrypts using her private key. An example from [SING99] is shown in Figure 9.6.
For this example, the keys were generated as follows.
1. Select two prime numbers, p = 17 and q = 11.
2. Calculate n = pq = 17 * 11 = 187.
3. Calculate f(n) = (p - 1)(q - 1) = 16 * 10 = 160.
4. Select e such that e is relatively prime to f(n) = 160 and less than f(n); we
choose e = 7.
5. Determine d such that de K 1 (mod 160) and d 6 160. The correct value is
d = 23, because 23 * 7 = 161 = (1 * 160) + 1; d can be calculated using
the extended Euclid’s algorithm (Chapter 2).
The resulting keys are public key PU = {7, 187} and private key PR = {23, 187}.
The example shows the use of these keys for a plaintext input of M = 88. For
encryption, we need to calculate C = 887 mod 187. Exploiting the properties of
modular arithmetic, we can do this as follows.
887 mod 187 = [(884 mod 187) * (882 mod 187)
* (881 mod 187)] mod 187
881 mod 187 = 88
882 mod 187 = 7744 mod 187 = 77
884 mod 187 = 59,969,536 mod 187 = 132
887 mod 187 = (88 * 77 * 132) mod 187 = 894,432 mod 187 = 11
For decryption, we calculate M = 1123 mod 187:
1123 mod 187 = [(111 mod 187) * (112 mod 187) * (114 mod 187)
* (118 mod 187) * (118 mod 187)] mod 187
111 mod 187 = 11
112 mod 187 = 121
114 mod 187 = 14,641 mod 187 = 55
118 mod 187 = 214,358,881 mod 187 = 33
1123 mod 187 = (11 * 121 * 55 * 33 * 33) mod 187
= 79,720,245 mod 187 = 88
We now look at an example from [HELL79], which shows the use of RSA to
process multiple blocks of data. In this simple example, the plaintext is an alpha-
numeric string. Each plaintext symbol is assigned a unique code of two decimal",pdf
17,,"9.2 / the rsa algorithm 297 key generation by alice select p, q p and q both prime, p ≠ q calculate n = p * q calcuate f(n) = (p - 1)(q - 1) select integer e gcd (f(n), e) = 1; 1 6 e 6 f(n) calculate d d k e -1 (mod f(n)) public key pu = {e, n} private key pr = {d, n} encryption by bob with alice’s public key plaintext: m 6 n ciphertext: c = me mod n decryption by alice with alice’s public key ciphertext: c plaintext: m = cd mod n figure 9.5 the rsa algorithm encryption decryption ciphertext plaintext 7 11 23 plaintext 88 88 mod 187 = 11 11 mod 187 = 88 88 pu = 7, 187 pr (cid:2) 23, 187 figure 9.6 example of rsa algorithm digits (e.g., a = 00, a = 26).6 a plaintext block consists of four decimal digits, or two alphanumeric characters. figure 9.7a illustrates the sequence of events for the encryption of multiple blocks, and figure 9.7b gives a specific example. the circled numbers indicate the order in which operations are performed. computational aspects we now turn to the issue of the complexity of the computation required to use rsa. there are actually two issues to consider: encryption/decryption and key generation. let us look first at the process of encryption and decryption and then consider key generation. 6 the complete mapping of alphanumeric characters to decimal digits is at box.com/crypto7e in the doc- ument rsaexample.pdf.",38,,False,b83cd1a6-c47c-4fcb-b4a2-1fab75456aef,,D:20250814070014Z,2026-03-29T15:56:16.538089+00:00,ebb7323a_BCS703-module-2-textbook.pdf,17,pdf,ebb7323a_BCS703-module-2-textbook,38,,"9.2 / THE RSA ALGORITHM 297
Key Generation by Alice
Select p, q p and q both prime, p ≠ q
Calculate n = p * q
Calcuate f(n) = (p - 1)(q - 1)
Select integer e gcd (f(n), e) = 1; 1 6 e 6 f(n)
Calculate d d K e -1 (mod f(n))
Public key PU = {e, n}
Private key PR = {d, n}
Encryption by Bob with Alice’s Public Key
Plaintext: M 6 n
Ciphertext: C = Me mod n
Decryption by Alice with Alice’s Public Key
Ciphertext: C
Plaintext: M = Cd mod n
Figure 9.5 The RSA Algorithm
Encryption Decryption
Ciphertext
Plaintext 7 11 23 Plaintext
88 88 mod 187 = 11 11 mod 187 = 88 88
PU = 7, 187 PR (cid:2) 23, 187
Figure 9.6 Example of RSA Algorithm
digits (e.g., a = 00, A = 26).6 A plaintext block consists of four decimal digits, or
two alphanumeric characters. Figure 9.7a illustrates the sequence of events for the
encryption of multiple blocks, and Figure 9.7b gives a specific example. The circled
numbers indicate the order in which operations are performed.
Computational Aspects
We now turn to the issue of the complexity of the computation required to use
RSA. There are actually two issues to consider: encryption/decryption and key
generation. Let us look first at the process of encryption and decryption and then
consider key generation.
6 The complete mapping of alphanumeric characters to decimal digits is at box.com/Crypto7e in the doc-
ument RSAexample.pdf.",pdf
18,,"298 chapter 9 / public-key cryptography and rsa sender sender 3 3 plaintext p how_are_you? decimal string 33 14 22 62 00 17 04 62 24 14 20 66 4 4 blocks of numbers p = 3314p = 2262p = 0017 1 2 3 p, p, p = 0462p = 2414p = 2066 1 2 4 5 6 5 5 2 ciphertext c 2 c 1 = 331411 mod 11023 = 10260 c = 226211 mod 11023 = 9489 public key c 1 = p 1 e mod n e = 11 c 2 = 1711 mod 11023 = 1782 e, n c 2 = p 2 e mod n n = 11023 c 3 = 46211 mod 11023 = 727 4 c = 241411 mod 11023 = 10032 5 c = 206611 mod 11023 = 2253 6 n = pq 11023 = 73 151 transmit transmit 6 6 7 7 private key d = 5891 recovered p = 102605891 mod 11023 = 3314 d, n decimal text n = 11023 p 1 = 94895891 mod 11023 = 2262 2 p = cd mod n p = 17825891 mod 11023 = 0017 d = e–1 mod f(n) p 1 = c 1 d mod n 5891 = 11–1 mod 10800 p 3 = 7275891 mod 11023 = 0462 f(n) = (p – 1)(q – 1) 2 2 10800 = (73 – 1)(151 – 1) p 4 = 100325891 mod 11023 = 2414 5 1 n = pq 1 11023 = 73 51 p = 22535891 mod 11023 = 2066 6 e = 11 e, p, q p = 73, q = 151 random number random number receiver receiver generator generator (a) general approach (b) example figure 9.7 rsa processing of multiple blocks exponentiation in modular arithmetic both encryption and decryption in rsa involve raising an integer to an integer power, mod n. if the exponentiation is done over the integers and then reduced modulo n, the intermediate values would be gargantuan. fortunately, as the preceding example shows, we can make use of a property of modular arithmetic: [(a mod n) * (b mod n)] mod n = (a * b) mod n thus, we can reduce intermediate results modulo n. this makes the calculation practical. another consideration is the efficiency of exponentiation, because with rsa, we are dealing with potentially large exponents. to see how efficiency might be in- creased, consider that we wish to compute x16. a straightforward approach requires 15 multiplications: x16 = x * x * x * x * x * x * x * x * x * x * x * x * x * x * x * x",38,,False,edfe2434-e086-4f7f-8af1-76a5b596952f,,D:20250814070014Z,2026-03-29T15:56:16.814002+00:00,ebb7323a_BCS703-module-2-textbook.pdf,18,pdf,ebb7323a_BCS703-module-2-textbook,38,,"298 CHAPTER 9 / PUBLIC-KEY CRYPTOGRAPHY AND RSA
Sender Sender
3 3
Plaintext P How_are_you?
Decimal string 33 14 22 62 00 17 04 62 24 14 20 66
4 4
Blocks of numbers P = 3314P = 2262P = 0017
1 2 3
P, P, P = 0462P = 2414P = 2066
1 2 4 5 6
5 5
2 Ciphertext C 2 C 1 = 331411 mod 11023 = 10260
C = 226211 mod 11023 = 9489
Public key C 1 = P 1 e mod n e = 11 C 2 = 1711 mod 11023 = 1782
e, n C 2 = P 2 e mod n n = 11023 C 3 = 46211 mod 11023 = 727
4
C = 241411 mod 11023 = 10032
5
C = 206611 mod 11023 = 2253
6
n = pq 11023 = 73 151
Transmit Transmit
6 6
7 7
Private key d = 5891
Recovered P = 102605891 mod 11023 = 3314
d, n decimal text n = 11023 P 1 = 94895891 mod 11023 = 2262
2
P = Cd mod n P = 17825891 mod 11023 = 0017
d = e–1 mod f(n) P 1 = C 1 d mod n 5891 = 11–1 mod 10800 P 3 = 7275891 mod 11023 = 0462
f(n) = (p – 1)(q – 1) 2 2 10800 = (73 – 1)(151 – 1) P 4 = 100325891 mod 11023 = 2414
5
1 n = pq 1 11023 = 73 51 P = 22535891 mod 11023 = 2066
6
e = 11
e, p, q
p = 73, q = 151
Random number Random number
Receiver Receiver
generator generator
(a) General approach (b) Example
Figure 9.7 RSA Processing of Multiple Blocks
EXPONENTIATION IN MODULAR ARITHMETIC Both encryption and decryption in RSA
involve raising an integer to an integer power, mod n. If the exponentiation is done
over the integers and then reduced modulo n, the intermediate values would be
gargantuan. Fortunately, as the preceding example shows, we can make use of a
property of modular arithmetic:
[(a mod n) * (b mod n)] mod n = (a * b) mod n
Thus, we can reduce intermediate results modulo n. This makes the calculation
practical.
Another consideration is the efficiency of exponentiation, because with RSA,
we are dealing with potentially large exponents. To see how efficiency might be in-
creased, consider that we wish to compute x16. A straightforward approach requires
15 multiplications:
x16 = x * x * x * x * x * x * x * x * x * x * x * x * x * x * x * x",pdf
19,,"9.2 / the rsa algorithm 299 however, we can achieve the same final result with only four multiplications if we repeatedly take the square of each partial result, successively forming (x2, x4, x8, x16). as another example, suppose we wish to calculate x11 mod n for some integers x and n. observe that x11 = x1+2+8 = (x)(x2)(x8). in this case, we compute x mod n, x2 mod n, x4 mod n, and x8 mod n and then calculate [(x mod n) * (x2 mod n) * (x8 mod n)] mod n. more generally, suppose we wish to find the value ab mod n with a, b, and m positive integers. if we express b as a binary number b k b k-1 cb 0 , then we have b = a2i bi ≠0 therefore, σ2i ¢ ≤ ab = a bi ≠0 = qa(2i) bi ≠0 ab mod n = j qa(2i)r mod n = ¢ q ja(2i) mod nr≤ mod n bi ≠0 bi ≠0 we can therefore develop the algorithm7 for computing ab mod n, shown in figure 9.8. table 9.4 shows an example of the execution of this algorithm. note that the variable c is not needed; it is included for explanatory purposes. the final value of c is the value of the exponent. efficient operation using the public key to speed up the operation of the rsa algorithm using the public key, a specific choice of e is usually made. the most common choice is 65537 (216 + 1); two other popular choices are 3 and 17. each of these choices has only two 1 bits, so the number of multiplications required to per- form exponentiation is minimized. c 0; f 1 for i k downto 0 do c 2 × c f (f × f) mod n if b = 1 i then c c + 1 f (f × a) mod n return f note: the integer b is expressed as a binary number b k b k-1c b 0 . figure 9.8 algorithm for computing ab mod n 7the algorithm has a long history; this particular pseudocode expression is from [corm09].",38,,False,8565e24b-dd62-4aeb-9f9a-992844feb9d9,,D:20250814070014Z,2026-03-29T15:56:16.981265+00:00,ebb7323a_BCS703-module-2-textbook.pdf,19,pdf,ebb7323a_BCS703-module-2-textbook,38,,"9.2 / THE RSA ALGORITHM 299
However, we can achieve the same final result with only four multiplications if we
repeatedly take the square of each partial result, successively forming (x2, x4, x8, x16).
As another example, suppose we wish to calculate x11 mod n for some integers x
and n. Observe that x11 = x1+2+8 = (x)(x2)(x8). In this case, we compute x mod n,
x2 mod n, x4 mod n, and x8 mod n and then calculate [(x mod n) * (x2 mod n) *
(x8 mod n)] mod n.
More generally, suppose we wish to find the value ab mod n with a, b, and m
positive integers. If we express b as a binary number b k b k-1 cb 0 , then we have
b = a2i
bi ≠0
Therefore,
Σ2i
¢ ≤
ab = a bi ≠0 = qa(2i)
bi ≠0
ab mod n = J qa(2i)R mod n = ¢ q Ja(2i) mod nR≤ mod n
bi ≠0 bi ≠0
We can therefore develop the algorithm7 for computing ab mod n, shown in
Figure 9.8. Table 9.4 shows an example of the execution of this algorithm. Note that
the variable c is not needed; it is included for explanatory purposes. The final value
of c is the value of the exponent.
EFFICIENT OPERATION USING THE PUBLIC KEY To speed up the operation of the
RSA algorithm using the public key, a specific choice of e is usually made. The most
common choice is 65537 (216 + 1); two other popular choices are 3 and 17. Each of
these choices has only two 1 bits, so the number of multiplications required to per-
form exponentiation is minimized.
c 0; f 1
for i k downto 0
do c 2 × c
f (f × f) mod n
if b = 1
i
then c c + 1
f (f × a) mod n
return f
Note: The integer b is expressed as a
binary number b k b k-1c b 0 .
Figure 9.8 Algorithm for Computing ab mod n
7The algorithm has a long history; this particular pseudocode expression is from [CORM09].",pdf
20,i | 9 8 7 6 5 4 3 2 1 0 | | | | | | | | | b i c f | 1 | 0 | 0 | 0 | 1 | 1 | 0 | 0 | 0 | 0 | 1 | 2 | 4 | 8 | 17 | 35 | 70 | 140 | 280 | 560 | 7 | 49 | 157 | 526 | 160 | 241 | 298 | 166 | 67 | 1,"300 chapter 9 / public-key cryptography and rsa table 9.4 result of the fast modular exponentiation algorithm for ab mod n, where a = 7, b = 560 = 1000110000, and n = 561 i 9 8 7 6 5 4 3 2 1 0 b 1 0 0 0 1 1 0 0 0 0 i c 1 2 4 8 17 35 70 140 280 560 f 7 49 157 526 160 241 298 166 67 1 however, with a very small public key, such as e = 3, rsa becomes vulner- able to a simple attack. suppose we have three different rsa users who all use the value e = 3 but have unique values of n, namely (n , n , n ). if user a sends 1 2 3 the same encrypted message m to all three users, then the three ciphertexts are c = m3 mod n , c = m3 mod n , and c = m3 mod n . it is likely that n , n , 1 1 2 2 3 3 1 2 and n are pairwise relatively prime. therefore, one can use the chinese remainder 3 theorem (crt) to compute m3 mod (n n n ). by the rules of the rsa algorithm, 1 2 3 m is less than each of the n; therefore m3 6 n n n . accordingly, the attacker need i 1 2 3 only compute the cube root of m3. this attack can be countered by adding a unique pseudorandom bit string as padding to each instance of m to be encrypted. this ap- proach is discussed subsequently. the reader may have noted that the definition of the rsa algorithm (figure 9.5) requires that during key generation the user selects a value of e that is relatively prime to f(n). thus, if a value of e is selected first and the primes p and q are generated, it may turn out that gcd(f(n), e) ≠ 1. in that case, the user must reject the p, q values and generate a new p, q pair. efficient operation using the private key we cannot similarly choose a small constant value of d for efficient operation. a small value of d is vulnerable to a brute-force attack and to other forms of cryptanalysis [wien90]. however, there is a way to speed up computation using the crt. we wish to compute the value m = cd mod n. let us define the following intermediate results: v = cd mod p v = cd mod q p q following the crt using equation (8.8), define the quantities x = q * (q -1 mod p) x = p * (p -1 mod q) p q the crt then shows, using equation (8.9), that m = (vx + vx ) mod n p p q q furthermore, we can simplify the calculation of v and v using fermat’s p q theorem, which states that ap-1 k 1 (mod p) if p and a are relatively prime. some thought should convince you that the following are valid. v = cd mod p = cd mod(p-1) mod p v = cd mod q = cd mod(q-1) mod q p q",38,,False,14177e5a-aa47-4704-aaa1-3436a7aad020,,D:20250814070014Z,2026-03-29T15:56:17.195284+00:00,ebb7323a_BCS703-module-2-textbook.pdf,20,pdf,ebb7323a_BCS703-module-2-textbook,38,,"300 CHAPTER 9 / PUBLIC-KEY CRYPTOGRAPHY AND RSA
Table 9.4 Result of the Fast Modular Exponentiation Algorithm for ab mod n, where a = 7,
b = 560 = 1000110000, and n = 561
i 9 8 7 6 5 4 3 2 1 0
b 1 0 0 0 1 1 0 0 0 0
i
c 1 2 4 8 17 35 70 140 280 560
f 7 49 157 526 160 241 298 166 67 1
However, with a very small public key, such as e = 3, RSA becomes vulner-
able to a simple attack. Suppose we have three different RSA users who all use
the value e = 3 but have unique values of n, namely (n , n , n ). If user A sends
1 2 3
the same encrypted message M to all three users, then the three ciphertexts are
C = M3 mod n , C = M3 mod n , and C = M3 mod n . It is likely that n , n ,
1 1 2 2 3 3 1 2
and n are pairwise relatively prime. Therefore, one can use the Chinese remainder
3
theorem (CRT) to compute M3 mod (n n n ). By the rules of the RSA algorithm,
1 2 3
M is less than each of the n; therefore M3 6 n n n . Accordingly, the attacker need
i 1 2 3
only compute the cube root of M3. This attack can be countered by adding a unique
pseudorandom bit string as padding to each instance of M to be encrypted. This ap-
proach is discussed subsequently.
The reader may have noted that the definition of the RSA algorithm
(Figure 9.5) requires that during key generation the user selects a value of e that is
relatively prime to f(n). Thus, if a value of e is selected first and the primes p and q
are generated, it may turn out that gcd(f(n), e) ≠ 1. In that case, the user must
reject the p, q values and generate a new p, q pair.
EFFICIENT OPERATION USING THE PRIVATE KEY We cannot similarly choose a small
constant value of d for efficient operation. A small value of d is vulnerable to a
brute-force attack and to other forms of cryptanalysis [WIEN90]. However, there
is a way to speed up computation using the CRT. We wish to compute the value
M = Cd mod n. Let us define the following intermediate results:
V = Cd mod p V = Cd mod q
p q
Following the CRT using Equation (8.8), define the quantities
X = q * (q -1 mod p) X = p * (p -1 mod q)
p q
The CRT then shows, using Equation (8.9), that
M = (VX + VX ) mod n
p p q q
Furthermore, we can simplify the calculation of V and V using Fermat’s
p q
theorem, which states that ap-1 K 1 (mod p) if p and a are relatively prime. Some
thought should convince you that the following are valid.
V = Cd mod p = Cd mod(p-1) mod p V = Cd mod q = Cd mod(q-1) mod q
p q

Tables:
i | 9 8 7 6 5 4 3 2 1 0 |  |  |  |  |  |  |  |  | 
b
i
c
f | 1 | 0 | 0 | 0 | 1 | 1 | 0 | 0 | 0 | 0
 | 1 | 2 | 4 | 8 | 17 | 35 | 70 | 140 | 280 | 560
 | 7 | 49 | 157 | 526 | 160 | 241 | 298 | 166 | 67 | 1",pdf
21,,"9.2 / the rsa algorithm 301 the quantities d mod (p - 1) and d mod (q - 1) can be precalculated. the end result is that the calculation is approximately four times as fast as evaluating m = cd mod n directly [bone02]. key generation before the application of the public-key cryptosystem, each par- ticipant must generate a pair of keys. this involves the following tasks. ■ determining two prime numbers, p and q. ■ selecting either e or d and calculating the other. first, consider the selection of p and q. because the value of n = pq will be known to any potential adversary, in order to prevent the discovery of p and q by exhaustive methods, these primes must be chosen from a sufficiently large set (i.e., p and q must be large numbers). on the other hand, the method used for find- ing large primes must be reasonably efficient. at present, there are no useful techniques that yield arbitrarily large primes, so some other means of tackling the problem is needed. the procedure that is gen- erally used is to pick at random an odd number of the desired order of magnitude and test whether that number is prime. if not, pick successive random numbers until one is found that tests prime. a variety of tests for primality have been developed (e.g., see [knut98] for a description of a number of such tests). almost invariably, the tests are probabi- listic. that is, the test will merely determine that a given integer is probably prime. despite this lack of certainty, these tests can be run in such a way as to make the probability as close to 1.0 as desired. as an example, one of the more efficient and popular algorithms, the miller–rabin algorithm, is described in chapter 2. with this algorithm and most such algorithms, the procedure for testing whether a given integer n is prime is to perform some calculation that involves n and a randomly chosen integer a. if n “fails” the test, then n is not prime. if n “passes” the test, then n may be prime or nonprime. if n passes many such tests with many different randomly chosen values for a, then we can have high confidence that n is, in fact, prime. in summary, the procedure for picking a prime number is as follows. 1. pick an odd integer n at random (e.g., using a pseudorandom number generator). 2. pick an integer a 6 n at random. 3. perform the probabilistic primality test, such as miller–rabin, with a as a parameter. if n fails the test, reject the value n and go to step 1. 4. if n has passed a sufficient number of tests, accept n; otherwise, go to step 2. this is a somewhat tedious procedure. however, remember that this process is per- formed relatively infrequently: only when a new pair (pu, pr) is needed. it is worth noting how many numbers are likely to be rejected before a prime number is found. a result from number theory, known as the prime n umber theorem, states that the primes near n are spaced on the average one every",38,,False,5d3253ba-8a59-4fe1-90bd-77fea0dc9d96,,D:20250814070014Z,2026-03-29T15:56:17.369363+00:00,ebb7323a_BCS703-module-2-textbook.pdf,21,pdf,ebb7323a_BCS703-module-2-textbook,38,,"9.2 / THE RSA ALGORITHM 301
The quantities d mod (p - 1) and d mod (q - 1) can be precalculated. The
end result is that the calculation is approximately four times as fast as evaluating
M = Cd mod n directly [BONE02].
KEY GENERATION Before the application of the public-key cryptosystem, each par-
ticipant must generate a pair of keys. This involves the following tasks.
■ Determining two prime numbers, p and q.
■ Selecting either e or d and calculating the other.
First, consider the selection of p and q. Because the value of n = pq will be
known to any potential adversary, in order to prevent the discovery of p and q
by exhaustive methods, these primes must be chosen from a sufficiently large set
(i.e., p and q must be large numbers). On the other hand, the method used for find-
ing large primes must be reasonably efficient.
At present, there are no useful techniques that yield arbitrarily large primes,
so some other means of tackling the problem is needed. The procedure that is gen-
erally used is to pick at random an odd number of the desired order of magnitude
and test whether that number is prime. If not, pick successive random numbers until
one is found that tests prime.
A variety of tests for primality have been developed (e.g., see [KNUT98] for
a description of a number of such tests). Almost invariably, the tests are probabi-
listic. That is, the test will merely determine that a given integer is probably prime.
Despite this lack of certainty, these tests can be run in such a way as to make the
probability as close to 1.0 as desired. As an example, one of the more efficient
and popular algorithms, the Miller–Rabin algorithm, is described in Chapter 2.
With this algorithm and most such algorithms, the procedure for testing whether
a given integer n is prime is to perform some calculation that involves n and a
randomly chosen integer a. If n “fails” the test, then n is not prime. If n “passes”
the test, then n may be prime or nonprime. If n passes many such tests with many
different randomly chosen values for a, then we can have high confidence that n
is, in fact, prime.
In summary, the procedure for picking a prime number is as follows.
1. Pick an odd integer n at random (e.g., using a pseudorandom number
generator).
2. Pick an integer a 6 n at random.
3. Perform the probabilistic primality test, such as Miller–Rabin, with a as a
parameter. If n fails the test, reject the value n and go to step 1.
4. If n has passed a sufficient number of tests, accept n; otherwise, go to step 2.
This is a somewhat tedious procedure. However, remember that this process is per-
formed relatively infrequently: only when a new pair (PU, PR) is needed.
It is worth noting how many numbers are likely to be rejected before a
prime number is found. A result from number theory, known as the prime n umber
theorem, states that the primes near N are spaced on the average one every",pdf
22,,"302 chapter 9 / public-key cryptography and rsa ln (n) integers. thus, on average, one would have to test on the order of ln(n) integers before a prime is found. actually, because all even integers can be im- mediately rejected, the correct figure is ln(n)/2. for example, if a prime on the order of magnitude of 2200 were sought, then about ln(2200)/2 = 70 trials would be needed to find a prime. having determined prime numbers p and q, the process of key generation is completed by selecting a value of e and calculating d or, alternatively, selecting a value of d and calculating e. assuming the former, then we need to select an e such that gcd(f(n), e) = 1 and then calculate d k e -1 (mod f(n)). fortunately, there is a single algorithm that will, at the same time, calculate the greatest common divi- sor of two integers and, if the gcd is 1, determine the inverse of one of the integers modulo the other. the algorithm, referred to as the extended euclid’s algorithm, is explained in chapter 2. thus, the procedure is to generate a series of random numbers, testing each against f(n) until a number relatively prime to f(n) is found. again, we can ask the question: how many random numbers must we test to find a usable number, that is, a number relatively prime to f(n)? it can be shown easily that the probability that two random numbers are relatively prime is about 0.6; thus, very few tests would be needed to find a suitable integer (see problem 2.18). the security of rsa five possible approaches to attacking the rsa algorithm are ■ brute force: this involves trying all possible private keys. ■ mathematical attacks: there are several approaches, all equivalent in effort to factoring the product of two primes. ■ timing attacks: these depend on the running time of the decryption algorithm. ■ hardware fault-based attack: this involves inducing hardware faults in the processor that is generating digital signatures. ■ chosen ciphertext attacks: this type of attack exploits properties of the rsa algorithm. the defense against the brute-force approach is the same for rsa as for other cryptosystems, namely, to use a large key space. thus, the larger the number of bits in d, the better. however, because the calculations involved, both in key generation and in encryption/decryption, are complex, the larger the size of the key, the slower the system will run. in this subsection, we provide an overview of mathematical and timing attacks. the factoring problem we can identify three approaches to attacking rsa mathematically. 1. factor n into its two prime factors. this enables calculation of f(n) = (p - 1) * (q - 1), which in turn enables determination of d k e -1 (mod f(n)). 2. determine f(n) directly, without first determining p and q. again, this enables determination of d k e -1 (mod f(n)). 3. determine d directly, without first determining f(n).",38,,False,47215f87-b03c-4ba8-af92-125a9a7102f9,,D:20250814070014Z,2026-03-29T15:56:17.606250+00:00,ebb7323a_BCS703-module-2-textbook.pdf,22,pdf,ebb7323a_BCS703-module-2-textbook,38,,"302 CHAPTER 9 / PUBLIC-KEY CRYPTOGRAPHY AND RSA
ln (N) integers. Thus, on average, one would have to test on the order of ln(N)
integers before a prime is found. Actually, because all even integers can be im-
mediately rejected, the correct figure is ln(N)/2. For example, if a prime on the
order of magnitude of 2200 were sought, then about ln(2200)/2 = 70 trials would be
needed to find a prime.
Having determined prime numbers p and q, the process of key generation is
completed by selecting a value of e and calculating d or, alternatively, selecting a
value of d and calculating e. Assuming the former, then we need to select an e such
that gcd(f(n), e) = 1 and then calculate d K e -1 (mod f(n)). Fortunately, there is
a single algorithm that will, at the same time, calculate the greatest common divi-
sor of two integers and, if the gcd is 1, determine the inverse of one of the integers
modulo the other. The algorithm, referred to as the extended Euclid’s algorithm,
is explained in Chapter 2. Thus, the procedure is to generate a series of random
numbers, testing each against f(n) until a number relatively prime to f(n) is found.
Again, we can ask the question: How many random numbers must we test to find
a usable number, that is, a number relatively prime to f(n)? It can be shown easily
that the probability that two random numbers are relatively prime is about 0.6; thus,
very few tests would be needed to find a suitable integer (see Problem 2.18).
The Security of RSA
Five possible approaches to attacking the RSA algorithm are
■ Brute force: This involves trying all possible private keys.
■ Mathematical attacks: There are several approaches, all equivalent in effort to
factoring the product of two primes.
■ Timing attacks: These depend on the running time of the decryption algorithm.
■ Hardware fault-based attack: This involves inducing hardware faults in the
processor that is generating digital signatures.
■ Chosen ciphertext attacks: This type of attack exploits properties of the RSA
algorithm.
The defense against the brute-force approach is the same for RSA as for other
cryptosystems, namely, to use a large key space. Thus, the larger the number of bits
in d, the better. However, because the calculations involved, both in key generation
and in encryption/decryption, are complex, the larger the size of the key, the slower
the system will run.
In this subsection, we provide an overview of mathematical and timing attacks.
THE FACTORING PROBLEM We can identify three approaches to attacking RSA
mathematically.
1. Factor n into its two prime factors. This enables calculation of f(n) =
(p - 1) * (q - 1), which in turn enables determination of d K e -1 (mod f(n)).
2. Determine f(n) directly, without first determining p and q. Again, this enables
determination of d K e -1 (mod f(n)).
3. Determine d directly, without first determining f(n).",pdf
23,number of decimal digits | number of bits | date achieved 100 | 332 | april 1991 110 | 365 | april 1992 120 | 398 | june 1993 129 | 428 | april 1994 130 | 431 | april 1996 140 | 465 | february 1999 155 | 512 | august 1999 160 | 530 | april 2003 174 | 576 | december 2003 200 | 663 | may 2005 193 | 640 | november 2005 232 | 768 | december 2009,"9.2 / the rsa algorithm 303 most discussions of the cryptanalysis of rsa have focused on the task of factoring n into its two prime factors. determining f(n) given n is equivalent to factoring n [ribe96]. with presently known algorithms, determining d given e and n appears to be at least as time-consuming as the factoring problem [kali95]. hence, we can use factoring performance as a benchmark against which to evaluate the security of rsa. for a large n with large prime factors, factoring is a hard problem, but it is not as hard as it used to be. a striking illustration of this is the following. in 1977, the three inventors of rsa dared scientific american readers to decode a cipher they printed in martin gardner’s “mathematical games” column [gard77]. they of- fered a $100 reward for the return of a plaintext sentence, an event they predicted might not occur for some 40 quadrillion years. in april of 1994, a group working over the internet claimed the prize after only eight months of work [leut94]. this challenge used a public key size (length of n) of 129 decimal digits, or around 428 bits. in the meantime, just as they had done for des, rsa laboratories had issued challenges for the rsa cipher with key sizes of 100, 110, 120, and so on, digits. the latest challenge to be met is the rsa-768 challenge with a key length of 232 decimal digits, or 768 bits. table 9.5 shows the results. a striking fact about the progress reflected in table 9.5 concerns the method used. until the mid-1990s, factoring attacks were made using an approach known as the quadratic sieve. the attack on rsa-130 used a newer algorithm, the gen- eralized number field sieve (gnfs), and was able to factor a larger number than rsa-129 at only 20% of the computing effort. the threat to larger key sizes is twofold: the continuing increase in computing power and the continuing refinement of factoring algorithms. we have seen that the move to a different algorithm resulted in a tremendous speedup. we can expect further refinements in the gnfs, and the use of an even better algorithm is also a possibility. in fact, a related algorithm, the special number field sieve (snfs), table 9.5 progress in rsa factorization number of decimal digits number of bits date achieved 100 332 april 1991 110 365 april 1992 120 398 june 1993 129 428 april 1994 130 431 april 1996 140 465 february 1999 155 512 august 1999 160 530 april 2003 174 576 december 2003 200 663 may 2005 193 640 november 2005 232 768 december 2009",38,,False,94bdc083-a4f7-43bd-abca-00c330a895c2,,D:20250814070014Z,2026-03-29T15:56:17.861211+00:00,ebb7323a_BCS703-module-2-textbook.pdf,23,pdf,ebb7323a_BCS703-module-2-textbook,38,,"9.2 / THE RSA ALGORITHM 303
Most discussions of the cryptanalysis of RSA have focused on the task of
factoring n into its two prime factors. Determining f(n) given n is equivalent to
factoring n [RIBE96]. With presently known algorithms, determining d given
e and n appears to be at least as time-consuming as the factoring problem [KALI95].
Hence, we can use factoring performance as a benchmark against which to evaluate
the security of RSA.
For a large n with large prime factors, factoring is a hard problem, but it is not
as hard as it used to be. A striking illustration of this is the following. In 1977, the
three inventors of RSA dared Scientific American readers to decode a cipher they
printed in Martin Gardner’s “Mathematical Games” column [GARD77]. They of-
fered a $100 reward for the return of a plaintext sentence, an event they predicted
might not occur for some 40 quadrillion years. In April of 1994, a group working
over the Internet claimed the prize after only eight months of work [LEUT94]. This
challenge used a public key size (length of n) of 129 decimal digits, or around 428
bits. In the meantime, just as they had done for DES, RSA Laboratories had issued
challenges for the RSA cipher with key sizes of 100, 110, 120, and so on, digits. The
latest challenge to be met is the RSA-768 challenge with a key length of 232 decimal
digits, or 768 bits. Table 9.5 shows the results.
A striking fact about the progress reflected in Table 9.5 concerns the method
used. Until the mid-1990s, factoring attacks were made using an approach known
as the quadratic sieve. The attack on RSA-130 used a newer algorithm, the gen-
eralized number field sieve (GNFS), and was able to factor a larger number than
RSA-129 at only 20% of the computing effort.
The threat to larger key sizes is twofold: the continuing increase in computing
power and the continuing refinement of factoring algorithms. We have seen that
the move to a different algorithm resulted in a tremendous speedup. We can expect
further refinements in the GNFS, and the use of an even better algorithm is also
a possibility. In fact, a related algorithm, the special number field sieve (SNFS),
Table 9.5 Progress in RSA Factorization
Number of Decimal Digits Number of Bits Date Achieved
100 332 April 1991
110 365 April 1992
120 398 June 1993
129 428 April 1994
130 431 April 1996
140 465 February 1999
155 512 August 1999
160 530 April 2003
174 576 December 2003
200 663 May 2005
193 640 November 2005
232 768 December 2009

Tables:
Number of Decimal Digits | Number of Bits | Date Achieved
100 | 332 | April 1991
110 | 365 | April 1992
120 | 398 | June 1993
129 | 428 | April 1994
130 | 431 | April 1996
140 | 465 | February 1999
155 | 512 | August 1999
160 | 530 | April 2003
174 | 576 | December 2003
200 | 663 | May 2005
193 | 640 | November 2005
232 | 768 | December 2009",pdf
24,| | | | | | | | | | | | | | | | | | | | | | | | | | | | | | | | | | ge fie | | | | er | | | | | | | | ge fie | neral numb ld sieve | | er | | | | | | | | | | | | | | | | | | | | | | | | | | | | | | | | | | | | | | | | | | | | | | | | | | | | | | | | | s fi | | | er | | | | | | | | | s fi | pecial numb eld sieve | er | | | | | | | | | | | | | | | | | | | | | | | | | | | | | | | | | | | | | | | | | | | | |,"304 chapter 9 / public-key cryptography and rsa can factor numbers with a specialized form considerably faster than the generalized number field sieve. figure 9.9 compares the performance of the two algorithms. it is reasonable to expect a breakthrough that would enable a general factoring perfor- mance in about the same time as snfs, or even better [odly95]. thus, we need to be careful in choosing a key size for rsa. the team that produced the 768-bit factorization [klei10] observed that factoring a 1024-bit rsa modulus would be about a thousand times harder than factoring a 768-bit modulus, and a 768-bit rsa modulus is several thousands times harder to factor than a 512-bit one. based on the amount of time between the 512-bit and 768-bit factorization successes, the team felt it to be reasonable to expect that the 1024-bit rsa moduli could be factored well within the next decade by a similar academic effort. thus, they recommended phasing out usage of 1024-bit rsa within the next few years (from 2010). 1022 figure 9.9 mips-years needed to factor rotcaf ot dedeen sraey-spim 1020 1018 1016 general number field sieve 1014 1012 1010 108 special number field sieve 106 104 102 100 600 800 1000 1200 1400 1600 1800 2000 bits",38,,False,10a0519b-6202-4655-b85e-0689bc8b93c4,,D:20250814070014Z,2026-03-29T15:56:18.005266+00:00,ebb7323a_BCS703-module-2-textbook.pdf,24,pdf,ebb7323a_BCS703-module-2-textbook,38,,"304 CHAPTER 9 / PUBLIC-KEY CRYPTOGRAPHY AND RSA
can factor numbers with a specialized form considerably faster than the generalized
number field sieve. Figure 9.9 compares the performance of the two algorithms. It is
reasonable to expect a breakthrough that would enable a general factoring perfor-
mance in about the same time as SNFS, or even better [ODLY95]. Thus, we need
to be careful in choosing a key size for RSA. The team that produced the 768-bit
factorization [KLEI10] observed that factoring a 1024-bit RSA modulus would be
about a thousand times harder than factoring a 768-bit modulus, and a 768-bit RSA
modulus is several thousands times harder to factor than a 512-bit one. Based on the
amount of time between the 512-bit and 768-bit factorization successes, the team
felt it to be reasonable to expect that the 1024-bit RSA moduli could be factored
well within the next decade by a similar academic effort. Thus, they recommended
phasing out usage of 1024-bit RSA within the next few years (from 2010).
1022
Figure 9.9 MIPS-years Needed to Factor
rotcaf
ot
dedeen
sraey-SPIM
1020
1018
1016
General number
field sieve
1014
1012
1010
108
Special number
field sieve
106
104
102
100
600 800 1000 1200 1400 1600 1800 2000
Bits

Tables:
 |  |  |  |  |  |  |  |  |  |  | 
 |  |  |  |  |  |  |  |  |  |  | 
 |  |  |  |  |  |  |  |  |  |  | 
 | Ge
fie |  |  |  | er |  |  |  |  |  | 
 |  | Ge
fie | neral numb
ld sieve |  | er |  |  |  |  |  | 
 |  |  |  |  |  |  |  |  |  |  | 
 |  |  |  |  |  |  |  |  |  |  | 
 |  |  |  |  |  |  |  |  |  |  | 
 |  |  |  |  |  |  |  |  |  |  | 
 |  |  |  |  |  |  | S
fi |  |  | er | 
 |  |  |  |  |  |  |  | S
fi | pecial numb
eld sieve | er | 
 |  |  |  |  |  |  |  |  |  |  | 
 |  |  |  |  |  |  |  |  |  |  | 
 |  |  |  |  |  |  |  |  |  |  | 
 |  |  |  |  |  |  |  |  |  |  | ",pdf
25,,"9.2 / the rsa algorithm 305 in addition to specifying the size of n, a number of other constraints have been suggested by researchers. to avoid values of n that may be factored more easily, the algorithm’s inventors suggest the following constraints on p and q. 1. p and q should differ in length by only a few digits. thus, for a 1024-bit key (309 decimal digits), both p and q should be on the order of magnitude of 1075 to 10100. 2. both (p - 1) and (q - 1) should contain a large prime factor. 3. gcd(p - 1, q - 1) should be small. in addition, it has been demonstrated that if e 6 n and d 6 n1/4, then d can be easily determined [wien90]. timing attacks if one needed yet another lesson about how difficult it is to a ssess the security of a cryptographic algorithm, the appearance of timing attacks provides a stunning one. paul kocher, a cryptographic consultant, demonstrated that a snooper can determine a private key by keeping track of how long a computer takes to decipher messages [koch96, kali96b]. timing attacks are applicable not just to rsa, but to other public-key cryptography systems. this attack is alarming for two reasons: it comes from a completely unexpected direction, and it is a ciphertext- only attack. a timing attack is somewhat analogous to a burglar guessing the combi- nation of a safe by observing how long it takes for someone to turn the dial from number to number. we can explain the attack using the modular expo- nentiation algorithm of figure 9.8, but the attack can be adapted to work with any implementation that does not run in fixed time. in this algorithm, modular exponentiation is accomplished bit by bit, with one modular multiplication per- formed at each iteration and an additional modular multiplication performed for each 1 bit. as kocher points out in his paper, the attack is simplest to understand in an extreme case. suppose the target system uses a modular multiplication function that is very fast in almost all cases but in a few cases takes much more time than an entire average modular exponentiation. the attack proceeds bit-by-bit starting with the leftmost bit, b . suppose that the first j bits are known (to obtain the entire exponent, k start with j = 0 and repeat the attack until the entire exponent is known). for a given ciphertext, the attacker can complete the first j iterations of the for loop. the operation of the subsequent step depends on the unknown exponent bit. if the bit is set, d d (d * a) mod n will be executed. for a few values of a and d, the modu- lar multiplication will be extremely slow, and the attacker knows which these are. therefore, if the observed time to execute the decryption algorithm is always slow when this particular iteration is slow with a 1 bit, then this bit is assumed to be 1. if a number of observed execution times for the entire algorithm are fast, then this bit is assumed to be 0. in practice, modular exponentiation implementations do not have such ex- treme timing variations, in which the execution time of a single iteration can ex- ceed the mean execution time of the entire algorithm. nevertheless, there is enough variation to make this attack practical. for details, see [koch96].",38,,False,1ab34ebb-2bec-4a48-8cc0-7807773c3c3d,,D:20250814070014Z,2026-03-29T15:56:18.395879+00:00,ebb7323a_BCS703-module-2-textbook.pdf,25,pdf,ebb7323a_BCS703-module-2-textbook,38,,"9.2 / THE RSA ALGORITHM 305
In addition to specifying the size of n, a number of other constraints have been
suggested by researchers. To avoid values of n that may be factored more easily, the
algorithm’s inventors suggest the following constraints on p and q.
1. p and q should differ in length by only a few digits. Thus, for a 1024-bit key
(309 decimal digits), both p and q should be on the order of magnitude of
1075 to 10100.
2. Both (p - 1) and (q - 1) should contain a large prime factor.
3. gcd(p - 1, q - 1) should be small.
In addition, it has been demonstrated that if e 6 n and d 6 n1/4, then d can be easily
determined [WIEN90].
TIMING ATTACKS If one needed yet another lesson about how difficult it is to a ssess
the security of a cryptographic algorithm, the appearance of timing attacks provides
a stunning one. Paul Kocher, a cryptographic consultant, demonstrated that a
snooper can determine a private key by keeping track of how long a computer takes
to decipher messages [KOCH96, KALI96b]. Timing attacks are applicable not just
to RSA, but to other public-key cryptography systems. This attack is alarming for
two reasons: It comes from a completely unexpected direction, and it is a ciphertext-
only attack.
A timing attack is somewhat analogous to a burglar guessing the combi-
nation of a safe by observing how long it takes for someone to turn the dial
from number to number. We can explain the attack using the modular expo-
nentiation algorithm of Figure 9.8, but the attack can be adapted to work with
any implementation that does not run in fixed time. In this algorithm, modular
exponentiation is accomplished bit by bit, with one modular multiplication per-
formed at each iteration and an additional modular multiplication performed
for each 1 bit.
As Kocher points out in his paper, the attack is simplest to understand in an
extreme case. Suppose the target system uses a modular multiplication function that
is very fast in almost all cases but in a few cases takes much more time than an entire
average modular exponentiation. The attack proceeds bit-by-bit starting with the
leftmost bit, b . Suppose that the first j bits are known (to obtain the entire exponent,
k
start with j = 0 and repeat the attack until the entire exponent is known). For a
given ciphertext, the attacker can complete the first j iterations of the for loop. The
operation of the subsequent step depends on the unknown exponent bit. If the bit
is set, d d (d * a) mod n will be executed. For a few values of a and d, the modu-
lar multiplication will be extremely slow, and the attacker knows which these are.
Therefore, if the observed time to execute the decryption algorithm is always slow
when this particular iteration is slow with a 1 bit, then this bit is assumed to be 1.
If a number of observed execution times for the entire algorithm are fast, then this
bit is assumed to be 0.
In practice, modular exponentiation implementations do not have such ex-
treme timing variations, in which the execution time of a single iteration can ex-
ceed the mean execution time of the entire algorithm. Nevertheless, there is enough
variation to make this attack practical. For details, see [KOCH96].",pdf
26,,"306 chapter 9 / public-key cryptography and rsa although the timing attack is a serious threat, there are simple countermea- sures that can be used, including the following. ■ constant exponentiation time: ensure that all exponentiations take the same amount of time before returning a result. this is a simple fix but does degrade performance. ■ random delay: better performance could be achieved by adding a random delay to the exponentiation algorithm to confuse the timing attack. kocher points out that if defenders don’t add enough noise, attackers could still suc- ceed by collecting additional measurements to compensate for the random delays. ■ blinding: multiply the ciphertext by a random number before performing ex- ponentiation. this process prevents the attacker from knowing what cipher- text bits are being processed inside the computer and therefore prevents the bit-by-bit analysis essential to the timing attack. rsa data security incorporates a blinding feature into some of its products. the private-key operation m = c mod n is implemented as follows. d 1. generate a secret random number r between 0 and n - 1. 2. compute c′ = c(re) mod n, where e is the public exponent. 3. compute m′ = (c′)d mod n with the ordinary rsa implementation. 4. compute m = m′r -1 mod n. in this equation, r -1 is the multiplicative inverse of r mod n; see chapter 2 for a discussion of this concept. it can be demon- strated that this is the correct result by observing that red mod n = r mod n. rsa data security reports a 2 to 10% performance penalty for blinding. fault-based attack still another unorthodox approach to attacking rsa is re- ported in [pell10]. the approach is an attack on a processor that is generating rsa digital signatures. the attack induces faults in the signature computation by reducing the power to the processor. the faults cause the software to produce in- valid signatures, which can then be analyzed by the attacker to recover the private key. the authors show how such an analysis can be done and then demonstrate it by extracting a 1024-bit private rsa key in approximately 100 hours, using a com- mercially available microprocessor. the attack algorithm involves inducing single-bit errors and observing the re- sults. the details are provided in [pell10], which also references other proposed hardware fault-based attacks against rsa. this attack, while worthy of consideration, does not appear to be a serious threat to rsa. it requires that the attacker have physical access to the target ma- chine and that the attacker is able to directly control the input power to the pro- cessor. controlling the input power would for most hardware require more than simply controlling the ac power, but would also involve the power supply control hardware on the chip.",38,,False,3e144cee-01cd-4875-8ff1-e3f018a3fe97,,D:20250814070014Z,2026-03-29T15:56:18.618875+00:00,ebb7323a_BCS703-module-2-textbook.pdf,26,pdf,ebb7323a_BCS703-module-2-textbook,38,,"306 CHAPTER 9 / PUBLIC-KEY CRYPTOGRAPHY AND RSA
Although the timing attack is a serious threat, there are simple countermea-
sures that can be used, including the following.
■ Constant exponentiation time: Ensure that all exponentiations take the same
amount of time before returning a result. This is a simple fix but does degrade
performance.
■ Random delay: Better performance could be achieved by adding a random
delay to the exponentiation algorithm to confuse the timing attack. Kocher
points out that if defenders don’t add enough noise, attackers could still suc-
ceed by collecting additional measurements to compensate for the random
delays.
■ Blinding: Multiply the ciphertext by a random number before performing ex-
ponentiation. This process prevents the attacker from knowing what cipher-
text bits are being processed inside the computer and therefore prevents the
bit-by-bit analysis essential to the timing attack.
RSA Data Security incorporates a blinding feature into some of its products.
The private-key operation M = C mod n is implemented as follows.
d
1. Generate a secret random number r between 0 and n - 1.
2. Compute C′ = C(re) mod n, where e is the public exponent.
3. Compute M′ = (C′)d mod n with the ordinary RSA implementation.
4. Compute M = M′r -1 mod n. In this equation, r -1 is the multiplicative inverse
of r mod n; see Chapter 2 for a discussion of this concept. It can be demon-
strated that this is the correct result by observing that red mod n = r mod n.
RSA Data Security reports a 2 to 10% performance penalty for blinding.
FAULT-BASED ATTACK Still another unorthodox approach to attacking RSA is re-
ported in [PELL10]. The approach is an attack on a processor that is generating
RSA digital signatures. The attack induces faults in the signature computation by
reducing the power to the processor. The faults cause the software to produce in-
valid signatures, which can then be analyzed by the attacker to recover the private
key. The authors show how such an analysis can be done and then demonstrate it
by extracting a 1024-bit private RSA key in approximately 100 hours, using a com-
mercially available microprocessor.
The attack algorithm involves inducing single-bit errors and observing the re-
sults. The details are provided in [PELL10], which also references other proposed
hardware fault-based attacks against RSA.
This attack, while worthy of consideration, does not appear to be a serious
threat to RSA. It requires that the attacker have physical access to the target ma-
chine and that the attacker is able to directly control the input power to the pro-
cessor. Controlling the input power would for most hardware require more than
simply controlling the AC power, but would also involve the power supply control
hardware on the chip.",pdf
27,,"9.2 / the rsa algorithm 307 chosen ciphertext attack and optimal asymmetric encryption padding the basic rsa algorithm is vulnerable to a chosen ciphertext attack (cca). cca is defined as an attack in which the adversary chooses a number of ciphertexts and is then given the corresponding plaintexts, decrypted with the target’s private key. thus, the adversary could select a plaintext, encrypt it with the target’s public key, and then be able to get the plaintext back by having it decrypted with the private key. clearly, this provides the adversary with no new information. instead, the ad- versary exploits properties of rsa and selects blocks of data that, when processed using the target’s private key, yield information needed for cryptanalysis. a simple example of a cca against rsa takes advantage of the following property of rsa: e(pu, m) * e(pu, m) = e(pu, [m * m]) (9.2) 1 2 1 2 we can decrypt c = me mod n using a cca as follows. 1. compute x = (c * 2e) mod n. 2. submit x as a chosen ciphertext and receive back y = xd mod n. but now note that x = (c mod n) * (2e mod n) = (me mod n) * (2e mod n) = (2m)e mod n therefore, y = (2m) mod n. from this, we can deduce m. to overcome this simple attack, practical rsa-based cryptosystems randomly pad the plaintext prior to encryption. this randomizes the ciphertext so that equation (9.2) no longer holds. however, more sophisticated ccas are possible, and a simple padding with a random value has been shown to be insufficient to provide the desired security. to counter such attacks, rsa security inc., a leading rsa vendor and former holder of the rsa patent, recommends modifying the plaintext using a procedure known as optimal asymmetric encryption padding (oaep). a full discussion of the threats and oaep are beyond our scope; see [poin02] for an introduction and [bell94] for a thorough analysis. here, we simply summarize the oaep procedure. figure 9.10 depicts oaep encryption. as a first step, the message m to be en- crypted is padded. a set of optional parameters, p, is passed through a hash func- tion, h.8 the output is then padded with zeros to get the desired length in the overall data block (db). next, a random seed is generated and passed through another hash function, called the mask generating function (mgf). the resulting hash value is bit- by-bit xored with db to produce a maskeddb. the maskeddb is in turn passed through the mgf to form a hash that is xored with the seed to produce the masked- seed. the concatenation of the maskedseed and the maskeddb forms the encoded message em. note that the em includes the padded message, masked by the seed, and the seed, masked by the maskeddb. the em is then encrypted using rsa. 8a hash function maps a variable-length data block or message into a fixed-length value called a hash code. hash functions are discussed in depth in chapter 11.",38,,False,fbd30204-4141-44b3-8fc5-61a2710883fe,,D:20250814070014Z,2026-03-29T15:56:18.890622+00:00,ebb7323a_BCS703-module-2-textbook.pdf,27,pdf,ebb7323a_BCS703-module-2-textbook,38,,"9.2 / THE RSA ALGORITHM 307
CHOSEN CIPHERTEXT ATTACK AND OPTIMAL ASYMMETRIC ENCRYPTION PADDING The
basic RSA algorithm is vulnerable to a chosen ciphertext attack (CCA). CCA is
defined as an attack in which the adversary chooses a number of ciphertexts and
is then given the corresponding plaintexts, decrypted with the target’s private key.
Thus, the adversary could select a plaintext, encrypt it with the target’s public key,
and then be able to get the plaintext back by having it decrypted with the private
key. Clearly, this provides the adversary with no new information. Instead, the ad-
versary exploits properties of RSA and selects blocks of data that, when processed
using the target’s private key, yield information needed for cryptanalysis.
A simple example of a CCA against RSA takes advantage of the following
property of RSA:
E(PU, M) * E(PU, M) = E(PU, [M * M]) (9.2)
1 2 1 2
We can decrypt C = Me mod n using a CCA as follows.
1. Compute X = (C * 2e) mod n.
2. Submit X as a chosen ciphertext and receive back Y = Xd mod n.
But now note that
X = (C mod n) * (2e mod n)
= (Me mod n) * (2e mod n)
= (2M)e mod n
Therefore, Y = (2M) mod n. From this, we can deduce M. To overcome this
simple attack, practical RSA-based cryptosystems randomly pad the plaintext prior
to encryption. This randomizes the ciphertext so that Equation (9.2) no longer
holds. However, more sophisticated CCAs are possible, and a simple padding with a
random value has been shown to be insufficient to provide the desired security. To
counter such attacks, RSA Security Inc., a leading RSA vendor and former holder
of the RSA patent, recommends modifying the plaintext using a procedure known
as optimal asymmetric encryption padding (OAEP). A full discussion of the threats
and OAEP are beyond our scope; see [POIN02] for an introduction and [BELL94]
for a thorough analysis. Here, we simply summarize the OAEP procedure.
Figure 9.10 depicts OAEP encryption. As a first step, the message M to be en-
crypted is padded. A set of optional parameters, P, is passed through a hash func-
tion, H.8 The output is then padded with zeros to get the desired length in the overall
data block (DB). Next, a random seed is generated and passed through another hash
function, called the mask generating function (MGF). The resulting hash value is bit-
by-bit XORed with DB to produce a maskedDB. The maskedDB is in turn passed
through the MGF to form a hash that is XORed with the seed to produce the masked-
seed. The concatenation of the maskedseed and the maskedDB forms the encoded
message EM. Note that the EM includes the padded message, masked by the seed,
and the seed, masked by the maskedDB. The EM is then encrypted using RSA.
8A hash function maps a variable-length data block or message into a fixed-length value called a hash
code. Hash functions are discussed in depth in Chapter 11.",pdf
28,| | m | | h(p) | | | | | padding | | | db | | | maskeddb | mgf maskedseed | | em | chosen ciphertext attack (cca) digital signature key exchange one-way function | optimal asymmetric encryption padding (oaep) private key public key public-key cryptography | public-key cryptosystems public-key encryption rsa timing attack trap-door one-way function,"308 chapter 9 / public-key cryptography and rsa p seed m h(p) padding db mgf maskeddb mgf maskedseed em p = encoding parameters db = data block m = message to be encoded mgf = mask generating function h = hash function em = encoded message figure 9.10 encryption using optimal asymmetric encryption padding (oaep) 9.3 key terms, review questions, and problems key terms chosen ciphertext attack optimal asymmetric encryption public-key cryptosystems (cca) padding (oaep) public-key encryption digital signature private key rsa key exchange public key timing attack one-way function public-key cryptography trap-door one-way function review questions 9.1 what is a public key certificate? 9.2 what are the roles of the public and private key? 9.3 what are three broad categories of applications of public-key cryptosystems?",38,,False,ba4dbd38-8471-4d20-b8e3-bb49d9ee9f2c,,D:20250814070014Z,2026-03-29T15:56:19.101577+00:00,ebb7323a_BCS703-module-2-textbook.pdf,28,pdf,ebb7323a_BCS703-module-2-textbook,38,,"308 CHAPTER 9 / PUBLIC-KEY CRYPTOGRAPHY AND RSA
P
Seed M
H(P)
Padding
DB
MGF
MaskedDB
MGF
Maskedseed
EM
P = encoding parameters DB = data block
M = message to be encoded MGF = mask generating function
H = hash function EM = encoded message
Figure 9.10 Encryption Using Optimal Asymmetric
Encryption Padding (OAEP)
9.3 KEY TERMS, REVIEW QUESTIONS, AND PROBLEMS
Key Terms
chosen ciphertext attack optimal asymmetric encryption public-key cryptosystems
(CCA) padding (OAEP) public-key encryption
digital signature private key RSA
key exchange public key timing attack
one-way function public-key cryptography trap-door one-way function
Review Questions
9.1 What is a public key certificate?
9.2 What are the roles of the public and private key?
9.3 What are three broad categories of applications of public-key cryptosystems?

Tables:
 |  | M
 |  | 
H(P) |  | 
 |  | 
 | Padding | 
 |  | 
DB |  | 
 | MaskedDB
 | MGF
Maskedseed | 
 | 
EM | 
chosen ciphertext attack
(CCA)
digital signature
key exchange
one-way function | optimal asymmetric encryption
padding (OAEP)
private key
public key
public-key cryptography | public-key cryptosystems
public-key encryption
RSA
timing attack
trap-door one-way function",pdf
29,,"314 chapter 10 / other public-key cryptosystems learning objectives after studying this chapter, you should be able to: ◆ define diffie–hellman key exchange. ◆ understand the man-in-the-middle attack. ◆ present an overview of the elgamal cryptographic system. ◆ understand elliptic curve arithmetic. ◆ present an overview of elliptic curve cryptography. ◆ present two techniques for generating pseudorandom numbers using an asymmetric cipher. this chapter begins with a description of one of the earliest and simplest pkcs: diffie–hellman key exchange. the chapter then looks at another important scheme, the elgamal pkcs. next, we look at the increasingly important pkcs known as elliptic curve cryptography. finally, the use of public-key algorithms for pseudorandom num- ber generation is examined. 10.1 diffie–hellman key exchange the first published public-key algorithm appeared in the seminal paper by diffie and hellman that defined public-key cryptography [diff76b] and is generally re- ferred to as diffie–hellman key exchange.1 a number of commercial products em- ploy this key exchange technique. the purpose of the algorithm is to enable two users to securely exchange a key that can then be used for subsequent symmetric encryption of messages. the algorithm itself is limited to the exchange of secret values. the diffie–hellman algorithm depends for its effectiveness on the difficulty of computing discrete logarithms. briefly, we can define the discrete logarithm in the following way. recall from chapter 2 that a primitive root of a prime number p is one whose powers modulo p generate all the integers from 1 to p - 1. that is, if a is a primitive root of the prime number p, then the numbers a mod p, a2 mod p, c, ap-1 mod p are distinct and consist of the integers from 1 through p - 1 in some permutation. for any integer b and a primitive root a of prime number p, we can find a unique exponent i such that b k ai (mod p) where 0 ... i ... (p - 1) 1williamson of britain’s cesg published the identical scheme a few months earlier in a classified docu- ment [will76] and claims to have discovered it several years prior to that; see [elli99] for a discussion.",38,,False,d897659d-e7fb-4e96-a883-acf565917367,,D:20250814070014Z,2026-03-29T15:56:19.342320+00:00,ebb7323a_BCS703-module-2-textbook.pdf,29,pdf,ebb7323a_BCS703-module-2-textbook,38,,"314 CHAPTER 10 / OTHER PUBLIC-KEY CRYPTOSYSTEMS
LEARNING OBJECTIVES
After studying this chapter, you should be able to:
◆ Define Diffie–Hellman key exchange.
◆ Understand the man-in-the-middle attack.
◆ Present an overview of the Elgamal cryptographic system.
◆ Understand elliptic curve arithmetic.
◆ Present an overview of elliptic curve cryptography.
◆ Present two techniques for generating pseudorandom numbers using an
asymmetric cipher.
This chapter begins with a description of one of the earliest and simplest PKCS:
Diffie–Hellman key exchange. The chapter then looks at another important scheme,
the Elgamal PKCS. Next, we look at the increasingly important PKCS known as elliptic
curve cryptography. Finally, the use of public-key algorithms for pseudorandom num-
ber generation is examined.
10.1 DIFFIE–HELLMAN KEY EXCHANGE
The first published public-key algorithm appeared in the seminal paper by Diffie
and Hellman that defined public-key cryptography [DIFF76b] and is generally re-
ferred to as Diffie–Hellman key exchange.1 A number of commercial products em-
ploy this key exchange technique.
The purpose of the algorithm is to enable two users to securely exchange a
key that can then be used for subsequent symmetric encryption of messages. The
algorithm itself is limited to the exchange of secret values.
The Diffie–Hellman algorithm depends for its effectiveness on the difficulty
of computing discrete logarithms. Briefly, we can define the discrete logarithm in
the following way. Recall from Chapter 2 that a primitive root of a prime number p
is one whose powers modulo p generate all the integers from 1 to p - 1. That is, if
a is a primitive root of the prime number p, then the numbers
a mod p, a2 mod p, c, ap-1 mod p
are distinct and consist of the integers from 1 through p - 1 in some permutation.
For any integer b and a primitive root a of prime number p, we can find a
unique exponent i such that
b K ai (mod p) where 0 … i … (p - 1)
1Williamson of Britain’s CESG published the identical scheme a few months earlier in a classified docu-
ment [WILL76] and claims to have discovered it several years prior to that; see [ELLI99] for a discussion.",pdf
30,alice calculates a public key ya = axa mod q | | alice receives bob’s public key yb in plaintext |,"10.1 / diffie–hellman key exchange 315 the exponent i is referred to as the discrete logarithm of b for the base a, mod p. we express this value as dlog (b). see chapter 2 for an extended discussion of discrete a,p logarithms. the algorithm figure 10.1 summarizes the diffie–hellman key exchange algorithm. for this scheme, there are two publicly known numbers: a prime number q and an inte- ger a that is a primitive root of q. suppose the users a and b wish to create a shared key. user a selects a random integer x 6 q and computes y = axa mod q. a a similarly, user b independently selects a random integer x 6 q and computes b y = axb mod q. each side keeps the x value private and makes the y value avail- b able publicly to the other side. thus, x is a’s private key and y is a’s correspond- a a ing public key, and similarly for b. user a computes the key as k = (y )xa mod q b and user b computes the key as k = (y )xb mod q. these two calculations produce a identical results: alice bob alice and bob share a alice and bob share a prime number q and an prime number q and an integer a, such that a < q and integer a, such that a < q and a is a primitive root of q a is a primitive root of q alice generates a private bob generates a private key xa such that xa < q key xb such that xb < q alice calculates a public bob calculates a public key ya = axa mod q y a yb key yb = axb mod q alice receives bob’s bob receives alice’s public key yb in plaintext public key ya in plaintext alice calculates shared bob calculates shared secret key k = (yb)xa mod q secret key k = (ya)xb mod q figure 10.1 the diffie–hellman key exchange",38,,False,5348cc83-8439-4fa3-b680-5a0640cc008a,,D:20250814070014Z,2026-03-29T15:56:19.972067+00:00,ebb7323a_BCS703-module-2-textbook.pdf,30,pdf,ebb7323a_BCS703-module-2-textbook,38,,"10.1 / DIFFIE–HELLMAN KEY EXCHANGE 315
The exponent i is referred to as the discrete logarithm of b for the base a, mod p. We
express this value as dlog (b). See Chapter 2 for an extended discussion of discrete
a,p
logarithms.
The Algorithm
Figure 10.1 summarizes the Diffie–Hellman key exchange algorithm. For this
scheme, there are two publicly known numbers: a prime number q and an inte-
ger a that is a primitive root of q. Suppose the users A and B wish to create a
shared key.
User A selects a random integer X 6 q and computes Y = aXA mod q.
A A
Similarly, user B independently selects a random integer X 6 q and computes
B
Y = aXB mod q. Each side keeps the X value private and makes the Y value avail-
B
able publicly to the other side. Thus, X is A’s private key and Y is A’s correspond-
A A
ing public key, and similarly for B. User A computes the key as K = (Y )XA mod q
B
and user B computes the key as K = (Y )XB mod q. These two calculations produce
A
identical results:
Alice Bob
Alice and Bob share a Alice and Bob share a
prime number q and an prime number q and an
integer A, such that A < q and integer A, such that A < q and
A is a primitive root of q A is a primitive root of q
Alice generates a private Bob generates a private
key XA such that XA < q key XB such that XB < q
Alice calculates a public Bob calculates a public
key YA = AXA mod q Y A YB key YB = AXB mod q
Alice receives Bob’s Bob receives Alice’s
public key YB in plaintext public key YA in plaintext
Alice calculates shared Bob calculates shared
secret key K = (YB)XA mod q secret key K = (YA)XB mod q
Figure 10.1 The Diffie–Hellman Key Exchange

Tables:
Alice calculates a public
key YA = AXA mod q | 
 | 
Alice receives Bob’s
public key YB in plaintext | ",pdf
31,,"316 chapter 10 / other public-key cryptosystems k = (y )xa mod q b = (axb mod q)xa mod q = (axb)xa mod q by the rules of modular arithmetic = axbxa mod q = (axa)xb mod q = (axa mod q)xb mod q = (y )xb mod q a the result is that the two sides have exchanged a secret value. typically, this secret value is used as shared symmetric secret key. now consider an adversary who can observe the key exchange and wishes to determine the secret key k. because x and x are private, an adversary only has the following ingredients to work with: a b q, a, y , and y . thus, the adversary is forced to take a discrete logarithm to deter- a b mine the key. for example, to determine the private key of user b, an adversary must compute x b = dloga,q (y b ) the adversary can then calculate the key k in the same manner as user b calculates it. that is, the adversary can calculate k as k = (y )xb mod q a the security of the diffie–hellman key exchange lies in the fact that, while it is relatively easy to calculate exponentials modulo a prime, it is very difficult to calculate discrete logarithms. for large primes, the latter task is considered infeasible. here is an example. key exchange is based on the use of the prime number q = 353 and a primitive root of 353, in this case a = 3. a and b select private keys x = 97 and x = 233, respectively. each computes its public key: a b a computes y = 397 mod 353 = 40. a b computes y = 3233 mod 353 = 248. b after they exchange public keys, each can compute the common secret key: a computes k = (y )xa mod 353 = 24897 mod 353 = 160. b b computes k = (y )xb mod 353 = 40233 mod 353 = 160. a we assume an attacker would have available the following information: q = 353; a = 3; y = 40; y = 248 a b in this simple example, it would be possible by brute force to determine the secret key 160. in particular, an attacker e can determine the common key by discovering a solution to the equation 3a mod 353 = 40 or the equation 3b mod 353 = 248. the brute-force approach is to calculate powers of 3 modulo 353, stopping when the re- sult equals either 40 or 248. the desired answer is reached with the exponent value of 97, which provides 397 mod 353 = 40. with larger numbers, the problem becomes impractical.",38,,False,045f90e3-d2e7-4d8a-babd-7db4b01b5d0a,,D:20250814070014Z,2026-03-29T15:56:20.132725+00:00,ebb7323a_BCS703-module-2-textbook.pdf,31,pdf,ebb7323a_BCS703-module-2-textbook,38,,"316 CHAPTER 10 / OTHER PUBLIC-KEY CRYPTOSYSTEMS
K = (Y )XA mod q
B
= (aXB mod q)XA mod q
= (aXB)XA mod q by the rules of modular arithmetic
= aXBXA mod q
= (aXA)XB mod q
= (aXA mod q)XB mod q
= (Y )XB mod q
A
The result is that the two sides have exchanged a secret value. Typically, this
secret value is used as shared symmetric secret key. Now consider an adversary who
can observe the key exchange and wishes to determine the secret key K. Because
X and X are private, an adversary only has the following ingredients to work with:
A B
q, a, Y , and Y . Thus, the adversary is forced to take a discrete logarithm to deter-
A B
mine the key. For example, to determine the private key of user B, an adversary
must compute
X
B
= dloga,q (Y
B
)
The adversary can then calculate the key K in the same manner as user B calculates
it. That is, the adversary can calculate K as
K = (Y )XB mod q
A
The security of the Diffie–Hellman key exchange lies in the fact that, while
it is relatively easy to calculate exponentials modulo a prime, it is very difficult
to calculate discrete logarithms. For large primes, the latter task is considered
infeasible.
Here is an example. Key exchange is based on the use of the prime number
q = 353 and a primitive root of 353, in this case a = 3. A and B select private keys
X = 97 and X = 233, respectively. Each computes its public key:
A B
A computes Y = 397 mod 353 = 40.
A
B computes Y = 3233 mod 353 = 248.
B
After they exchange public keys, each can compute the common secret key:
A computes K = (Y )XA mod 353 = 24897 mod 353 = 160.
B
B computes K = (Y )XB mod 353 = 40233 mod 353 = 160.
A
We assume an attacker would have available the following information:
q = 353; a = 3; Y = 40; Y = 248
A B
In this simple example, it would be possible by brute force to determine the secret
key 160. In particular, an attacker E can determine the common key by discovering
a solution to the equation 3a mod 353 = 40 or the equation 3b mod 353 = 248. The
brute-force approach is to calculate powers of 3 modulo 353, stopping when the re-
sult equals either 40 or 248. The desired answer is reached with the exponent value
of 97, which provides 397 mod 353 = 40.
With larger numbers, the problem becomes impractical.",pdf
32,,"10.1 / diffie–hellman key exchange 317 key exchange protocols figure 10.1 shows a simple protocol that makes use of the diffie–hellman calcula- tion. suppose that user a wishes to set up a connection with user b and use a secret key to encrypt messages on that connection. user a can generate a one-time pri- vate key x , calculate y , and send that to user b. user b responds by generating a a a private value x , calculating y , and sending y to user a. both users can now b b b calculate the key. the necessary public values q and a would need to be known ahead of time. alternatively, user a could pick values for q and a and include those in the first message. as an example of another use of the diffie–hellman algorithm, suppose that a group of users (e.g., all users on a lan) each generate a long-lasting private value x i (for user i) and calculate a public value y. these public values, together with global i public values for q and a, are stored in some central directory. at any time, user j can access user i’s public value, calculate a secret key, and use that to send an en- crypted message to user a. if the central directory is trusted, then this form of com- munication provides both confidentiality and a degree of authentication. because only i and j can determine the key, no other user can read the message (confidential- ity). recipient i knows that only user j could have created a message using this key (authentication). however, the technique does not protect against replay attacks. man-in-the-middle attack the protocol depicted in figure 10.1 is insecure against a man-in-the-middle attack. suppose alice and bob wish to exchange keys, and darth is the adversary. the at- tack proceeds as follows (figure 10.2). 1. darth prepares for the attack by generating two random private keys x and d1 x and then computing the corresponding public keys y and y . d2 d1 d2 2. alice transmits y to bob. a 3. darth intercepts y and transmits y to bob. darth also calculates a d1 k2 = (y )xd2 mod q. a 4. bob receives y d1 and calculates k1 = (y d1 )xb mod q. 5. bob transmits y to alice. b 6. darth intercepts y and transmits y to alice. darth calculates b d2 k1 = (y )xd1 mod q. b 7. alice receives y d2 and calculates k2 = (y d2 )xa mod q. at this point, bob and alice think that they share a secret key, but instead bob and darth share secret key k1 and alice and darth share secret key k2. all future communication between bob and alice is compromised in the following way. 1. alice sends an encrypted message m: e(k2, m). 2. darth intercepts the encrypted message and decrypts it to recover m. = = 3. darth sends bob e(k1, m) or e(k1, m), where m is any message. in the first case, darth simply wants to eavesdrop on the communication without altering it. in the second case, darth wants to modify the message going to bob.",38,,False,abde2143-4a0f-481b-a2e5-99d8b7b8f76b,,D:20250814070014Z,2026-03-29T15:56:20.358462+00:00,ebb7323a_BCS703-module-2-textbook.pdf,32,pdf,ebb7323a_BCS703-module-2-textbook,38,,"10.1 / DIFFIE–HELLMAN KEY EXCHANGE 317
Key Exchange Protocols
Figure 10.1 shows a simple protocol that makes use of the Diffie–Hellman calcula-
tion. Suppose that user A wishes to set up a connection with user B and use a secret
key to encrypt messages on that connection. User A can generate a one-time pri-
vate key X , calculate Y , and send that to user B. User B responds by generating
A A
a private value X , calculating Y , and sending Y to user A. Both users can now
B B B
calculate the key. The necessary public values q and a would need to be known
ahead of time. Alternatively, user A could pick values for q and a and include those
in the first message.
As an example of another use of the Diffie–Hellman algorithm, suppose that a
group of users (e.g., all users on a LAN) each generate a long-lasting private value X
i
(for user i) and calculate a public value Y. These public values, together with global
i
public values for q and a, are stored in some central directory. At any time, user j
can access user i’s public value, calculate a secret key, and use that to send an en-
crypted message to user A. If the central directory is trusted, then this form of com-
munication provides both confidentiality and a degree of authentication. Because
only i and j can determine the key, no other user can read the message (confidential-
ity). Recipient i knows that only user j could have created a message using this key
(authentication). However, the technique does not protect against replay attacks.
Man-in-the-Middle Attack
The protocol depicted in Figure 10.1 is insecure against a man-in-the-middle attack.
Suppose Alice and Bob wish to exchange keys, and Darth is the adversary. The at-
tack proceeds as follows (Figure 10.2).
1. Darth prepares for the attack by generating two random private keys X and
D1
X and then computing the corresponding public keys Y and Y .
D2 D1 D2
2. Alice transmits Y to Bob.
A
3. Darth intercepts Y and transmits Y to Bob. Darth also calculates
A D1
K2 = (Y )XD2 mod q.
A
4. Bob receives Y
D1
and calculates K1 = (Y
D1
)XB mod q.
5. Bob transmits Y to Alice.
B
6. Darth intercepts Y and transmits Y to Alice. Darth calculates
B D2
K1 = (Y )XD1 mod q.
B
7. Alice receives Y
D2
and calculates K2 = (Y
D2
)XA mod q.
At this point, Bob and Alice think that they share a secret key, but instead
Bob and Darth share secret key K1 and Alice and Darth share secret key K2. All
future communication between Bob and Alice is compromised in the following way.
1. Alice sends an encrypted message M: E(K2, M).
2. Darth intercepts the encrypted message and decrypts it to recover M.
= =
3. Darth sends Bob E(K1, M) or E(K1, M), where M is any message. In the first
case, Darth simply wants to eavesdrop on the communication without altering
it. In the second case, Darth wants to modify the message going to Bob.",pdf
33,"priva publi yd1 yd2 | | te keys xd1 c keys = axd1 mod = axd2 mod | , xd2 q q | | | | secr k2 = | et key (ya)xd2 m | od q | | | | secr k1 = | et key (yb)xd1 m | od q secret key k2 = (yd | 2)xa mod q private public yb = a | key xb key xb mod q secret key k1 = (yd | 1)xb mod q","318 chapter 10 / other public-key cryptosystems alice darth bob private key xa public key ya = axa mod q ya private keys xd1, xd2 public keys yd1 = axd1 mod q yd2 = axd2 mod q yd2 y d1 secret key secret key private key xb k2 = (yd2)xa mod q k2 = (ya)xd2 mod q public key yb = axb mod q yb secret key secret key k1 = (yb)xd1 mod q k1 = (yd1)xb mod q alice and darth bob and darth share k2 share k1 figure 10.2 man-in-the-middle attack the key exchange protocol is vulnerable to such an attack because it does not authenticate the participants. this vulnerability can be overcome with the use of digital signatures and public-key certificates; these topics are explored in chapters 13 and 14. 10.2 elgamal cryptographic system in 1984, t. elgamal announced a public-key scheme based on discrete logarithms, closely related to the diffie–hellman technique [elga84, elga85]. the elgamal2 cryptosystem is used in some form in a number of standards including the digital signature standard (dss), which is covered in chapter 13, and the s/mime email standard (chapter 19). 2for no apparent reason, most of the literature uses the term elgamal, although mr. elgamal’s last name does not have a capital letter g.",38,,False,a4048f52-d5b4-4af0-9c0c-1b8de41e1601,,D:20250814070014Z,2026-03-29T15:56:22.145496+00:00,ebb7323a_BCS703-module-2-textbook.pdf,33,pdf,ebb7323a_BCS703-module-2-textbook,38,,"318 CHAPTER 10 / OTHER PUBLIC-KEY CRYPTOSYSTEMS
Alice Darth Bob
Private key XA
Public key
YA = AXA mod q
YA
Private keys XD1, XD2
Public keys
YD1 = AXD1 mod q
YD2 = AXD2 mod q
YD2 Y D1
Secret key Secret key Private key XB
K2 = (YD2)XA mod q K2 = (YA)XD2 mod q Public key
YB = AXB mod q
YB
Secret key Secret key
K1 = (YB)XD1 mod q K1 = (YD1)XB mod q
Alice and Darth Bob and Darth
share K2 share K1
Figure 10.2 Man-in-the-Middle Attack
The key exchange protocol is vulnerable to such an attack because it does not
authenticate the participants. This vulnerability can be overcome with the use of digital
signatures and public-key certificates; these topics are explored in Chapters 13 and 14.
10.2 ELGAMAL CRYPTOGRAPHIC SYSTEM
In 1984, T. Elgamal announced a public-key scheme based on discrete logarithms,
closely related to the Diffie–Hellman technique [ELGA84, ELGA85]. The Elgamal2
cryptosystem is used in some form in a number of standards including the digital
signature standard (DSS), which is covered in Chapter 13, and the S/MIME email
standard (Chapter 19).
2For no apparent reason, most of the literature uses the term ElGamal, although Mr. Elgamal’s last name
does not have a capital letter G.

Tables:
Priva
Publi
YD1
YD2 |  | te keys XD1
c keys
= AXD1 mod
= AXD2 mod | , XD2
q
q
 |  |  | 
 | Secr
K2 = | et key
(YA)XD2 m | od q
 |  |  | 
 | Secr
K1 = | et key
(YB)XD1 m | od q
Secret key
K2 = (YD | 2)XA mod q
Private
Public
YB = A | key XB
key
XB mod q
Secret key
K1 = (YD | 1)XB mod q",pdf
34,| | | | | | | | | | | | | | | | | | | | | | | | | | | | | | | | | | | | | | | | | | | | | | | | | | | | | | | | | | | | | | | | | | | | | | | | | | | | | | | | | | | | | | | | | | | | | | | | | | | | | | | | | | | | | | | | | | | | | | | | | | | | | | | | | | | | | | | | | | | | | | | | | | | | | | | | | | | | | | | | | | | | | | | | | | | | | | | | | | | | | | | | | | | | | | | | | | | | | | | | | | | | | | | | | |,"330 chapter 10 / other public-key cryptosystems 0 g14 g13 g12 g11 g10 g9 g8 y g7 g6 g5 g4 g3 g2 g 1 1 g g2 g3 g4 g5 g6 g7 g8 g9 g10g11g12g13g14 0 x figure 10.6 the elliptic curve e 24(g4, 1) 4. if p = (x , y ) then r = 2p = (x , y ) is determined by the following rules: p p r r x = l2 + l + a r y = x2 + (l + 1)x r p r where y l = x + p p x p 10.4 elliptic curve cryptography the addition operation in ecc is the counterpart of modular multiplication in rsa, and multiple addition is the counterpart of modular exponentiation. to form a cryptographic system using elliptic curves, we need to find a “hard problem” cor- responding to factoring the product of two primes or taking the discrete logarithm. consider the equation q = kp where q, p∈e (a, b) and k 6 p. it is rela- p tively easy to calculate q given k and p, but it is hard to determine k given q and p. this is called the discrete logarithm problem for elliptic curves. we give an example taken from the certicom web site (www.certicom. com). consider the group e (9,17). this is the group defined by the equation 23 y2 mod 23 = (x3 + 9x + 17) mod 23. what is the discrete logarithm k of q = (4, 5) to the base p = (16, 5)? the brute-force method is to compute multiples of p until q is found. thus, p = (16,5); 2p = (20, 20); 3p = (14, 14); 4p = (19, 20); 5p = (13, 10); 6p = (7, 3); 7p = (8, 7); 8p = (12, 17); 9p = (4, 5)",38,,False,e869fe60-1c23-4dcb-ad70-3e9f7774c21f,,D:20250814070014Z,2026-03-29T15:56:22.398668+00:00,ebb7323a_BCS703-module-2-textbook.pdf,34,pdf,ebb7323a_BCS703-module-2-textbook,38,,"330 CHAPTER 10 / OTHER PUBLIC-KEY CRYPTOSYSTEMS
0
g14
g13
g12
g11
g10
g9
g8
y
g7
g6
g5
g4
g3
g2
g
1
1 g g2 g3 g4 g5 g6 g7 g8 g9 g10g11g12g13g14 0
x
Figure 10.6 The Elliptic Curve E 24(g4, 1)
4. If P = (x , y ) then R = 2P = (x , y ) is determined by the following rules:
P P R R
x = l2 + l + a
R
y = x2 + (l + 1)x
R P R
where
y
l = x + P
P x
P
10.4 ELLIPTIC CURVE CRYPTOGRAPHY
The addition operation in ECC is the counterpart of modular multiplication in
RSA, and multiple addition is the counterpart of modular exponentiation. To form
a cryptographic system using elliptic curves, we need to find a “hard problem” cor-
responding to factoring the product of two primes or taking the discrete logarithm.
Consider the equation Q = kP where Q, P∈E (a, b) and k 6 p. It is rela-
P
tively easy to calculate Q given k and P, but it is hard to determine k given Q and P.
This is called the discrete logarithm problem for elliptic curves.
We give an example taken from the Certicom Web site (www.certicom.
com). Consider the group E (9,17). This is the group defined by the equation
23
y2 mod 23 = (x3 + 9x + 17) mod 23. What is the discrete logarithm k of Q = (4, 5)
to the base P = (16, 5)? The brute-force method is to compute multiples of P until
Q is found. Thus,
P = (16,5); 2P = (20, 20); 3P = (14, 14); 4P = (19, 20); 5P = (13, 10);
6P = (7, 3); 7P = (8, 7); 8P = (12, 17); 9P = (4, 5)

Tables:
 |  |  |  |  |  |  |  |  |  |  |  |  |  | 
 |  |  |  |  |  |  |  |  |  |  |  |  |  | 
 |  |  |  |  |  |  |  |  |  |  |  |  |  | 
 |  |  |  |  |  |  |  |  |  |  |  |  |  | 
 |  |  |  |  |  |  |  |  |  |  |  |  |  | 
 |  |  |  |  |  |  |  |  |  |  |  |  |  | 
 |  |  |  |  |  |  |  |  |  |  |  |  |  | 
 |  |  |  |  |  |  |  |  |  |  |  |  |  | 
 |  |  |  |  |  |  |  |  |  |  |  |  |  | 
 |  |  |  |  |  |  |  |  |  |  |  |  |  | 
 |  |  |  |  |  |  |  |  |  |  |  |  |  | 
 |  |  |  |  |  |  |  |  |  |  |  |  |  | 
 |  |  |  |  |  |  |  |  |  |  |  |  |  | 
 |  |  |  |  |  |  |  |  |  |  |  |  |  | 
 |  |  |  |  |  |  |  |  |  |  |  |  |  | ",pdf
35,,"10.4 / elliptic curve cryptography 331 because 9p = (4, 5) = q, the discrete logarithm q = (4, 5) to the base p = (16, 5) is k = 9. in a real application, k would be so large as to make the brute- force approach infeasible. in the remainder of this section, we show two approaches to ecc that give the flavor of this technique. analog of diffie–hellman key exchange key exchange using elliptic curves can be done in the following manner. first pick a large integer q, which is either a prime number p or an integer of the form 2m, and elliptic curve parameters a and b for equation (10.5) or equation (10.7). this defines the elliptic group of points e (a, b). next, pick a base point g = (x, y ) in q 1 1 e (a, b) whose order is a very large value n. the order n of a point g on an elliptic p curve is the smallest positive integer n such that ng = 0 and g are parameters of the cryptosystem known to all participants. a key exchange between users a and b can be accomplished as follows (figure 10.7). 1. a selects an integer n less than n. this is a’s private key. a then generates a a public key p = n * g; the public key is a point in e (a, b). a a q 2. b similarly selects a private key n and computes a public key p . b b 3. a generates the secret key k = n * p . b generates the secret key a b k = n * p . b a the two calculations in step 3 produce the same result because n * p = n * (n * g) = n * (n * g) = n * p a b a b b a b a to break this scheme, an attacker would need to be able to compute k given g and kg, which is assumed to be hard. as an example,6 take p = 211; e (0, -4), which is equivalent to the curve p y2 = x3 - 4; and g = (2, 2). one can calculate that 240g = o. a’s private key is n = 121, so a’s public key is p = 121(2, 2) = (115, 48). b’s private key is a a n = 203, so b’s public key is 203(2, 3) = (130, 203). the shared secret key is b 121(130, 203) = 203(115, 48) = (161, 69). note that the secret key is a pair of numbers. if this key is to be used as a ses- sion key for conventional encryption, then a single number must be generated. we could simply use the x coordinates or some simple function of the x coordinate. elliptic curve encryption/decryption several approaches to encryption/decryption using elliptic curves have been ana- lyzed in the literature. in this subsection, we look at perhaps the simplest. the first task in this system is to encode the plaintext message m to be sent as an (x, y) point p . m 6provided by ed schaefer of santa clara university.",38,,False,8ff491a5-d140-4b4b-90c7-b904dc69e396,,D:20250814070014Z,2026-03-29T15:56:22.579753+00:00,ebb7323a_BCS703-module-2-textbook.pdf,35,pdf,ebb7323a_BCS703-module-2-textbook,38,,"10.4 / ELLIPTIC CURVE CRYPTOGRAPHY 331
Because 9P = (4, 5) = Q, the discrete logarithm Q = (4, 5) to the base
P = (16, 5) is k = 9. In a real application, k would be so large as to make the brute-
force approach infeasible.
In the remainder of this section, we show two approaches to ECC that give the
flavor of this technique.
Analog of Diffie–Hellman Key Exchange
Key exchange using elliptic curves can be done in the following manner. First pick
a large integer q, which is either a prime number p or an integer of the form 2m,
and elliptic curve parameters a and b for Equation (10.5) or Equation (10.7). This
defines the elliptic group of points E (a, b). Next, pick a base point G = (x, y ) in
q 1 1
E (a, b) whose order is a very large value n. The order n of a point G on an elliptic
p
curve is the smallest positive integer n such that nG = 0 and G are parameters of
the cryptosystem known to all participants.
A key exchange between users A and B can be accomplished as follows
(Figure 10.7).
1. A selects an integer n less than n. This is A’s private key. A then generates a
A
public key P = n * G; the public key is a point in E (a, b).
A A q
2. B similarly selects a private key n and computes a public key P .
B B
3. A generates the secret key k = n * P . B generates the secret key
A B
k = n * P .
B A
The two calculations in step 3 produce the same result because
n * P = n * (n * G) = n * (n * G) = n * P
A B A B B A B A
To break this scheme, an attacker would need to be able to compute k given G
and kG, which is assumed to be hard.
As an example,6 take p = 211; E (0, -4), which is equivalent to the curve
p
y2 = x3 - 4; and G = (2, 2). One can calculate that 240G = O. A’s private key
is n = 121, so A’s public key is P = 121(2, 2) = (115, 48). B’s private key is
A A
n = 203, so B’s public key is 203(2, 3) = (130, 203). The shared secret key is
B
121(130, 203) = 203(115, 48) = (161, 69).
Note that the secret key is a pair of numbers. If this key is to be used as a ses-
sion key for conventional encryption, then a single number must be generated. We
could simply use the x coordinates or some simple function of the x coordinate.
Elliptic Curve Encryption/Decryption
Several approaches to encryption/decryption using elliptic curves have been ana-
lyzed in the literature. In this subsection, we look at perhaps the simplest. The
first task in this system is to encode the plaintext message m to be sent as an (x, y)
point P .
m
6Provided by Ed Schaefer of Santa Clara University.",pdf
36,,"332 chapter 10 / other public-key cryptosystems global public elements e (a, b) elliptic curve with parameters a, b, and q, where q is a q prime or an integer of the form 2m g point on elliptic curve whose order is large value n user a key generation select private n n 6 n a a calculate public p p = n * g a a a user b key generation select private n n 6 n b b calculate public p p = n * g b b b calculation of secret key by user a k = n * p a b calculation of secret key by user b k = n * p b a figure 10.7 ecc diffie–hellman key exchange it is the point p that will be encrypted as a ciphertext and subsequently decrypted. m note that we cannot simply encode the message as the x or y coordinate of a point, because not all such coordinates are in e (a, b); for example, see table 10.1. again, q there are several approaches to this encoding, which we will not address here, but suffice it to say that there are relatively straightforward techniques that can be used. as with the key exchange system, an encryption/decryption system requires a point g and an elliptic group e (a, b) as parameters. each user a selects a private q key n and generates a public key p = n * g. a a a to encrypt and send a message p to b, a chooses a random positive integer m k and produces the ciphertext c consisting of the pair of points: m c = {kg, p + kp } m m b note that a has used b’s public key p . to decrypt the ciphertext, b multiplies the b first point in the pair by b’s private key and subtracts the result from the second point: p + kp - n (kg) = p + k(n g) - n (kg) = p m b b m b b m",38,,False,e0539481-50f2-46e4-905d-c74ba04bfda7,,D:20250814070014Z,2026-03-29T15:56:22.704716+00:00,ebb7323a_BCS703-module-2-textbook.pdf,36,pdf,ebb7323a_BCS703-module-2-textbook,38,,"332 CHAPTER 10 / OTHER PUBLIC-KEY CRYPTOSYSTEMS
Global Public Elements
E (a, b) elliptic curve with parameters a, b, and q, where q is a
q
prime or an integer of the form 2m
G point on elliptic curve whose order is large value n
User A Key Generation
Select private n n 6 n
A A
Calculate public P P = n * G
A A A
User B Key Generation
Select private n n 6 n
B B
Calculate public P P = n * G
B B B
Calculation of Secret Key by User A
K = n * P
A B
Calculation of Secret Key by User B
K = n * P
B A
Figure 10.7 ECC Diffie–Hellman Key Exchange
It is the point P that will be encrypted as a ciphertext and subsequently decrypted.
m
Note that we cannot simply encode the message as the x or y coordinate of a point,
because not all such coordinates are in E (a, b); for example, see Table 10.1. Again,
q
there are several approaches to this encoding, which we will not address here, but
suffice it to say that there are relatively straightforward techniques that can be
used.
As with the key exchange system, an encryption/decryption system requires a
point G and an elliptic group E (a, b) as parameters. Each user A selects a private
q
key n and generates a public key P = n * G.
A A A
To encrypt and send a message P to B, A chooses a random positive integer
m
k and produces the ciphertext C consisting of the pair of points:
m
C = {kG, P + kP }
m m B
Note that A has used B’s public key P . To decrypt the ciphertext, B multiplies the
B
first point in the pair by B’s private key and subtracts the result from the second
point:
P + kP - n (kG) = P + k(n G) - n (kG) = P
m B B m B B m",pdf
37,"symmetric key algorithms | diffie–hellman, digital signature algorithm | rsa (size of n in bits) | ecc (modulus size in bits) 80 | l = 1024 n = 160 | 1024 | 160–223 112 | l = 2048 n = 224 | 2048 | 224–255 128 | l = 3072 n = 256 | 3072 | 256–383 192 | l = 7680 n = 384 | 7680 | 384–511 256 | l = 15,360 n = 512 | 15,360 | 512+","10.4 / elliptic curve cryptography 333 table 10.3 comparable key sizes in terms of computational effort for cryptanalysis (nist sp-800-57) symmetric key diffie–hellman, digital rsa ecc algorithms signature algorithm (size of n in bits) (modulus size in bits) l = 1024 80 1024 160–223 n = 160 l = 2048 112 2048 224–255 n = 224 l = 3072 128 3072 256–383 n = 256 l = 7680 192 7680 384–511 n = 384 l = 15,360 256 15,360 512+ n = 512 note: l = size of public key, n = size of private key. a has masked the message p by adding kp to it. nobody but a knows m b the value of k, so even though p is a public key, nobody can remove the mask b kp . however, a also includes a “clue,” which is enough to remove the mask if b one knows the private key n . for an attacker to recover the message, the attacker b would have to compute k given g and kg, which is assumed to be hard. let us consider a simple example. the global public elements are q = 257; e (a, b) = e (0, -4), which is equivalent to the curve y2 = x3 - 4; and g = q 257 (2, 2). bob’s private key is n = 101, and his public key is p = n g = 101(2, 2) = b b b (197, 167). alice wishes to send a message to bob that is encoded in the elliptic point p = (112, 26). alice chooses random integer k = 41 and computes kg = m 41(2, 2) = (136, 128), kp = 41(197, 167) = (68, 84) and p + kp = (112, 26) b m b + (68, 84) = (246, 174). alice sends the ciphertext c = (c , c ) = {(136, 128), m 1 2 (246, 174)} to bob. bob receives the ciphertext and computes c - n c = 2 b 1 (246, 174) - 101(136, 128) = (246, 174) - (68, 84) = (112, 26). security of elliptic curve cryptography the security of ecc depends on how difficult it is to determine k given kp and p. this is referred to as the elliptic curve logarithm problem. the fastest known tech- nique for taking the elliptic curve logarithm is known as the pollard rho method. table 10.3, from nist sp 800-57 (recommendation for key management—part 1: general, september 2015), compares various algorithms by showing comparable key sizes in terms of computational effort for cryptanalysis. as can be seen, a con- siderably smaller key size can be used for ecc compared to rsa. based on this analysis, sp 800-57 recommends that at least through 2030, ac- ceptable key lengths are from 3072 to 14,360 bits for rsa and 256 to 512 bits for ecc. similarly, the european union agency for network and information security (enisa) recommends in their 2014 report (algorithms, key size and parameters report—2014, november 2014) minimum key lengths for future system of 3072 bits and 256 bits for rsa and ecc, respectively.",38,,False,c26f8d49-69d6-4ffd-84b7-db6a85822cdc,,D:20250814070014Z,2026-03-29T15:56:22.918474+00:00,ebb7323a_BCS703-module-2-textbook.pdf,37,pdf,ebb7323a_BCS703-module-2-textbook,38,,"10.4 / ELLIPTIC CURVE CRYPTOGRAPHY 333
Table 10.3 Comparable Key Sizes in Terms of Computational
Effort for Cryptanalysis (NIST SP-800-57)
Symmetric Key Diffie–Hellman, Digital RSA ECC
Algorithms Signature Algorithm (size of n in bits) (modulus size in bits)
L = 1024
80 1024 160–223
N = 160
L = 2048
112 2048 224–255
N = 224
L = 3072
128 3072 256–383
N = 256
L = 7680
192 7680 384–511
N = 384
L = 15,360
256 15,360 512+
N = 512
Note: L = size of public key, N = size of private key.
A has masked the message P by adding kP to it. Nobody but A knows
m B
the value of k, so even though P is a public key, nobody can remove the mask
b
kP . However, A also includes a “clue,” which is enough to remove the mask if
B
one knows the private key n . For an attacker to recover the message, the attacker
B
would have to compute k given G and kG, which is assumed to be hard.
Let us consider a simple example. The global public elements are q = 257;
E (a, b) = E (0, -4), which is equivalent to the curve y2 = x3 - 4; and G =
q 257
(2, 2). Bob’s private key is n = 101, and his public key is P = n G = 101(2, 2) =
B B B
(197, 167). Alice wishes to send a message to Bob that is encoded in the elliptic
point P = (112, 26). Alice chooses random integer k = 41 and computes kG =
m
41(2, 2) = (136, 128), kP = 41(197, 167) = (68, 84) and P + kP = (112, 26)
B m B
+ (68, 84) = (246, 174). Alice sends the ciphertext C = (C , C ) = {(136, 128),
m 1 2
(246, 174)} to Bob. Bob receives the ciphertext and computes C - n C =
2 B 1
(246, 174) - 101(136, 128) = (246, 174) - (68, 84) = (112, 26).
Security of Elliptic Curve Cryptography
The security of ECC depends on how difficult it is to determine k given kP and P.
This is referred to as the elliptic curve logarithm problem. The fastest known tech-
nique for taking the elliptic curve logarithm is known as the Pollard rho method.
Table 10.3, from NIST SP 800-57 (Recommendation for Key Management—Part 1:
General, September 2015), compares various algorithms by showing comparable
key sizes in terms of computational effort for cryptanalysis. As can be seen, a con-
siderably smaller key size can be used for ECC compared to RSA.
Based on this analysis, SP 800-57 recommends that at least through 2030, ac-
ceptable key lengths are from 3072 to 14,360 bits for RSA and 256 to 512 bits for
ECC. Similarly, the European Union Agency for Network and Information Security
(ENISA) recommends in their 2014 report (Algorithms, Key Size and Parameters
report—2014, November 2014) minimum key lengths for future system of 3072 bits
and 256 bits for RSA and ECC, respectively.

Tables:
Symmetric Key
Algorithms | Diffie–Hellman, Digital
Signature Algorithm | RSA
(size of n in bits) | ECC
(modulus size in bits)
80 | L = 1024
N = 160 | 1024 | 160–223
112 | L = 2048
N = 224 | 2048 | 224–255
128 | L = 3072
N = 256 | 3072 | 256–383
192 | L = 7680
N = 384 | 7680 | 384–511
256 | L = 15,360
N = 512 | 15,360 | 512+",pdf
38,,"334 chapter 10 / other public-key cryptosystems analysis indicates that for equal key lengths, the computational effort re- quired for ecc and rsa is comparable [juri97]. thus, there is a computational advantage to using ecc with a shorter key length than a comparably secure rsa. 10.5 pseudorandom number generation based on an asymmetric cipher we noted in chapter 8 that because a symmetric block cipher produces an appar- ently random output, it can serve as the basis of a pseudorandom number generator (prng). similarly, an asymmetric encryption algorithm produces apparently ran- dom output and can be used to build a prng. because asymmetric algorithms are typically much slower than symmetric algorithms, asymmetric algorithms are not used to generate open-ended prng bit streams. rather, the asymmetric approach is useful for creating a pseudorandom function (prf) for generating a short pseu- dorandom bit sequence. in this section, we examine two prng designs based on pseudorandom functions. prng based on rsa for a sufficient key length, the rsa algorithm is considered secure and is a good candidate to form the basis of a prng. such a prng, known as the micali–schnorr prng [mica91], is recommended in the ansi standard x9.82 (random number generation) and in the iso standard 18031 (random bit generation). the prng is illustrated in figure 10.8. as can be seen, this prng has much the same structure as the output feedback (ofb) mode used as a prng (see figure 8.4b and the portion of figure 7.6a enclosed with a dashed box). in this case, the encryption algorithm is rsa rather than a symmetric block cipher. also, a portion of the output is fed back to the next iteration of the encryption algorithm and the remainder of the output is used as pseudorandom bits. the motivation for this sepa- ration of the output into two distinct parts is so that the pseudorandom bits from one stage do not provide input to the next stage. this separation should contribute to forward unpredictability. seed = x 0 n, e, r, k n, e, r, k n, e, r, k encrypt encrypt encrypt y = xe mod n y = xe mod n y = xe mod n 1 0 2 1 3 2 x = r most x = r most x = r most 1 2 3 significant bits significant bits significant bits z = k least z = k least z = k least 1 2 3 significant bits significant bits significant bits figure 10.8 micali–schnorr pseudorandom bit generator",38,,False,eb7b05b0-1eae-4dd3-803b-c51a4010271d,,D:20250814070014Z,2026-03-29T15:56:23.096451+00:00,ebb7323a_BCS703-module-2-textbook.pdf,38,pdf,ebb7323a_BCS703-module-2-textbook,38,,"334 CHAPTER 10 / OTHER PUBLIC-KEY CRYPTOSYSTEMS
Analysis indicates that for equal key lengths, the computational effort re-
quired for ECC and RSA is comparable [JURI97]. Thus, there is a computational
advantage to using ECC with a shorter key length than a comparably secure RSA.
10.5 PSEUDORANDOM NUMBER GENERATION BASED
ON AN ASYMMETRIC CIPHER
We noted in Chapter 8 that because a symmetric block cipher produces an appar-
ently random output, it can serve as the basis of a pseudorandom number generator
(PRNG). Similarly, an asymmetric encryption algorithm produces apparently ran-
dom output and can be used to build a PRNG. Because asymmetric algorithms are
typically much slower than symmetric algorithms, asymmetric algorithms are not
used to generate open-ended PRNG bit streams. Rather, the asymmetric approach
is useful for creating a pseudorandom function (PRF) for generating a short pseu-
dorandom bit sequence.
In this section, we examine two PRNG designs based on pseudorandom
functions.
PRNG Based on RSA
For a sufficient key length, the RSA algorithm is considered secure and is a good
candidate to form the basis of a PRNG. Such a PRNG, known as the Micali–Schnorr
PRNG [MICA91], is recommended in the ANSI standard X9.82 (Random Number
Generation) and in the ISO standard 18031 (Random Bit Generation).
The PRNG is illustrated in Figure 10.8. As can be seen, this PRNG has much
the same structure as the output feedback (OFB) mode used as a PRNG (see Figure
8.4b and the portion of Figure 7.6a enclosed with a dashed box). In this case, the
encryption algorithm is RSA rather than a symmetric block cipher. Also, a portion
of the output is fed back to the next iteration of the encryption algorithm and the
remainder of the output is used as pseudorandom bits. The motivation for this sepa-
ration of the output into two distinct parts is so that the pseudorandom bits from
one stage do not provide input to the next stage. This separation should contribute
to forward unpredictability.
Seed = x
0
n, e, r, k n, e, r, k n, e, r, k
Encrypt Encrypt Encrypt
y = xe mod n y = xe mod n y = xe mod n
1 0 2 1 3 2
x = r most x = r most x = r most
1 2 3
significant bits significant bits significant bits
z = k least z = k least z = k least
1 2 3
significant bits significant bits significant bits
Figure 10.8 Micali–Schnorr Pseudorandom Bit Generator",pdf
