content_page,content_tables,content_text,content_total_pages,error,failed,id,metadata_author,metadata_date,metadata_extracted_at,metadata_file_name,metadata_page,metadata_source_type,metadata_title,metadata_total_pages,metadata_url,raw,source
1,"| | | | | | | | | module -1 download | | | mark s q.0 1 | a | draw the model of a symmetric cryptosystem and explain it. the model of a symmetric cryptosystem can be illustrated as follows: explanation of the symmetric cryptosystem model: 1. plaintext : this is the original intelligible message or data that is input into the encryption algorithm. it can be any form of data, such as text, numbers, or binary data. 2. encryption algorithm : this algorithm takes the plaintext and a secret key (k) as inputs. it performs a series of substitutions and transformations on the plaintext to produce ciphertext. the specific operations depend on the encryption algorithm used (e.g., aes, des). the key is crucial because it determines how the plaintext is transformed into ciphertext. different keys will yield different ciphertexts for the same plaintext. 3. ciphertext : this is the output of the encryption process. it appears as a | 7","21cs733 model question paper-i with effect from 2023-24 (cbcs scheme) usn third semester b.e. degree examination cryptography and network security max. marks: time: 03 100 hours note: 01. answer any five full questions, choosing at least one question from each module. module -1 mark download s q.0 a draw the model of a symmetric cryptosystem and explain it. 7 1 the model of a symmetric cryptosystem can be illustrated as follows: explanation of the symmetric cryptosystem model: 1. plaintext : this is the original intelligible message or data that is input into the encryption algorithm. it can be any form of data, such as text, numbers, or binary data. 2. encryption algorithm : this algorithm takes the plaintext and a secret key (k) as inputs. it performs a series of substitutions and transformations on the plaintext to produce ciphertext. the specific operations depend on the encryption algorithm used (e.g., aes, des). the key is crucial because it determines how the plaintext is transformed into ciphertext. different keys will yield different ciphertexts for the same plaintext. 3. ciphertext : this is the output of the encryption process. it appears as a page 01 of 02",35,,False,7070c66d-fdc0-490c-aad2-165f1450e5b6,Hp,D:20250102181011+05'30',2026-03-29T14:23:22.530292+00:00,21CS733-SOLUTIONS-SET2.pdf,1,pdf,21CS733-SOLUTIONS-SET2,35,,"21CS733
Model Question Paper-I with effect from 2023-24 (CBCS Scheme)
USN
Third Semester B.E. Degree Examination
Cryptography and Network Security
Max. Marks:
TIME: 03
100
Hours
Note: 01. Answer any FIVE full questions, choosing at least ONE question from each
MODULE.
Module -1 Mark
Download s
Q.0 A Draw the model of a symmetric cryptosystem and explain it. 7
1
The model of a symmetric cryptosystem can be illustrated as follows:
Explanation of the Symmetric Cryptosystem Model:
1. Plaintext : This is the original intelligible message or data that is input into
the encryption algorithm. It can be any form of data, such as text, numbers, or
binary data.
2. Encryption Algorithm : This algorithm takes the plaintext and a secret key
(K) as inputs. It performs a series of substitutions and transformations on the
plaintext to produce ciphertext. The specific operations depend on the encryption
algorithm used (e.g., AES, DES). The key is crucial because it determines how
the plaintext is transformed into ciphertext. Different keys will yield different
ciphertexts for the same plaintext.
3. Ciphertext : This is the output of the encryption process. It appears as a
Page 01 of 02

Tables:
 |  |  |  |  |  |  |  |  | 
Module -1
Download |  |  | Mark
s
Q.0
1 | A | Draw the model of a symmetric cryptosystem and explain it.
The model of a symmetric cryptosystem can be illustrated as follows:
Explanation of the Symmetric Cryptosystem Model:
1. Plaintext : This is the original intelligible message or data that is input into
the encryption algorithm. It can be any form of data, such as text, numbers, or
binary data.
2. Encryption Algorithm : This algorithm takes the plaintext and a secret key
(K) as inputs. It performs a series of substitutions and transformations on the
plaintext to produce ciphertext. The specific operations depend on the encryption
algorithm used (e.g., AES, DES). The key is crucial because it determines how
the plaintext is transformed into ciphertext. Different keys will yield different
ciphertexts for the same plaintext.
3. Ciphertext : This is the output of the encryption process. It appears as a | 7",pdf
2,"| | random stream of data and is unintelligible without the corresponding decryption key. the security of the communication relies on the secrecy of the key, not the algorithm itself. 4. decryption algorithm : this is essentially the reverse of the encryption algorithm. it takes the ciphertext and the same secret key (k) to produce the original plaintext. the decryption process must be designed to perfectly reverse the encryption process, ensuring that the original message can be accurately retrieved. 5. secret key : the key is a critical component of the symmetric encryption scheme. it must be kept secure, as anyone who possesses the key can decrypt the ciphertext and access the original plaintext. the key is shared between the sender and the recipient through a secure channel. key points: - symmetric encryption is also known as conventional or single-key encryption, and it was the primary method of encryption before the advent of public-key cryptography in the 1970s. - the main challenge in symmetric encryption is maintaining the secrecy of the key. if an adversary discovers the key, they can decrypt all messages encrypted with that key. - cryptanalysis techniques, such as known-plaintext attacks or chosen-plaintext attacks, can be employed to attempt to recover the key or plaintext from the ciphertext, highlighting the importance of using strong encryption algorithms. this model illustrates the fundamental principles of symmetric cryptography, emphasizing the roles of plaintext, ciphertext, encryption and decryption algorithms, and the secret key. | | b | using hill cipher to encipher and decipher the message “hi”. use the key (03 02 05 07) | 7 | c | list and explain the block cipher design principles the design principles of block ciphers are crucial for ensuring their cryptographic strength and effectiveness. here are the key principles: | 6","21cs733 random stream of data and is unintelligible without the corresponding decryption key. the security of the communication relies on the secrecy of the key, not the algorithm itself. 4. decryption algorithm : this is essentially the reverse of the encryption algorithm. it takes the ciphertext and the same secret key (k) to produce the original plaintext. the decryption process must be designed to perfectly reverse the encryption process, ensuring that the original message can be accurately retrieved. 5. secret key : the key is a critical component of the symmetric encryption scheme. it must be kept secure, as anyone who possesses the key can decrypt the ciphertext and access the original plaintext. the key is shared between the sender and the recipient through a secure channel. key points: - symmetric encryption is also known as conventional or single-key encryption, and it was the primary method of encryption before the advent of public-key cryptography in the 1970s. - the main challenge in symmetric encryption is maintaining the secrecy of the key. if an adversary discovers the key, they can decrypt all messages encrypted with that key. - cryptanalysis techniques, such as known-plaintext attacks or chosen-plaintext attacks, can be employed to attempt to recover the key or plaintext from the ciphertext, highlighting the importance of using strong encryption algorithms. this model illustrates the fundamental principles of symmetric cryptography, emphasizing the roles of plaintext, ciphertext, encryption and decryption algorithms, and the secret key. b using hill cipher to encipher and decipher the message “hi”. use 7 the key (03 02 05 07) c list and explain the block cipher design principles 6 the design principles of block ciphers are crucial for ensuring their cryptographic strength and effectiveness. here are the key principles: page 01 of 02",35,,False,04cd360b-1653-4f19-801a-95f54eb2c9c2,Hp,D:20250102181011+05'30',2026-03-29T14:23:22.820602+00:00,21CS733-SOLUTIONS-SET2.pdf,2,pdf,21CS733-SOLUTIONS-SET2,35,,"21CS733
random stream of data and is unintelligible without the corresponding decryption
key. The security of the communication relies on the secrecy of the key, not the
algorithm itself.
4. Decryption Algorithm : This is essentially the reverse of the encryption
algorithm. It takes the ciphertext and the same secret key (K) to produce the
original plaintext. The decryption process must be designed to perfectly reverse
the encryption process, ensuring that the original message can be accurately
retrieved.
5. Secret Key : The key is a critical component of the symmetric encryption
scheme. It must be kept secure, as anyone who possesses the key can decrypt the
ciphertext and access the original plaintext. The key is shared between the
sender and the recipient through a secure channel.
Key Points:
- Symmetric encryption is also known as conventional or single-key encryption,
and it was the primary method of encryption before the advent of public-key
cryptography in the 1970s.
- The main challenge in symmetric encryption is maintaining the secrecy of the
key. If an adversary discovers the key, they can decrypt all messages encrypted
with that key.
- Cryptanalysis techniques, such as known-plaintext attacks or chosen-plaintext
attacks, can be employed to attempt to recover the key or plaintext from the
ciphertext, highlighting the importance of using strong encryption algorithms.
This model illustrates the fundamental principles of symmetric cryptography,
emphasizing the roles of plaintext, ciphertext, encryption and decryption
algorithms, and the secret key.
B Using Hill Cipher to encipher and decipher the message “Hi”. Use 7
the key (03 02
05 07)
C List and explain the block cipher design principles 6
The design principles of block ciphers are crucial for ensuring their
cryptographic strength and effectiveness. Here are the key principles:
Page 01 of 02

Tables:
 |  | random stream of data and is unintelligible without the corresponding decryption
key. The security of the communication relies on the secrecy of the key, not the
algorithm itself.
4. Decryption Algorithm : This is essentially the reverse of the encryption
algorithm. It takes the ciphertext and the same secret key (K) to produce the
original plaintext. The decryption process must be designed to perfectly reverse
the encryption process, ensuring that the original message can be accurately
retrieved.
5. Secret Key : The key is a critical component of the symmetric encryption
scheme. It must be kept secure, as anyone who possesses the key can decrypt the
ciphertext and access the original plaintext. The key is shared between the
sender and the recipient through a secure channel.
Key Points:
- Symmetric encryption is also known as conventional or single-key encryption,
and it was the primary method of encryption before the advent of public-key
cryptography in the 1970s.
- The main challenge in symmetric encryption is maintaining the secrecy of the
key. If an adversary discovers the key, they can decrypt all messages encrypted
with that key.
- Cryptanalysis techniques, such as known-plaintext attacks or chosen-plaintext
attacks, can be employed to attempt to recover the key or plaintext from the
ciphertext, highlighting the importance of using strong encryption algorithms.
This model illustrates the fundamental principles of symmetric cryptography,
emphasizing the roles of plaintext, ciphertext, encryption and decryption
algorithms, and the secret key. | 
 | B | Using Hill Cipher to encipher and decipher the message “Hi”. Use
the key (03 02
05 07) | 7
 | C | List and explain the block cipher design principles
The design principles of block ciphers are crucial for ensuring their
cryptographic strength and effectiveness. Here are the key principles: | 6",pdf
3,"| | 1. block size : the block size refers to the length of the plaintext block that the cipher processes at one time. larger block sizes generally provide greater security because they allow for more complex transformations and greater diffusion. however, they can also reduce the speed of encryption and decryption. traditionally, a block size of 64 bits was common, but modern standards like aes use a 128-bit block size for enhanced security. 2. key size : the key size is the length of the encryption key used in the cipher. a larger key size increases security by making brute-force attacks more difficult and enhancing confusion within the encryption process. key sizes of 64 bits or less are now considered inadequate, with 128 bits being a common standard in contemporary cryptographic applications. 3. number of rounds : the number of rounds in a block cipher refers to how many times the encryption process is repeated. more rounds generally increase the difficulty of cryptanalysis, making it harder for attackers to deduce the key or plaintext. the design should ensure that the number of rounds is sufficient so that known cryptanalytic methods require more effort than a brute-force key search. for example, the data encryption standard (des) uses 16 rounds, which was determined to be a good balance between security and performance. 4. substitution and permutation : block ciphers typically employ a combination of substitution and permutation operations. substitution involves replacing plaintext elements with corresponding ciphertext elements, while permutation rearranges the order of elements without adding or removing any. this combination helps to achieve diffusion and confusion, making it difficult for attackers to establish a relationship between the plaintext and ciphertext. 5. diffusion and confusion : these two concepts are fundamental to the design of block ciphers. diffusion ensures that a change in a single bit of plaintext results in a significant change in the ciphertext, spreading the influence of that bit across the output. confusion aims to make the relationship between the ciphertext and the key as complex as possible, thwarting attempts to deduce the key from the ciphertext. effective use of complex substitution algorithms enhances both diffusion and confusion. these principles, rooted in the foundational work of cryptographers like feistel and shannon, continue to guide the design of modern block ciphers, ensuring they remain robust against various forms of cryptanalysis. | or | | |","21cs733 1. block size : the block size refers to the length of the plaintext block that the cipher processes at one time. larger block sizes generally provide greater security because they allow for more complex transformations and greater diffusion. however, they can also reduce the speed of encryption and decryption. traditionally, a block size of 64 bits was common, but modern standards like aes use a 128-bit block size for enhanced security. 2. key size : the key size is the length of the encryption key used in the cipher. a larger key size increases security by making brute-force attacks more difficult and enhancing confusion within the encryption process. key sizes of 64 bits or less are now considered inadequate, with 128 bits being a common standard in contemporary cryptographic applications. 3. number of rounds : the number of rounds in a block cipher refers to how many times the encryption process is repeated. more rounds generally increase the difficulty of cryptanalysis, making it harder for attackers to deduce the key or plaintext. the design should ensure that the number of rounds is sufficient so that known cryptanalytic methods require more effort than a brute-force key search. for example, the data encryption standard (des) uses 16 rounds, which was determined to be a good balance between security and performance. 4. substitution and permutation : block ciphers typically employ a combination of substitution and permutation operations. substitution involves replacing plaintext elements with corresponding ciphertext elements, while permutation rearranges the order of elements without adding or removing any. this combination helps to achieve diffusion and confusion, making it difficult for attackers to establish a relationship between the plaintext and ciphertext. 5. diffusion and confusion : these two concepts are fundamental to the design of block ciphers. diffusion ensures that a change in a single bit of plaintext results in a significant change in the ciphertext, spreading the influence of that bit across the output. confusion aims to make the relationship between the ciphertext and the key as complex as possible, thwarting attempts to deduce the key from the ciphertext. effective use of complex substitution algorithms enhances both diffusion and confusion. these principles, rooted in the foundational work of cryptographers like feistel and shannon, continue to guide the design of modern block ciphers, ensuring they remain robust against various forms of cryptanalysis. or page 01 of 02",35,,False,9f6a6624-0782-4f64-936c-dbaa0a4b9d06,Hp,D:20250102181011+05'30',2026-03-29T14:23:23.092501+00:00,21CS733-SOLUTIONS-SET2.pdf,3,pdf,21CS733-SOLUTIONS-SET2,35,,"21CS733
1. Block Size : The block size refers to the length of the plaintext block that
the cipher processes at one time. Larger block sizes generally provide greater
security because they allow for more complex transformations and greater
diffusion. However, they can also reduce the speed of encryption and
decryption. Traditionally, a block size of 64 bits was common, but modern
standards like AES use a 128-bit block size for enhanced security.
2. Key Size : The key size is the length of the encryption key used in the
cipher. A larger key size increases security by making brute-force attacks
more difficult and enhancing confusion within the encryption process. Key
sizes of 64 bits or less are now considered inadequate, with 128 bits being a
common standard in contemporary cryptographic applications.
3. Number of Rounds : The number of rounds in a block cipher refers to how
many times the encryption process is repeated. More rounds generally increase
the difficulty of cryptanalysis, making it harder for attackers to deduce the key
or plaintext. The design should ensure that the number of rounds is sufficient
so that known cryptanalytic methods require more effort than a brute-force
key search. For example, the Data Encryption Standard (DES) uses 16 rounds,
which was determined to be a good balance between security and
performance.
4. Substitution and Permutation : Block ciphers typically employ a
combination of substitution and permutation operations. Substitution involves
replacing plaintext elements with corresponding ciphertext elements, while
permutation rearranges the order of elements without adding or removing any.
This combination helps to achieve diffusion and confusion, making it difficult
for attackers to establish a relationship between the plaintext and ciphertext.
5. Diffusion and Confusion : These two concepts are fundamental to the
design of block ciphers. Diffusion ensures that a change in a single bit of
plaintext results in a significant change in the ciphertext, spreading the
influence of that bit across the output. Confusion aims to make the relationship
between the ciphertext and the key as complex as possible, thwarting attempts
to deduce the key from the ciphertext. Effective use of complex substitution
algorithms enhances both diffusion and confusion.
These principles, rooted in the foundational work of cryptographers like
Feistel and Shannon, continue to guide the design of modern block ciphers,
ensuring they remain robust against various forms of cryptanalysis.
OR
Page 01 of 02

Tables:
 |  | 1. Block Size : The block size refers to the length of the plaintext block that
the cipher processes at one time. Larger block sizes generally provide greater
security because they allow for more complex transformations and greater
diffusion. However, they can also reduce the speed of encryption and
decryption. Traditionally, a block size of 64 bits was common, but modern
standards like AES use a 128-bit block size for enhanced security.
2. Key Size : The key size is the length of the encryption key used in the
cipher. A larger key size increases security by making brute-force attacks
more difficult and enhancing confusion within the encryption process. Key
sizes of 64 bits or less are now considered inadequate, with 128 bits being a
common standard in contemporary cryptographic applications.
3. Number of Rounds : The number of rounds in a block cipher refers to how
many times the encryption process is repeated. More rounds generally increase
the difficulty of cryptanalysis, making it harder for attackers to deduce the key
or plaintext. The design should ensure that the number of rounds is sufficient
so that known cryptanalytic methods require more effort than a brute-force
key search. For example, the Data Encryption Standard (DES) uses 16 rounds,
which was determined to be a good balance between security and
performance.
4. Substitution and Permutation : Block ciphers typically employ a
combination of substitution and permutation operations. Substitution involves
replacing plaintext elements with corresponding ciphertext elements, while
permutation rearranges the order of elements without adding or removing any.
This combination helps to achieve diffusion and confusion, making it difficult
for attackers to establish a relationship between the plaintext and ciphertext.
5. Diffusion and Confusion : These two concepts are fundamental to the
design of block ciphers. Diffusion ensures that a change in a single bit of
plaintext results in a significant change in the ciphertext, spreading the
influence of that bit across the output. Confusion aims to make the relationship
between the ciphertext and the key as complex as possible, thwarting attempts
to deduce the key from the ciphertext. Effective use of complex substitution
algorithms enhances both diffusion and confusion.
These principles, rooted in the foundational work of cryptographers like
Feistel and Shannon, continue to guide the design of modern block ciphers,
ensuring they remain robust against various forms of cryptanalysis. | 
OR |  |  | ",pdf
4,"q.0 2 | a | explain des construction in detail with a neat diagram the data encryption standard (des) is a symmetric-key block cipher that was widely used for data encryption. it operates on 64-bit blocks of data and uses a 56-bit key for encryption and decryption. the construction of des involves several key components and processes, which i will explain in detail along with a neat diagram to illustrate the overall scheme. des construction overview 1. initial permutation (ip) : the first step in the des algorithm is an initial permutation of the 64-bit plaintext. this rearranges the bits according to a fixed pattern, which helps in the diffusion of the data. 2. key schedule : the 56-bit key is transformed into 16 subkeys (k1, k2, ..., k16) through a process that involves permutations and left circular shifts. each subkey is used in one of the 16 rounds of the des algorithm. 3. rounds : des consists of 16 rounds of processing. each round involves: | 7","21cs733 q.0 a explain des construction in detail with a neat diagram 7 2 the data encryption standard (des) is a symmetric-key block cipher that was widely used for data encryption. it operates on 64-bit blocks of data and uses a 56-bit key for encryption and decryption. the construction of des involves several key components and processes, which i will explain in detail along with a neat diagram to illustrate the overall scheme. des construction overview 1. initial permutation (ip) : the first step in the des algorithm is an initial permutation of the 64-bit plaintext. this rearranges the bits according to a fixed pattern, which helps in the diffusion of the data. 2. key schedule : the 56-bit key is transformed into 16 subkeys (k1, k2, ..., k16) through a process that involves permutations and left circular shifts. each subkey is used in one of the 16 rounds of the des algorithm. 3. rounds : des consists of 16 rounds of processing. each round involves: page 01 of 02",35,,False,a047eb42-616b-461d-ba02-8492901266d9,Hp,D:20250102181011+05'30',2026-03-29T14:23:23.242420+00:00,21CS733-SOLUTIONS-SET2.pdf,4,pdf,21CS733-SOLUTIONS-SET2,35,,"21CS733
Q.0 A Explain DES construction in detail with a neat diagram 7
2
The Data Encryption Standard (DES) is a symmetric-key block cipher that
was widely used for data encryption. It operates on 64-bit blocks of data and
uses a 56-bit key for encryption and decryption. The construction of DES
involves several key components and processes, which I will explain in detail
along with a neat diagram to illustrate the overall scheme.
DES Construction Overview
1. Initial Permutation (IP) : The first step in the DES algorithm is an initial
permutation of the 64-bit plaintext. This rearranges the bits according to a
fixed pattern, which helps in the diffusion of the data.
2. Key Schedule : The 56-bit key is transformed into 16 subkeys (K1, K2, ...,
K16) through a process that involves permutations and left circular shifts.
Each subkey is used in one of the 16 rounds of the DES algorithm.
3. Rounds : DES consists of 16 rounds of processing. Each round involves:
Page 01 of 02

Tables:
Q.0
2 | A | Explain DES construction in detail with a neat diagram
The Data Encryption Standard (DES) is a symmetric-key block cipher that
was widely used for data encryption. It operates on 64-bit blocks of data and
uses a 56-bit key for encryption and decryption. The construction of DES
involves several key components and processes, which I will explain in detail
along with a neat diagram to illustrate the overall scheme.
DES Construction Overview
1. Initial Permutation (IP) : The first step in the DES algorithm is an initial
permutation of the 64-bit plaintext. This rearranges the bits according to a
fixed pattern, which helps in the diffusion of the data.
2. Key Schedule : The 56-bit key is transformed into 16 subkeys (K1, K2, ...,
K16) through a process that involves permutations and left circular shifts.
Each subkey is used in one of the 16 rounds of the DES algorithm.
3. Rounds : DES consists of 16 rounds of processing. Each round involves: | 7",pdf
5,"| | - splitting the 64-bit data block into two halves: the left half (l) and the right half (r). - the right half (r) is expanded to 48 bits using an expansion permutation. - the expanded r is xored with the current round subkey (k). - the result is passed through a series of s-boxes (substitution boxes) that transform the data into a new 32-bit output. - the output from the s-boxes is permuted (p-box) and then xored with the left half (l). - the halves are then swapped for the next round. 4. final permutation (ip^-1) : after completing all 16 rounds, the final output is subjected to a final permutation, which is the inverse of the initial permutation. this produces the 64-bit ciphertext. key points - feistel structure : des is based on the feistel structure, which means that the same algorithm is used for both encryption and decryption, but the order of the subkeys is reversed during decryption. - security concerns : des has been criticized for its relatively short key length of 56 bits, making it vulnerable to brute-force attacks. as a result, it has largely been replaced by more secure algorithms like the advanced encryption standard (aes) and triple des (3des). des is a foundational algorithm in the field of cryptography, and understanding its construction is crucial for grasping the principles of symmetric encryption. | | b | explain playfair cipher and its rules for the following example: ex: keyword: ""computer"" plaintext: ""parrot"" | 7 | c | what is the one-time pad technique? list the advantages and disadvantages. the one-time pad is a cryptographic technique that provides perfect secrecy when implemented correctly. it involves using a random key that is as long as the message being sent. each key is used only once for a single message and then discarded, ensuring that there is no repetition. this method produces ciphertext that is completely random and bears no statistical relationship to the plaintext, making it theoretically unbreakable. advantages of the one-time pad: 1. perfect secrecy : when used correctly, the one-time pad offers complete security, meaning that the ciphertext reveals no information about the plaintext. 2. randomness : if the key is truly random and kept secret, the ciphertext will also be random, making it immune to frequency analysis and other forms of cryptanalysis. 3. simplicity : the concept is straightforward; it simply requires a random key of equal length to the message. | 6","21cs733 - splitting the 64-bit data block into two halves: the left half (l) and the right half (r). - the right half (r) is expanded to 48 bits using an expansion permutation. - the expanded r is xored with the current round subkey (k). - the result is passed through a series of s-boxes (substitution boxes) that transform the data into a new 32-bit output. - the output from the s-boxes is permuted (p-box) and then xored with the left half (l). - the halves are then swapped for the next round. 4. final permutation (ip^-1) : after completing all 16 rounds, the final output is subjected to a final permutation, which is the inverse of the initial permutation. this produces the 64-bit ciphertext. key points - feistel structure : des is based on the feistel structure, which means that the same algorithm is used for both encryption and decryption, but the order of the subkeys is reversed during decryption. - security concerns : des has been criticized for its relatively short key length of 56 bits, making it vulnerable to brute-force attacks. as a result, it has largely been replaced by more secure algorithms like the advanced encryption standard (aes) and triple des (3des). des is a foundational algorithm in the field of cryptography, and understanding its construction is crucial for grasping the principles of symmetric encryption. b explain playfair cipher and its rules for the following example: 7 ex: keyword: ""computer"" plaintext: ""parrot"" c what is the one-time pad technique? list the advantages and disadvantages. 6 the one-time pad is a cryptographic technique that provides perfect secrecy when implemented correctly. it involves using a random key that is as long as the message being sent. each key is used only once for a single message and then discarded, ensuring that there is no repetition. this method produces ciphertext that is completely random and bears no statistical relationship to the plaintext, making it theoretically unbreakable. advantages of the one-time pad: 1. perfect secrecy : when used correctly, the one-time pad offers complete security, meaning that the ciphertext reveals no information about the plaintext. 2. randomness : if the key is truly random and kept secret, the ciphertext will also be random, making it immune to frequency analysis and other forms of cryptanalysis. 3. simplicity : the concept is straightforward; it simply requires a random key of equal length to the message. page 01 of 02",35,,False,c0ffb5f0-1d45-42fc-871e-628b625b2e5b,Hp,D:20250102181011+05'30',2026-03-29T14:23:23.576644+00:00,21CS733-SOLUTIONS-SET2.pdf,5,pdf,21CS733-SOLUTIONS-SET2,35,,"21CS733
- Splitting the 64-bit data block into two halves: the left half (L) and the right
half (R).
- The right half (R) is expanded to 48 bits using an expansion permutation.
- The expanded R is XORed with the current round subkey (K).
- The result is passed through a series of S-boxes (substitution boxes) that
transform the data into a new 32-bit output.
- The output from the S-boxes is permuted (P-box) and then XORed with the
left half (L).
- The halves are then swapped for the next round.
4. Final Permutation (IP^-1) : After completing all 16 rounds, the final output
is subjected to a final permutation, which is the inverse of the initial
permutation. This produces the 64-bit ciphertext.
Key Points
- Feistel Structure : DES is based on the Feistel structure, which means that
the same algorithm is used for both encryption and decryption, but the order of
the subkeys is reversed during decryption.
- Security Concerns : DES has been criticized for its relatively short key
length of 56 bits, making it vulnerable to brute-force attacks. As a result, it has
largely been replaced by more secure algorithms like the Advanced
Encryption Standard (AES) and Triple DES (3DES).
DES is a foundational algorithm in the field of cryptography, and
understanding its construction is crucial for grasping the principles of
symmetric encryption.
B Explain Playfair Cipher and its rules for the following example: 7
Ex: Keyword: ""Computer"" Plaintext: ""parrot""
C What is the one-time pad technique? List the advantages and disadvantages. 6
The one-time pad is a cryptographic technique that provides perfect secrecy
when implemented correctly. It involves using a random key that is as long as
the message being sent. Each key is used only once for a single message and
then discarded, ensuring that there is no repetition. This method produces
ciphertext that is completely random and bears no statistical relationship to the
plaintext, making it theoretically unbreakable.
Advantages of the One-Time Pad:
1. Perfect Secrecy : When used correctly, the one-time pad offers complete
security, meaning that the ciphertext reveals no information about the
plaintext.
2. Randomness : If the key is truly random and kept secret, the ciphertext will
also be random, making it immune to frequency analysis and other forms of
cryptanalysis.
3. Simplicity : The concept is straightforward; it simply requires a random
key of equal length to the message.
Page 01 of 02

Tables:
 |  | - Splitting the 64-bit data block into two halves: the left half (L) and the right
half (R).
- The right half (R) is expanded to 48 bits using an expansion permutation.
- The expanded R is XORed with the current round subkey (K).
- The result is passed through a series of S-boxes (substitution boxes) that
transform the data into a new 32-bit output.
- The output from the S-boxes is permuted (P-box) and then XORed with the
left half (L).
- The halves are then swapped for the next round.
4. Final Permutation (IP^-1) : After completing all 16 rounds, the final output
is subjected to a final permutation, which is the inverse of the initial
permutation. This produces the 64-bit ciphertext.
Key Points
- Feistel Structure : DES is based on the Feistel structure, which means that
the same algorithm is used for both encryption and decryption, but the order of
the subkeys is reversed during decryption.
- Security Concerns : DES has been criticized for its relatively short key
length of 56 bits, making it vulnerable to brute-force attacks. As a result, it has
largely been replaced by more secure algorithms like the Advanced
Encryption Standard (AES) and Triple DES (3DES).
DES is a foundational algorithm in the field of cryptography, and
understanding its construction is crucial for grasping the principles of
symmetric encryption. | 
 | B | Explain Playfair Cipher and its rules for the following example:
Ex: Keyword: ""Computer"" Plaintext: ""parrot"" | 7
 | C | What is the one-time pad technique? List the advantages and disadvantages.
The one-time pad is a cryptographic technique that provides perfect secrecy
when implemented correctly. It involves using a random key that is as long as
the message being sent. Each key is used only once for a single message and
then discarded, ensuring that there is no repetition. This method produces
ciphertext that is completely random and bears no statistical relationship to the
plaintext, making it theoretically unbreakable.
Advantages of the One-Time Pad:
1. Perfect Secrecy : When used correctly, the one-time pad offers complete
security, meaning that the ciphertext reveals no information about the
plaintext.
2. Randomness : If the key is truly random and kept secret, the ciphertext will
also be random, making it immune to frequency analysis and other forms of
cryptanalysis.
3. Simplicity : The concept is straightforward; it simply requires a random
key of equal length to the message. | 6",pdf
6,"| | disadvantages of the one-time pad: 1. key distribution problem : each sender and receiver must have access to the same key, which can be a significant logistical challenge, especially for large quantities of data. 2. key management : generating and securely managing large amounts of random keys can be impractical. for heavily used systems, millions of random characters may be needed regularly. 3. limited utility : due to the difficulties in key distribution and management, the one-time pad is primarily useful for low-bandwidth channels that require very high security. while the one-time pad is theoretically the most secure encryption method, its practical application is limited by the challenges of key generation and distribution. | module-2 download | | |","21cs733 disadvantages of the one-time pad: 1. key distribution problem : each sender and receiver must have access to the same key, which can be a significant logistical challenge, especially for large quantities of data. 2. key management : generating and securely managing large amounts of random keys can be impractical. for heavily used systems, millions of random characters may be needed regularly. 3. limited utility : due to the difficulties in key distribution and management, the one-time pad is primarily useful for low-bandwidth channels that require very high security. while the one-time pad is theoretically the most secure encryption method, its practical application is limited by the challenges of key generation and distribution. module-2 download page 01 of 02",35,,False,e72876ee-7e09-4952-93d3-48074de35b27,Hp,D:20250102181011+05'30',2026-03-29T14:23:23.700700+00:00,21CS733-SOLUTIONS-SET2.pdf,6,pdf,21CS733-SOLUTIONS-SET2,35,,"21CS733
Disadvantages of the One-Time Pad:
1. Key Distribution Problem : Each sender and receiver must have access to
the same key, which can be a significant logistical challenge, especially for
large quantities of data.
2. Key Management : Generating and securely managing large amounts of
random keys can be impractical. For heavily used systems, millions of random
characters may be needed regularly.
3. Limited Utility : Due to the difficulties in key distribution and
management, the one-time pad is primarily useful for low-bandwidth channels
that require very high security.
while the one-time pad is theoretically the most secure encryption method, its
practical application is limited by the challenges of key generation and
distribution.
Module-2
Download
Page 01 of 02

Tables:
 |  | Disadvantages of the One-Time Pad:
1. Key Distribution Problem : Each sender and receiver must have access to
the same key, which can be a significant logistical challenge, especially for
large quantities of data.
2. Key Management : Generating and securely managing large amounts of
random keys can be impractical. For heavily used systems, millions of random
characters may be needed regularly.
3. Limited Utility : Due to the difficulties in key distribution and
management, the one-time pad is primarily useful for low-bandwidth channels
that require very high security.
while the one-time pad is theoretically the most secure encryption method, its
practical application is limited by the challenges of key generation and
distribution. | 
Module-2
Download |  |  | ",pdf
7,"q.0 3 | a | explain the public key cryptosystem with a neat diagram. the public key cryptosystem is a revolutionary approach to cryptography that addresses some of the significant challenges associated with traditional symmetric encryption, particularly the issue of key distribution. in a public key system, each user generates a pair of keys: a public key, which is shared openly, and a private key, which is kept secret. this dual-key mechanism allows for secure communication without the need to share secret keys beforehand. there are three primary applications of public key cryptosystems: 1. encryption/decryption : in this scenario, a sender encrypts a message using the recipient's public key. only the recipient, who possesses the corresponding private key, can decrypt the message. this ensures that even if the encrypted message is intercepted, it cannot be read by anyone who does not have access to the private key. 2. digital signatures : here, the sender signs a message using their private | 7","21cs733 q.0 a explain the public key cryptosystem with a neat diagram. 7 3 the public key cryptosystem is a revolutionary approach to cryptography that addresses some of the significant challenges associated with traditional symmetric encryption, particularly the issue of key distribution. in a public key system, each user generates a pair of keys: a public key, which is shared openly, and a private key, which is kept secret. this dual-key mechanism allows for secure communication without the need to share secret keys beforehand. there are three primary applications of public key cryptosystems: 1. encryption/decryption : in this scenario, a sender encrypts a message using the recipient's public key. only the recipient, who possesses the corresponding private key, can decrypt the message. this ensures that even if the encrypted message is intercepted, it cannot be read by anyone who does not have access to the private key. 2. digital signatures : here, the sender signs a message using their private page 01 of 02",35,,False,21bac58b-233c-4b7d-88b4-05205550f405,Hp,D:20250102181011+05'30',2026-03-29T14:23:23.842405+00:00,21CS733-SOLUTIONS-SET2.pdf,7,pdf,21CS733-SOLUTIONS-SET2,35,,"21CS733
Q.0 A Explain the public key cryptosystem with a neat diagram. 7
3
The public key cryptosystem is a revolutionary approach to cryptography that
addresses some of the significant challenges associated with traditional
symmetric encryption, particularly the issue of key distribution. In a public
key system, each user generates a pair of keys: a public key, which is shared
openly, and a private key, which is kept secret. This dual-key mechanism
allows for secure communication without the need to share secret keys
beforehand.
There are three primary applications of public key cryptosystems:
1. Encryption/Decryption : In this scenario, a sender encrypts a message using
the recipient's public key. Only the recipient, who possesses the corresponding
private key, can decrypt the message. This ensures that even if the encrypted
message is intercepted, it cannot be read by anyone who does not have access
to the private key.
2. Digital Signatures : Here, the sender signs a message using their private
Page 01 of 02

Tables:
Q.0
3 | A | Explain the public key cryptosystem with a neat diagram.
The public key cryptosystem is a revolutionary approach to cryptography that
addresses some of the significant challenges associated with traditional
symmetric encryption, particularly the issue of key distribution. In a public
key system, each user generates a pair of keys: a public key, which is shared
openly, and a private key, which is kept secret. This dual-key mechanism
allows for secure communication without the need to share secret keys
beforehand.
There are three primary applications of public key cryptosystems:
1. Encryption/Decryption : In this scenario, a sender encrypts a message using
the recipient's public key. Only the recipient, who possesses the corresponding
private key, can decrypt the message. This ensures that even if the encrypted
message is intercepted, it cannot be read by anyone who does not have access
to the private key.
2. Digital Signatures : Here, the sender signs a message using their private | 7",pdf
8,"| | key. this process involves applying a cryptographic algorithm to the message or a hash of the message. the recipient can then verify the signature using the sender's public key, ensuring the authenticity and integrity of the message. 3. key exchange : public key systems also facilitate secure key exchange between parties. for example, two parties can use their public keys to agree on a shared session key for symmetric encryption, allowing them to communicate securely. the rsa algorithm is one of the most well-known public key cryptosystems. it relies on the mathematical properties of large prime numbers and is designed to be computationally easy for legitimate users to encrypt and decrypt messages, while being computationally infeasible for an adversary to derive the private key from the public key. public key cryptography has become essential for secure communication in various contexts, including online transactions, secure email, and digital signatures, making it a cornerstone of modern cybersecurity. | | b | what is the cipher text if the plain text is 63 and the public key is 13? use the rsa algorithm. | 6 | c | write about key generation, encryption and decryption in the elgamal cryptosystem. the elgamal cryptosystem is a public-key cryptographic system that relies on the mathematical principles of discrete logarithms. here's a detailed overview of its key generation, encryption, and decryption processes: key generation in the elgamal system, the key generation process is performed by the user (let's call her alice). the steps are as follows: | 7","21cs733 key. this process involves applying a cryptographic algorithm to the message or a hash of the message. the recipient can then verify the signature using the sender's public key, ensuring the authenticity and integrity of the message. 3. key exchange : public key systems also facilitate secure key exchange between parties. for example, two parties can use their public keys to agree on a shared session key for symmetric encryption, allowing them to communicate securely. the rsa algorithm is one of the most well-known public key cryptosystems. it relies on the mathematical properties of large prime numbers and is designed to be computationally easy for legitimate users to encrypt and decrypt messages, while being computationally infeasible for an adversary to derive the private key from the public key. public key cryptography has become essential for secure communication in various contexts, including online transactions, secure email, and digital signatures, making it a cornerstone of modern cybersecurity. b what is the cipher text if the plain text is 63 and the public key is 13? use 6 the rsa algorithm. c write about key generation, encryption and decryption in the elgamal 7 cryptosystem. the elgamal cryptosystem is a public-key cryptographic system that relies on the mathematical principles of discrete logarithms. here's a detailed overview of its key generation, encryption, and decryption processes: key generation in the elgamal system, the key generation process is performed by the user (let's call her alice). the steps are as follows: page 01 of 02",35,,False,367f5705-d3cd-4827-9ced-70f9b1468f57,Hp,D:20250102181011+05'30',2026-03-29T14:23:24.061441+00:00,21CS733-SOLUTIONS-SET2.pdf,8,pdf,21CS733-SOLUTIONS-SET2,35,,"21CS733
key. This process involves applying a cryptographic algorithm to the message
or a hash of the message. The recipient can then verify the signature using the
sender's public key, ensuring the authenticity and integrity of the message.
3. Key Exchange : Public key systems also facilitate secure key exchange
between parties. For example, two parties can use their public keys to agree on
a shared session key for symmetric encryption, allowing them to communicate
securely.
The RSA algorithm is one of the most well-known public key cryptosystems.
It relies on the mathematical properties of large prime numbers and is
designed to be computationally easy for legitimate users to encrypt and
decrypt messages, while being computationally infeasible for an adversary to
derive the private key from the public key.
public key cryptography has become essential for secure communication in
various contexts, including online transactions, secure email, and digital
signatures, making it a cornerstone of modern cybersecurity.
B What is the cipher text if the plain text is 63 and the public key is 13? Use 6
the RSA algorithm.
C Write about key generation, encryption and decryption in the ElGamal 7
Cryptosystem.
The ElGamal Cryptosystem is a public-key cryptographic system that relies on
the mathematical principles of discrete logarithms. Here's a detailed overview
of its key generation, encryption, and decryption processes:
Key Generation
In the ElGamal system, the key generation process is performed by the user
(let's call her Alice). The steps are as follows:
Page 01 of 02

Tables:
 |  | key. This process involves applying a cryptographic algorithm to the message
or a hash of the message. The recipient can then verify the signature using the
sender's public key, ensuring the authenticity and integrity of the message.
3. Key Exchange : Public key systems also facilitate secure key exchange
between parties. For example, two parties can use their public keys to agree on
a shared session key for symmetric encryption, allowing them to communicate
securely.
The RSA algorithm is one of the most well-known public key cryptosystems.
It relies on the mathematical properties of large prime numbers and is
designed to be computationally easy for legitimate users to encrypt and
decrypt messages, while being computationally infeasible for an adversary to
derive the private key from the public key.
public key cryptography has become essential for secure communication in
various contexts, including online transactions, secure email, and digital
signatures, making it a cornerstone of modern cybersecurity. | 
 | B | What is the cipher text if the plain text is 63 and the public key is 13? Use
the RSA algorithm. | 6
 | C | Write about key generation, encryption and decryption in the ElGamal
Cryptosystem.
The ElGamal Cryptosystem is a public-key cryptographic system that relies on
the mathematical principles of discrete logarithms. Here's a detailed overview
of its key generation, encryption, and decryption processes:
Key Generation
In the ElGamal system, the key generation process is performed by the user
(let's call her Alice). The steps are as follows: | 7",pdf
9,"| | 1. select a prime number (q) : alice chooses a large prime number ( q ). 2. select a primitive root (a) : she then selects a primitive root ( a ) of ( q ). a primitive root is an integer ( a ) such that its powers modulo ( q ) generate all the integers from 1 to ( q-1 ). 3. generate private key (xa) : alice generates a random integer ( x_a ) such that ( 1 \leq x_a \leq q-1 ). this integer serves as her private key. 4. compute public key (ya) : alice computes her public key ( y_a ) using the formula: y_a = a^{x_a} \mod q 5. public key components : alice's public key consists of the triplet ( \{q, a, y_a\} ), while her private key is simply ( x_a ). encryption when another user (let's call him bob) wants to send a secure message ( m ) to alice, he follows these steps: 1. represent the message : bob represents the plaintext message ( m ) as an integer in the range ( 0 \leq m < q ). if the message is longer, it can be split into blocks, each represented as an integer. 2. select a random integer (k) : bob chooses a random integer ( k ) such that ( 1 \leq k \leq q-1 ). |","21cs733 1. select a prime number (q) : alice chooses a large prime number ( q ). 2. select a primitive root (a) : she then selects a primitive root ( a ) of ( q ). a primitive root is an integer ( a ) such that its powers modulo ( q ) generate all the integers from 1 to ( q-1 ). 3. generate private key (xa) : alice generates a random integer ( x_a ) such that ( 1 \leq x_a \leq q-1 ). this integer serves as her private key. 4. compute public key (ya) : alice computes her public key ( y_a ) using the formula: y_a = a^{x_a} \mod q 5. public key components : alice's public key consists of the triplet ( \{q, a, y_a\} ), while her private key is simply ( x_a ). encryption when another user (let's call him bob) wants to send a secure message ( m ) to alice, he follows these steps: 1. represent the message : bob represents the plaintext message ( m ) as an integer in the range ( 0 \leq m < q ). if the message is longer, it can be split into blocks, each represented as an integer. 2. select a random integer (k) : bob chooses a random integer ( k ) such that ( 1 \leq k \leq q-1 ). page 01 of 02",35,,False,5cfbe698-5e8c-4ed6-8f87-112c66a65de5,Hp,D:20250102181011+05'30',2026-03-29T14:23:24.303177+00:00,21CS733-SOLUTIONS-SET2.pdf,9,pdf,21CS733-SOLUTIONS-SET2,35,,"21CS733
1. Select a Prime Number (q) : Alice chooses a large prime number ( q ).
2. Select a Primitive Root (a) : She then selects a primitive root ( a ) of ( q
). A primitive root is an integer ( a ) such that its powers modulo ( q )
generate all the integers from 1 to ( q-1 ).
3. Generate Private Key (XA) : Alice generates a random integer ( X_A )
such that ( 1 \leq X_A \leq q-1 ). This integer serves as her private key.
4. Compute Public Key (YA) : Alice computes her public key ( Y_A ) using
the formula:
Y_A = a^{X_A} \mod q
5. Public Key Components : Alice's public key consists of the triplet ( \{q, a,
Y_A\} ), while her private key is simply ( X_A ).
Encryption
When another user (let's call him Bob) wants to send a secure message ( M )
to Alice, he follows these steps:
1. Represent the Message : Bob represents the plaintext message ( M ) as an
integer in the range ( 0 \leq M < q ). If the message is longer, it can be split
into blocks, each represented as an integer.
2. Select a Random Integer (k) : Bob chooses a random integer ( k ) such
that ( 1 \leq k \leq q-1 ).
Page 01 of 02

Tables:
 |  | 1. Select a Prime Number (q) : Alice chooses a large prime number ( q ).
2. Select a Primitive Root (a) : She then selects a primitive root ( a ) of ( q
). A primitive root is an integer ( a ) such that its powers modulo ( q )
generate all the integers from 1 to ( q-1 ).
3. Generate Private Key (XA) : Alice generates a random integer ( X_A )
such that ( 1 \leq X_A \leq q-1 ). This integer serves as her private key.
4. Compute Public Key (YA) : Alice computes her public key ( Y_A ) using
the formula:
Y_A = a^{X_A} \mod q
5. Public Key Components : Alice's public key consists of the triplet ( \{q, a,
Y_A\} ), while her private key is simply ( X_A ).
Encryption
When another user (let's call him Bob) wants to send a secure message ( M )
to Alice, he follows these steps:
1. Represent the Message : Bob represents the plaintext message ( M ) as an
integer in the range ( 0 \leq M < q ). If the message is longer, it can be split
into blocks, each represented as an integer.
2. Select a Random Integer (k) : Bob chooses a random integer ( k ) such
that ( 1 \leq k \leq q-1 ). | ",pdf
10,"| | 3. compute one-time key (k) : bob computes a one-time key ( k ) using alice's public key: k = y_a^k \mod q 4. encrypt the message : bob then encrypts the message ( m ) to produce the ciphertext, which consists of two components: - ( c_1 = a^k \mod q ) - ( c_2 = k \cdot m \mod q ) the ciphertext is represented as the pair ( (c_1, c_2) ). decryption upon receiving the ciphertext ( (c_1, c_2) ), alice can decrypt the message using her private key: 1. recover the one-time key (k) : alice computes the one-time key ( k ) from the received ( c_1 ): k = c_1^{x_a} \mod q 2. recover the plaintext message (m) : finally, alice retrieves the original message ( m ) using the formula: m = (c_2 \cdot k^{-1}) \mod q here, ( k^{-1} ) is the modular inverse of ( k ) modulo ( q ). this process ensures that even if someone intercepts the ciphertext ( (c_1, c_2) ), they cannot easily recover the plaintext message ( m ) without knowing alice's private key ( x_a ). the security of the elgamal cryptosystem is based on the difficulty of solving the discrete logarithm problem. | or | | | q.0 4 | a | list the difference between conventional and public key encryption conventional encryption and public-key encryption differ in several key aspects, which can be summarized as follows: | 7","21cs733 3. compute one-time key (k) : bob computes a one-time key ( k ) using alice's public key: k = y_a^k \mod q 4. encrypt the message : bob then encrypts the message ( m ) to produce the ciphertext, which consists of two components: - ( c_1 = a^k \mod q ) - ( c_2 = k \cdot m \mod q ) the ciphertext is represented as the pair ( (c_1, c_2) ). decryption upon receiving the ciphertext ( (c_1, c_2) ), alice can decrypt the message using her private key: 1. recover the one-time key (k) : alice computes the one-time key ( k ) from the received ( c_1 ): k = c_1^{x_a} \mod q 2. recover the plaintext message (m) : finally, alice retrieves the original message ( m ) using the formula: m = (c_2 \cdot k^{-1}) \mod q here, ( k^{-1} ) is the modular inverse of ( k ) modulo ( q ). this process ensures that even if someone intercepts the ciphertext ( (c_1, c_2) ), they cannot easily recover the plaintext message ( m ) without knowing alice's private key ( x_a ). the security of the elgamal cryptosystem is based on the difficulty of solving the discrete logarithm problem. or q.0 a list the difference between conventional and public key encryption 7 4 conventional encryption and public-key encryption differ in several key aspects, which can be summarized as follows: page 01 of 02",35,,False,bfee1e72-c230-4dc5-96ec-1ca5dcdb6b60,Hp,D:20250102181011+05'30',2026-03-29T14:23:24.586935+00:00,21CS733-SOLUTIONS-SET2.pdf,10,pdf,21CS733-SOLUTIONS-SET2,35,,"21CS733
3. Compute One-Time Key (K) : Bob computes a one-time key ( K ) using
Alice's public key:
K = Y_A^k \mod q
4. Encrypt the Message : Bob then encrypts the message ( M ) to produce the
ciphertext, which consists of two components:
- ( C_1 = a^k \mod q )
- ( C_2 = K \cdot M \mod q )
The ciphertext is represented as the pair ( (C_1, C_2) ).
Decryption
Upon receiving the ciphertext ( (C_1, C_2) ), Alice can decrypt the message
using her private key:
1. Recover the One-Time Key (K) : Alice computes the one-time key ( K )
from the received ( C_1 ):
K = C_1^{X_A} \mod q
2. Recover the Plaintext Message (M) : Finally, Alice retrieves the original
message ( M ) using the formula:
M = (C_2 \cdot K^{-1}) \mod q
Here, ( K^{-1} ) is the modular inverse of ( K ) modulo ( q ).
This process ensures that even if someone intercepts the ciphertext ( (C_1,
C_2) ), they cannot easily recover the plaintext message ( M ) without
knowing Alice's private key ( X_A ). The security of the ElGamal
Cryptosystem is based on the difficulty of solving the discrete logarithm
problem.
OR
Q.0 A List the difference between Conventional and public key encryption 7
4
Conventional encryption and public-key encryption differ in several key
aspects, which can be summarized as follows:
Page 01 of 02

Tables:
 |  | 3. Compute One-Time Key (K) : Bob computes a one-time key ( K ) using
Alice's public key:
K = Y_A^k \mod q
4. Encrypt the Message : Bob then encrypts the message ( M ) to produce the
ciphertext, which consists of two components:
- ( C_1 = a^k \mod q )
- ( C_2 = K \cdot M \mod q )
The ciphertext is represented as the pair ( (C_1, C_2) ).
Decryption
Upon receiving the ciphertext ( (C_1, C_2) ), Alice can decrypt the message
using her private key:
1. Recover the One-Time Key (K) : Alice computes the one-time key ( K )
from the received ( C_1 ):
K = C_1^{X_A} \mod q
2. Recover the Plaintext Message (M) : Finally, Alice retrieves the original
message ( M ) using the formula:
M = (C_2 \cdot K^{-1}) \mod q
Here, ( K^{-1} ) is the modular inverse of ( K ) modulo ( q ).
This process ensures that even if someone intercepts the ciphertext ( (C_1,
C_2) ), they cannot easily recover the plaintext message ( M ) without
knowing Alice's private key ( X_A ). The security of the ElGamal
Cryptosystem is based on the difficulty of solving the discrete logarithm
problem. | 
OR |  |  | 
Q.0
4 | A | List the difference between Conventional and public key encryption
Conventional encryption and public-key encryption differ in several key
aspects, which can be summarized as follows: | 7",pdf
11,"| | 1. key usage : - conventional encryption : uses a single secret key for both encryption and decryption. the same algorithm and key must be shared between the sender and receiver. - public-key encryption : utilizes a pair of keys: a public key (pu) that is shared openly and a private key (pr) that is kept secret by the owner. the public key is used for encryption, while the private key is used for decryption. 2. key distribution : - conventional encryption : requires a secure method to distribute the secret key to both parties before communication can occur. this can be a significant challenge, especially in large networks. - public-key encryption : eliminates the need for secure key distribution since the public key can be shared openly without compromising security. only the private key needs to be kept secret. 3. security requirements : - conventional encryption : the security relies on keeping the secret key confidential. if the key is compromised, the encryption is no longer secure. - public-key encryption : the security is based on the computational difficulty of deriving the private key from the public key. even if the public key is known, it should be infeasible for an adversary to determine the private key or decrypt the ciphertext. 4. complexity : - conventional encryption : generally simpler and faster in terms of computational requirements since it uses the same key for both processes. - public-key encryption : more complex due to the mathematical operations involved in generating key pairs and encrypting/decrypting messages. this complexity can lead to slower performance compared to |","21cs733 1. key usage : - conventional encryption : uses a single secret key for both encryption and decryption. the same algorithm and key must be shared between the sender and receiver. - public-key encryption : utilizes a pair of keys: a public key (pu) that is shared openly and a private key (pr) that is kept secret by the owner. the public key is used for encryption, while the private key is used for decryption. 2. key distribution : - conventional encryption : requires a secure method to distribute the secret key to both parties before communication can occur. this can be a significant challenge, especially in large networks. - public-key encryption : eliminates the need for secure key distribution since the public key can be shared openly without compromising security. only the private key needs to be kept secret. 3. security requirements : - conventional encryption : the security relies on keeping the secret key confidential. if the key is compromised, the encryption is no longer secure. - public-key encryption : the security is based on the computational difficulty of deriving the private key from the public key. even if the public key is known, it should be infeasible for an adversary to determine the private key or decrypt the ciphertext. 4. complexity : - conventional encryption : generally simpler and faster in terms of computational requirements since it uses the same key for both processes. - public-key encryption : more complex due to the mathematical operations involved in generating key pairs and encrypting/decrypting messages. this complexity can lead to slower performance compared to page 01 of 02",35,,False,a122a2d8-9511-4e96-9300-1120317a40b6,Hp,D:20250102181011+05'30',2026-03-29T14:23:24.807143+00:00,21CS733-SOLUTIONS-SET2.pdf,11,pdf,21CS733-SOLUTIONS-SET2,35,,"21CS733
1. Key Usage :
- Conventional Encryption : Uses a single secret key for both encryption
and decryption. The same algorithm and key must be shared between the
sender and receiver.
- Public-Key Encryption : Utilizes a pair of keys: a public key (PU) that is
shared openly and a private key (PR) that is kept secret by the owner. The
public key is used for encryption, while the private key is used for
decryption.
2. Key Distribution :
- Conventional Encryption : Requires a secure method to distribute the
secret key to both parties before communication can occur. This can be a
significant challenge, especially in large networks.
- Public-Key Encryption : Eliminates the need for secure key distribution
since the public key can be shared openly without compromising security.
Only the private key needs to be kept secret.
3. Security Requirements :
- Conventional Encryption : The security relies on keeping the secret key
confidential. If the key is compromised, the encryption is no longer secure.
- Public-Key Encryption : The security is based on the computational
difficulty of deriving the private key from the public key. Even if the public
key is known, it should be infeasible for an adversary to determine the
private key or decrypt the ciphertext.
4. Complexity :
- Conventional Encryption : Generally simpler and faster in terms of
computational requirements since it uses the same key for both processes.
- Public-Key Encryption : More complex due to the mathematical
operations involved in generating key pairs and encrypting/decrypting
messages. This complexity can lead to slower performance compared to
Page 01 of 02

Tables:
 |  | 1. Key Usage :
- Conventional Encryption : Uses a single secret key for both encryption
and decryption. The same algorithm and key must be shared between the
sender and receiver.
- Public-Key Encryption : Utilizes a pair of keys: a public key (PU) that is
shared openly and a private key (PR) that is kept secret by the owner. The
public key is used for encryption, while the private key is used for
decryption.
2. Key Distribution :
- Conventional Encryption : Requires a secure method to distribute the
secret key to both parties before communication can occur. This can be a
significant challenge, especially in large networks.
- Public-Key Encryption : Eliminates the need for secure key distribution
since the public key can be shared openly without compromising security.
Only the private key needs to be kept secret.
3. Security Requirements :
- Conventional Encryption : The security relies on keeping the secret key
confidential. If the key is compromised, the encryption is no longer secure.
- Public-Key Encryption : The security is based on the computational
difficulty of deriving the private key from the public key. Even if the public
key is known, it should be infeasible for an adversary to determine the
private key or decrypt the ciphertext.
4. Complexity :
- Conventional Encryption : Generally simpler and faster in terms of
computational requirements since it uses the same key for both processes.
- Public-Key Encryption : More complex due to the mathematical
operations involved in generating key pairs and encrypting/decrypting
messages. This complexity can lead to slower performance compared to | ",pdf
12,"| | conventional methods. 5. applications : - conventional encryption : primarily used for bulk data encryption where speed is crucial. - public-key encryption : commonly used for secure communications, digital signatures, and key exchange protocols, where the benefits of secure key distribution and authentication are essential. while conventional encryption relies on a shared secret key and requires secure key distribution, public-key encryption uses a pair of keys, allowing for secure communication without the need for prior key exchange. | | b | let q=353 and g=3. xa=97, xb=233. use diffie hellman key exchange algorithm to find ya, yb and secret key k. | 6 | c | what are the practical issues related to rsa? the practical issues related to rsa primarily revolve around key size, computational complexity, and security vulnerabilities. here are some key points: 1. key size and performance : as the key length for secure rsa usage has increased over the years, this has led to a heavier processing load on applications that utilize rsa. for instance, larger keys result in slower encryption and decryption processes, which can be particularly burdensome for electronic commerce sites that handle numerous secure transactions. the trade- off here is that while larger keys enhance security, they also slow down system performance. 2. computational complexity : the rsa algorithm involves complex calculations for both key generation and the encryption/decryption processes. this complexity can lead to slower system performance, especially as the key size increases. the computational aspects of rsa must be carefully managed to ensure that they do not hinder the practical usability of the system. 3. security vulnerabilities : rsa is susceptible to various types of attacks, including: - brute force attacks : attempting all possible private keys, which is mitigated by using large key sizes. - mathematical attacks : these include factoring the product of two primes, which is the basis of rsa's security. - timing attacks : these exploit variations in the time taken to perform decryption operations. - hardware fault-based attacks : these involve inducing faults in the hardware to extract private keys. - chosen ciphertext attacks : these exploit specific properties of the rsa algorithm. | 7","21cs733 conventional methods. 5. applications : - conventional encryption : primarily used for bulk data encryption where speed is crucial. - public-key encryption : commonly used for secure communications, digital signatures, and key exchange protocols, where the benefits of secure key distribution and authentication are essential. while conventional encryption relies on a shared secret key and requires secure key distribution, public-key encryption uses a pair of keys, allowing for secure communication without the need for prior key exchange. b let q=353 and g=3. xa=97, xb=233. use diffie hellman key exchange 6 algorithm to find ya, yb and secret key k. c what are the practical issues related to rsa? 7 the practical issues related to rsa primarily revolve around key size, computational complexity, and security vulnerabilities. here are some key points: 1. key size and performance : as the key length for secure rsa usage has increased over the years, this has led to a heavier processing load on applications that utilize rsa. for instance, larger keys result in slower encryption and decryption processes, which can be particularly burdensome for electronic commerce sites that handle numerous secure transactions. the trade- off here is that while larger keys enhance security, they also slow down system performance. 2. computational complexity : the rsa algorithm involves complex calculations for both key generation and the encryption/decryption processes. this complexity can lead to slower system performance, especially as the key size increases. the computational aspects of rsa must be carefully managed to ensure that they do not hinder the practical usability of the system. 3. security vulnerabilities : rsa is susceptible to various types of attacks, including: - brute force attacks : attempting all possible private keys, which is mitigated by using large key sizes. - mathematical attacks : these include factoring the product of two primes, which is the basis of rsa's security. - timing attacks : these exploit variations in the time taken to perform decryption operations. - hardware fault-based attacks : these involve inducing faults in the hardware to extract private keys. - chosen ciphertext attacks : these exploit specific properties of the rsa algorithm. page 01 of 02",35,,False,e441e67e-8b24-4530-9f44-219efc0c86fb,Hp,D:20250102181011+05'30',2026-03-29T14:23:25.110098+00:00,21CS733-SOLUTIONS-SET2.pdf,12,pdf,21CS733-SOLUTIONS-SET2,35,,"21CS733
conventional methods.
5. Applications :
- Conventional Encryption : Primarily used for bulk data encryption where
speed is crucial.
- Public-Key Encryption : Commonly used for secure communications,
digital signatures, and key exchange protocols, where the benefits of secure
key distribution and authentication are essential.
while conventional encryption relies on a shared secret key and requires
secure key distribution, public-key encryption uses a pair of keys, allowing
for secure communication without the need for prior key exchange.
B Let q=353 and g=3. Xa=97, Xb=233. Use Diffie Hellman Key exchange 6
algorithm to find Ya, Yb and Secret key K.
C What are the practical issues related to RSA? 7
The practical issues related to RSA primarily revolve around key size,
computational complexity, and security vulnerabilities. Here are some key
points:
1. Key Size and Performance : As the key length for secure RSA usage has
increased over the years, this has led to a heavier processing load on
applications that utilize RSA. For instance, larger keys result in slower
encryption and decryption processes, which can be particularly burdensome for
electronic commerce sites that handle numerous secure transactions. The trade-
off here is that while larger keys enhance security, they also slow down system
performance.
2. Computational Complexity : The RSA algorithm involves complex
calculations for both key generation and the encryption/decryption processes.
This complexity can lead to slower system performance, especially as the key
size increases. The computational aspects of RSA must be carefully managed to
ensure that they do not hinder the practical usability of the system.
3. Security Vulnerabilities : RSA is susceptible to various types of attacks,
including:
- Brute Force Attacks : Attempting all possible private keys, which is
mitigated by using large key sizes.
- Mathematical Attacks : These include factoring the product of two primes,
which is the basis of RSA's security.
- Timing Attacks : These exploit variations in the time taken to perform
decryption operations.
- Hardware Fault-Based Attacks : These involve inducing faults in the
hardware to extract private keys.
- Chosen Ciphertext Attacks : These exploit specific properties of the RSA
algorithm.
Page 01 of 02

Tables:
 |  | conventional methods.
5. Applications :
- Conventional Encryption : Primarily used for bulk data encryption where
speed is crucial.
- Public-Key Encryption : Commonly used for secure communications,
digital signatures, and key exchange protocols, where the benefits of secure
key distribution and authentication are essential.
while conventional encryption relies on a shared secret key and requires
secure key distribution, public-key encryption uses a pair of keys, allowing
for secure communication without the need for prior key exchange. | 
 | B | Let q=353 and g=3. Xa=97, Xb=233. Use Diffie Hellman Key exchange
algorithm to find Ya, Yb and Secret key K. | 6
 | C | What are the practical issues related to RSA?
The practical issues related to RSA primarily revolve around key size,
computational complexity, and security vulnerabilities. Here are some key
points:
1. Key Size and Performance : As the key length for secure RSA usage has
increased over the years, this has led to a heavier processing load on
applications that utilize RSA. For instance, larger keys result in slower
encryption and decryption processes, which can be particularly burdensome for
electronic commerce sites that handle numerous secure transactions. The trade-
off here is that while larger keys enhance security, they also slow down system
performance.
2. Computational Complexity : The RSA algorithm involves complex
calculations for both key generation and the encryption/decryption processes.
This complexity can lead to slower system performance, especially as the key
size increases. The computational aspects of RSA must be carefully managed to
ensure that they do not hinder the practical usability of the system.
3. Security Vulnerabilities : RSA is susceptible to various types of attacks,
including:
- Brute Force Attacks : Attempting all possible private keys, which is
mitigated by using large key sizes.
- Mathematical Attacks : These include factoring the product of two primes,
which is the basis of RSA's security.
- Timing Attacks : These exploit variations in the time taken to perform
decryption operations.
- Hardware Fault-Based Attacks : These involve inducing faults in the
hardware to extract private keys.
- Chosen Ciphertext Attacks : These exploit specific properties of the RSA
algorithm. | 7",pdf
13,"| | 4. trade-offs in key size : while larger keys are necessary to defend against brute-force attacks, they also lead to increased computational demands. therefore, finding a balance between key size and system performance is crucial for practical implementations of rsa. 5. emerging alternatives : due to the limitations of rsa, particularly in terms of processing overhead, elliptic curve cryptography (ecc) is gaining traction. ecc offers comparable security with significantly smaller key sizes, which can alleviate some of the performance issues associated with rsa. while rsa remains a widely accepted method for public-key encryption, its practical issues necessitate careful consideration of key size, computational efficiency, and potential vulnerabilities to ensure secure and efficient communication. | module-3 download | | | q.0 5 | a | what is meant by key management? explain key distribution scenarios with kdc key management refers to the processes and techniques used to handle cryptographic keys in a secure manner throughout their lifecycle. this includes key generation, distribution, storage, use, and destruction. effective key management is crucial for maintaining the confidentiality, integrity, and authenticity of data protected by cryptographic systems. in the context of key distribution, a key distribution center (kdc) plays a vital role. the kdc is a trusted entity responsible for distributing keys to users or systems that need to communicate securely. here’s how a typical key distribution scenario with a kdc works: | 10","21cs733 4. trade-offs in key size : while larger keys are necessary to defend against brute-force attacks, they also lead to increased computational demands. therefore, finding a balance between key size and system performance is crucial for practical implementations of rsa. 5. emerging alternatives : due to the limitations of rsa, particularly in terms of processing overhead, elliptic curve cryptography (ecc) is gaining traction. ecc offers comparable security with significantly smaller key sizes, which can alleviate some of the performance issues associated with rsa. while rsa remains a widely accepted method for public-key encryption, its practical issues necessitate careful consideration of key size, computational efficiency, and potential vulnerabilities to ensure secure and efficient communication. module-3 download q.0 a what is meant by key management? explain key distribution scenarios 10 5 with kdc key management refers to the processes and techniques used to handle cryptographic keys in a secure manner throughout their lifecycle. this includes key generation, distribution, storage, use, and destruction. effective key management is crucial for maintaining the confidentiality, integrity, and authenticity of data protected by cryptographic systems. in the context of key distribution, a key distribution center (kdc) plays a vital role. the kdc is a trusted entity responsible for distributing keys to users or systems that need to communicate securely. here’s how a typical key distribution scenario with a kdc works: page 01 of 02",35,,False,6a1ab871-6e21-448d-8206-2c8c5feb1c6f,Hp,D:20250102181011+05'30',2026-03-29T14:23:25.301034+00:00,21CS733-SOLUTIONS-SET2.pdf,13,pdf,21CS733-SOLUTIONS-SET2,35,,"21CS733
4. Trade-offs in Key Size : While larger keys are necessary to defend against
brute-force attacks, they also lead to increased computational demands.
Therefore, finding a balance between key size and system performance is
crucial for practical implementations of RSA.
5. Emerging Alternatives : Due to the limitations of RSA, particularly in terms
of processing overhead, elliptic curve cryptography (ECC) is gaining traction.
ECC offers comparable security with significantly smaller key sizes, which can
alleviate some of the performance issues associated with RSA.
while RSA remains a widely accepted method for public-key encryption, its
practical issues necessitate careful consideration of key size, computational
efficiency, and potential vulnerabilities to ensure secure and efficient
communication.
Module-3
Download
Q.0 A What is meant by key management? Explain Key Distribution scenarios 10
5 with KDC
Key management refers to the processes and techniques used to handle
cryptographic keys in a secure manner throughout their lifecycle. This
includes key generation, distribution, storage, use, and destruction. Effective
key management is crucial for maintaining the confidentiality, integrity, and
authenticity of data protected by cryptographic systems.
In the context of key distribution, a Key Distribution Center (KDC) plays a
vital role. The KDC is a trusted entity responsible for distributing keys to
users or systems that need to communicate securely. Here’s how a typical
key distribution scenario with a KDC works:
Page 01 of 02

Tables:
 |  | 4. Trade-offs in Key Size : While larger keys are necessary to defend against
brute-force attacks, they also lead to increased computational demands.
Therefore, finding a balance between key size and system performance is
crucial for practical implementations of RSA.
5. Emerging Alternatives : Due to the limitations of RSA, particularly in terms
of processing overhead, elliptic curve cryptography (ECC) is gaining traction.
ECC offers comparable security with significantly smaller key sizes, which can
alleviate some of the performance issues associated with RSA.
while RSA remains a widely accepted method for public-key encryption, its
practical issues necessitate careful consideration of key size, computational
efficiency, and potential vulnerabilities to ensure secure and efficient
communication. | 
Module-3
Download |  |  | 
Q.0
5 | A | What is meant by key management? Explain Key Distribution scenarios
with KDC
Key management refers to the processes and techniques used to handle
cryptographic keys in a secure manner throughout their lifecycle. This
includes key generation, distribution, storage, use, and destruction. Effective
key management is crucial for maintaining the confidentiality, integrity, and
authenticity of data protected by cryptographic systems.
In the context of key distribution, a Key Distribution Center (KDC) plays a
vital role. The KDC is a trusted entity responsible for distributing keys to
users or systems that need to communicate securely. Here’s how a typical
key distribution scenario with a KDC works: | 10",pdf
14,"| | 1. user initialization : each user (let's say user a and user b) shares a unique master key with the kdc. this master key is known only to the user and the kdc. 2. session key request : when user a wants to establish a secure connection with user b, a sends a request to the kdc for a session key. this request includes the identities of both users and a unique identifier known as a nonce (n1), which helps ensure the request is fresh and prevents replay attacks. 3. session key generation : the kdc receives the request and generates a temporary session key (ks) for the communication between a and b. 4. key distribution : the kdc then encrypts the session key using the master keys of both users. it sends the encrypted session key to user a and user b. this ensures that only the intended users can decrypt and access the session key. 5. secure communication : once both users have the session key, they can use it to encrypt their communication for the duration of their session. after the session ends, the session key is typically discarded to enhance security. this automated key distribution approach allows multiple users to securely access various hosts and exchange data without the need for direct key sharing, which could expose the keys to unauthorized access. moreover, the kdc can be part of a hierarchical key distribution system, where local kdcs manage keys for smaller domains, enhancing efficiency and security. this hierarchical structure minimizes the impact of a compromised kdc, as the damage is limited to its local area. key management, particularly through the use of a kdc, is essential for secure communications in cryptographic systems, ensuring that keys are distributed safely and efficiently. | | b | explain the use of control vector encryption and decryption for controlling key usage. mention its advantages. control vector encryption and decryption is a sophisticated method used to manage and control the usage of cryptographic keys, particularly session keys. this approach enhances the flexibility and functionality of key management compared to simpler methods, such as using an 8-bit tag. | 10","21cs733 1. user initialization : each user (let's say user a and user b) shares a unique master key with the kdc. this master key is known only to the user and the kdc. 2. session key request : when user a wants to establish a secure connection with user b, a sends a request to the kdc for a session key. this request includes the identities of both users and a unique identifier known as a nonce (n1), which helps ensure the request is fresh and prevents replay attacks. 3. session key generation : the kdc receives the request and generates a temporary session key (ks) for the communication between a and b. 4. key distribution : the kdc then encrypts the session key using the master keys of both users. it sends the encrypted session key to user a and user b. this ensures that only the intended users can decrypt and access the session key. 5. secure communication : once both users have the session key, they can use it to encrypt their communication for the duration of their session. after the session ends, the session key is typically discarded to enhance security. this automated key distribution approach allows multiple users to securely access various hosts and exchange data without the need for direct key sharing, which could expose the keys to unauthorized access. moreover, the kdc can be part of a hierarchical key distribution system, where local kdcs manage keys for smaller domains, enhancing efficiency and security. this hierarchical structure minimizes the impact of a compromised kdc, as the damage is limited to its local area. key management, particularly through the use of a kdc, is essential for secure communications in cryptographic systems, ensuring that keys are distributed safely and efficiently. b explain the use of control vector encryption and decryption for 10 controlling key usage. mention its advantages. control vector encryption and decryption is a sophisticated method used to manage and control the usage of cryptographic keys, particularly session keys. this approach enhances the flexibility and functionality of key management compared to simpler methods, such as using an 8-bit tag. page 01 of 02",35,,False,f9f2b70c-2e3a-4667-9cb5-c3befe5efbd6,Hp,D:20250102181011+05'30',2026-03-29T14:23:25.543335+00:00,21CS733-SOLUTIONS-SET2.pdf,14,pdf,21CS733-SOLUTIONS-SET2,35,,"21CS733
1. User Initialization : Each user (let's say User A and User B) shares a
unique master key with the KDC. This master key is known only to the user
and the KDC.
2. Session Key Request : When User A wants to establish a secure
connection with User B, A sends a request to the KDC for a session key.
This request includes the identities of both users and a unique identifier
known as a nonce (N1), which helps ensure the request is fresh and prevents
replay attacks.
3. Session Key Generation : The KDC receives the request and generates a
temporary session key (Ks) for the communication between A and B.
4. Key Distribution : The KDC then encrypts the session key using the
master keys of both users. It sends the encrypted session key to User A and
User B. This ensures that only the intended users can decrypt and access the
session key.
5. Secure Communication : Once both users have the session key, they can
use it to encrypt their communication for the duration of their session. After
the session ends, the session key is typically discarded to enhance security.
This automated key distribution approach allows multiple users to securely
access various hosts and exchange data without the need for direct key
sharing, which could expose the keys to unauthorized access.
Moreover, the KDC can be part of a hierarchical key distribution system,
where local KDCs manage keys for smaller domains, enhancing efficiency
and security. This hierarchical structure minimizes the impact of a
compromised KDC, as the damage is limited to its local area.
key management, particularly through the use of a KDC, is essential for
secure communications in cryptographic systems, ensuring that keys are
distributed safely and efficiently.
B Explain the use of Control Vector Encryption and Decryption for 10
controlling key usage. Mention its advantages.
Control Vector Encryption and Decryption is a sophisticated method used to
manage and control the usage of cryptographic keys, particularly session keys.
This approach enhances the flexibility and functionality of key management
compared to simpler methods, such as using an 8-bit tag.
Page 01 of 02

Tables:
 |  | 1. User Initialization : Each user (let's say User A and User B) shares a
unique master key with the KDC. This master key is known only to the user
and the KDC.
2. Session Key Request : When User A wants to establish a secure
connection with User B, A sends a request to the KDC for a session key.
This request includes the identities of both users and a unique identifier
known as a nonce (N1), which helps ensure the request is fresh and prevents
replay attacks.
3. Session Key Generation : The KDC receives the request and generates a
temporary session key (Ks) for the communication between A and B.
4. Key Distribution : The KDC then encrypts the session key using the
master keys of both users. It sends the encrypted session key to User A and
User B. This ensures that only the intended users can decrypt and access the
session key.
5. Secure Communication : Once both users have the session key, they can
use it to encrypt their communication for the duration of their session. After
the session ends, the session key is typically discarded to enhance security.
This automated key distribution approach allows multiple users to securely
access various hosts and exchange data without the need for direct key
sharing, which could expose the keys to unauthorized access.
Moreover, the KDC can be part of a hierarchical key distribution system,
where local KDCs manage keys for smaller domains, enhancing efficiency
and security. This hierarchical structure minimizes the impact of a
compromised KDC, as the damage is limited to its local area.
key management, particularly through the use of a KDC, is essential for
secure communications in cryptographic systems, ensuring that keys are
distributed safely and efficiently. | 
 | B | Explain the use of Control Vector Encryption and Decryption for
controlling key usage. Mention its advantages.
Control Vector Encryption and Decryption is a sophisticated method used to
manage and control the usage of cryptographic keys, particularly session keys.
This approach enhances the flexibility and functionality of key management
compared to simpler methods, such as using an 8-bit tag. | 10",pdf
15,"| | how control vector works: 1. control vector definition : each session key is associated with a control vector, which consists of multiple fields that specify the permitted uses and restrictions for that session key. this allows for a more granular control over how keys can be utilized. 2. coupling with master key : the control vector is cryptographically linked to the session key at the time of key generation by the key distribution center (kdc). this coupling ensures that the control vector is securely integrated with the key. 3. hashing process : the control vector is processed through a hash function, producing a hash value that matches the length of the encryption key. this hash value is then combined with the master key to create the key input for encrypting the session key. 4. decryption : to recover the session key, the reverse operation is performed, where the encrypted session key is decrypted using the master key and the control vector. advantages of control vector encryption: 1. no length restriction : unlike the 8-bit tag, which limits flexibility, the control vector can be of arbitrary length, allowing for complex controls to be imposed on key usage. 2. clear availability : the control vector is available in clear form at all stages of operation, enabling control over key usage in multiple locations. this |","21cs733 how control vector works: 1. control vector definition : each session key is associated with a control vector, which consists of multiple fields that specify the permitted uses and restrictions for that session key. this allows for a more granular control over how keys can be utilized. 2. coupling with master key : the control vector is cryptographically linked to the session key at the time of key generation by the key distribution center (kdc). this coupling ensures that the control vector is securely integrated with the key. 3. hashing process : the control vector is processed through a hash function, producing a hash value that matches the length of the encryption key. this hash value is then combined with the master key to create the key input for encrypting the session key. 4. decryption : to recover the session key, the reverse operation is performed, where the encrypted session key is decrypted using the master key and the control vector. advantages of control vector encryption: 1. no length restriction : unlike the 8-bit tag, which limits flexibility, the control vector can be of arbitrary length, allowing for complex controls to be imposed on key usage. 2. clear availability : the control vector is available in clear form at all stages of operation, enabling control over key usage in multiple locations. this page 01 of 02",35,,False,f1a36c60-6947-42fa-9bd8-01cdcd8892e1,Hp,D:20250102181011+05'30',2026-03-29T14:23:25.725665+00:00,21CS733-SOLUTIONS-SET2.pdf,15,pdf,21CS733-SOLUTIONS-SET2,35,,"21CS733
How Control Vector Works:
1. Control Vector Definition : Each session key is associated with a control
vector, which consists of multiple fields that specify the permitted uses and
restrictions for that session key. This allows for a more granular control over
how keys can be utilized.
2. Coupling with Master Key : The control vector is cryptographically linked
to the session key at the time of key generation by the Key Distribution Center
(KDC). This coupling ensures that the control vector is securely integrated
with the key.
3. Hashing Process : The control vector is processed through a hash function,
producing a hash value that matches the length of the encryption key. This
hash value is then combined with the master key to create the key input for
encrypting the session key.
4. Decryption : To recover the session key, the reverse operation is
performed, where the encrypted session key is decrypted using the master key
and the control vector.
Advantages of Control Vector Encryption:
1. No Length Restriction : Unlike the 8-bit tag, which limits flexibility, the
control vector can be of arbitrary length, allowing for complex controls to be
imposed on key usage.
2. Clear Availability : The control vector is available in clear form at all
stages of operation, enabling control over key usage in multiple locations. This
Page 01 of 02

Tables:
 |  | How Control Vector Works:
1. Control Vector Definition : Each session key is associated with a control
vector, which consists of multiple fields that specify the permitted uses and
restrictions for that session key. This allows for a more granular control over
how keys can be utilized.
2. Coupling with Master Key : The control vector is cryptographically linked
to the session key at the time of key generation by the Key Distribution Center
(KDC). This coupling ensures that the control vector is securely integrated
with the key.
3. Hashing Process : The control vector is processed through a hash function,
producing a hash value that matches the length of the encryption key. This
hash value is then combined with the master key to create the key input for
encrypting the session key.
4. Decryption : To recover the session key, the reverse operation is
performed, where the encrypted session key is decrypted using the master key
and the control vector.
Advantages of Control Vector Encryption:
1. No Length Restriction : Unlike the 8-bit tag, which limits flexibility, the
control vector can be of arbitrary length, allowing for complex controls to be
imposed on key usage.
2. Clear Availability : The control vector is available in clear form at all
stages of operation, enabling control over key usage in multiple locations. This | ",pdf
16,"| | transparency facilitates better management and monitoring of key activities. 3. enhanced control : by defining specific fields within the control vector, organizations can impose restrictions based on the type of session key, such as differentiating between data-encrypting keys, pin-encrypting keys, and file- encrypting keys. this separation helps mitigate risks associated with key misuse. 4. automated key distribution : the use of control vectors in automated key distribution techniques reduces the manual management burden, making it easier to handle a large number of keys securely. control vector encryption and decryption provides a robust framework for managing key usage, enhancing security, and allowing for detailed control over how cryptographic keys are utilized in various applications. | or | | | q.0 6 | a | list and explain the four general categories of schemes for the distribution of public keys. the four general categories of schemes for the distribution of public keys are: 1. public announcement : in this scheme, participants can broadcast their public keys to the community at large. this method is straightforward and leverages widely accepted public-key algorithms, such as rsa. however, it has a significant vulnerability: anyone can forge a public announcement. for instance, a malicious user could impersonate another participant and send a forged public key, allowing them to intercept encrypted messages intended for the legitimate user. 2. publicly available directory : this approach involves maintaining a dynamic directory of public keys that is accessible to the public. a trusted entity or organization is responsible for maintaining this directory, which | 10","21cs733 transparency facilitates better management and monitoring of key activities. 3. enhanced control : by defining specific fields within the control vector, organizations can impose restrictions based on the type of session key, such as differentiating between data-encrypting keys, pin-encrypting keys, and file- encrypting keys. this separation helps mitigate risks associated with key misuse. 4. automated key distribution : the use of control vectors in automated key distribution techniques reduces the manual management burden, making it easier to handle a large number of keys securely. control vector encryption and decryption provides a robust framework for managing key usage, enhancing security, and allowing for detailed control over how cryptographic keys are utilized in various applications. or q.0 a list and explain the four general categories of schemes for the distribution 10 6 of public keys. the four general categories of schemes for the distribution of public keys are: 1. public announcement : in this scheme, participants can broadcast their public keys to the community at large. this method is straightforward and leverages widely accepted public-key algorithms, such as rsa. however, it has a significant vulnerability: anyone can forge a public announcement. for instance, a malicious user could impersonate another participant and send a forged public key, allowing them to intercept encrypted messages intended for the legitimate user. 2. publicly available directory : this approach involves maintaining a dynamic directory of public keys that is accessible to the public. a trusted entity or organization is responsible for maintaining this directory, which page 01 of 02",35,,False,3d9e84fe-7ce4-4aa0-8d9e-ce6eb49851cd,Hp,D:20250102181011+05'30',2026-03-29T14:23:25.990983+00:00,21CS733-SOLUTIONS-SET2.pdf,16,pdf,21CS733-SOLUTIONS-SET2,35,,"21CS733
transparency facilitates better management and monitoring of key activities.
3. Enhanced Control : By defining specific fields within the control vector,
organizations can impose restrictions based on the type of session key, such as
differentiating between data-encrypting keys, PIN-encrypting keys, and file-
encrypting keys. This separation helps mitigate risks associated with key
misuse.
4. Automated Key Distribution : The use of control vectors in automated key
distribution techniques reduces the manual management burden, making it
easier to handle a large number of keys securely.
Control Vector Encryption and Decryption provides a robust framework for
managing key usage, enhancing security, and allowing for detailed control
over how cryptographic keys are utilized in various applications.
OR
Q.0 A List and explain the four general categories of schemes for the distribution 10
6 of public keys.
The four general categories of schemes for the distribution of public keys are:
1. Public Announcement : In this scheme, participants can broadcast their
public keys to the community at large. This method is straightforward and
leverages widely accepted public-key algorithms, such as RSA. However, it
has a significant vulnerability: anyone can forge a public announcement. For
instance, a malicious user could impersonate another participant and send a
forged public key, allowing them to intercept encrypted messages intended for
the legitimate user.
2. Publicly Available Directory : This approach involves maintaining a
dynamic directory of public keys that is accessible to the public. A trusted
entity or organization is responsible for maintaining this directory, which
Page 01 of 02

Tables:
 |  | transparency facilitates better management and monitoring of key activities.
3. Enhanced Control : By defining specific fields within the control vector,
organizations can impose restrictions based on the type of session key, such as
differentiating between data-encrypting keys, PIN-encrypting keys, and file-
encrypting keys. This separation helps mitigate risks associated with key
misuse.
4. Automated Key Distribution : The use of control vectors in automated key
distribution techniques reduces the manual management burden, making it
easier to handle a large number of keys securely.
Control Vector Encryption and Decryption provides a robust framework for
managing key usage, enhancing security, and allowing for detailed control
over how cryptographic keys are utilized in various applications. | 
OR |  |  | 
Q.0
6 | A | List and explain the four general categories of schemes for the distribution
of public keys.
The four general categories of schemes for the distribution of public keys are:
1. Public Announcement : In this scheme, participants can broadcast their
public keys to the community at large. This method is straightforward and
leverages widely accepted public-key algorithms, such as RSA. However, it
has a significant vulnerability: anyone can forge a public announcement. For
instance, a malicious user could impersonate another participant and send a
forged public key, allowing them to intercept encrypted messages intended for
the legitimate user.
2. Publicly Available Directory : This approach involves maintaining a
dynamic directory of public keys that is accessible to the public. A trusted
entity or organization is responsible for maintaining this directory, which | 10",pdf
17,"| | contains entries linking participant names to their public keys. each participant must register their public key with the directory authority, ideally through secure means, to ensure authenticity and prevent tampering. 3. public-key authority : this scheme enhances security by providing tighter control over the distribution of public keys. a central authority maintains a directory of public keys and ensures that each participant's public key is reliably distributed. this method reduces the risk of key forgery and enhances trust in the public keys being used for encryption. 4. public-key certificates : public-key certificates are digital documents that bind a public key to an individual or entity's identity. these certificates are typically issued by a trusted certificate authority (ca) and include information such as the public key, the identity of the owner, and the ca's digital signature. this method provides a robust mechanism for verifying the authenticity of public keys and helps prevent impersonation attacks. |","21cs733 contains entries linking participant names to their public keys. each participant must register their public key with the directory authority, ideally through secure means, to ensure authenticity and prevent tampering. 3. public-key authority : this scheme enhances security by providing tighter control over the distribution of public keys. a central authority maintains a directory of public keys and ensures that each participant's public key is reliably distributed. this method reduces the risk of key forgery and enhances trust in the public keys being used for encryption. 4. public-key certificates : public-key certificates are digital documents that bind a public key to an individual or entity's identity. these certificates are typically issued by a trusted certificate authority (ca) and include information such as the public key, the identity of the owner, and the ca's digital signature. this method provides a robust mechanism for verifying the authenticity of public keys and helps prevent impersonation attacks. page 01 of 02",35,,False,ab32655d-c959-4882-9076-03a61505b8d0,Hp,D:20250102181011+05'30',2026-03-29T14:23:26.121247+00:00,21CS733-SOLUTIONS-SET2.pdf,17,pdf,21CS733-SOLUTIONS-SET2,35,,"21CS733
contains entries linking participant names to their public keys. Each
participant must register their public key with the directory authority, ideally
through secure means, to ensure authenticity and prevent tampering.
3. Public-Key Authority : This scheme enhances security by providing tighter
control over the distribution of public keys. A central authority maintains a
directory of public keys and ensures that each participant's public key is
reliably distributed. This method reduces the risk of key forgery and enhances
trust in the public keys being used for encryption.
4. Public-Key Certificates : Public-key certificates are digital documents that
bind a public key to an individual or entity's identity. These certificates are
typically issued by a trusted certificate authority (CA) and include information
such as the public key, the identity of the owner, and the CA's digital
signature. This method provides a robust mechanism for verifying the
authenticity of public keys and helps prevent impersonation attacks.
Page 01 of 02

Tables:
 |  | contains entries linking participant names to their public keys. Each
participant must register their public key with the directory authority, ideally
through secure means, to ensure authenticity and prevent tampering.
3. Public-Key Authority : This scheme enhances security by providing tighter
control over the distribution of public keys. A central authority maintains a
directory of public keys and ensures that each participant's public key is
reliably distributed. This method reduces the risk of key forgery and enhances
trust in the public keys being used for encryption.
4. Public-Key Certificates : Public-key certificates are digital documents that
bind a public key to an individual or entity's identity. These certificates are
typically issued by a trusted certificate authority (CA) and include information
such as the public key, the identity of the owner, and the CA's digital
signature. This method provides a robust mechanism for verifying the
authenticity of public keys and helps prevent impersonation attacks. | ",pdf
18,"| | each of these schemes has its own advantages and vulnerabilities, and the choice of which to use often depends on the specific security requirements and context of the communication. | | b | explain symmetric key distribution using asymmetric encryption with a solution for man in the middle attack symmetric key distribution using asymmetric encryption is a method that leverages the strengths of both encryption types to securely share a symmetric key between two parties, typically referred to as alice (a) and bob (b). in this process, alice and bob use asymmetric encryption to exchange a symmetric key, which they can then use for secure communication. | 10","21cs733 each of these schemes has its own advantages and vulnerabilities, and the choice of which to use often depends on the specific security requirements and context of the communication. b explain symmetric key distribution using asymmetric encryption with a 10 solution for man in the middle attack symmetric key distribution using asymmetric encryption is a method that leverages the strengths of both encryption types to securely share a symmetric key between two parties, typically referred to as alice (a) and bob (b). in this process, alice and bob use asymmetric encryption to exchange a symmetric key, which they can then use for secure communication. page 01 of 02",35,,False,6c39bba5-1e20-45fc-9f79-480268ba8033,Hp,D:20250102181011+05'30',2026-03-29T14:23:26.236142+00:00,21CS733-SOLUTIONS-SET2.pdf,18,pdf,21CS733-SOLUTIONS-SET2,35,,"21CS733
Each of these schemes has its own advantages and vulnerabilities, and the
choice of which to use often depends on the specific security requirements
and context of the communication.
B Explain Symmetric Key Distribution Using Asymmetric Encryption with a 10
solution for man in the middle attack
Symmetric key distribution using asymmetric encryption is a method that
leverages the strengths of both encryption types to securely share a
symmetric key between two parties, typically referred to as Alice (A) and
Bob (B). In this process, Alice and Bob use asymmetric encryption to
exchange a symmetric key, which they can then use for secure
communication.
Page 01 of 02

Tables:
 |  | Each of these schemes has its own advantages and vulnerabilities, and the
choice of which to use often depends on the specific security requirements
and context of the communication. | 
 | B | Explain Symmetric Key Distribution Using Asymmetric Encryption with a
solution for man in the middle attack
Symmetric key distribution using asymmetric encryption is a method that
leverages the strengths of both encryption types to securely share a
symmetric key between two parties, typically referred to as Alice (A) and
Bob (B). In this process, Alice and Bob use asymmetric encryption to
exchange a symmetric key, which they can then use for secure
communication. | 10",pdf
19,"| | here's a step-by-step explanation of how this works, along with a solution to mitigate man-in-the-middle (mitm) attacks: 1. key generation : alice generates a public/private key pair, denoted as {pu_a, pr_a}. she then sends her public key (pu_a) along with her identifier (id_a) to bob. 2. key creation : bob, upon receiving alice's public key, generates a symmetric session key (k_s) that they will use for their communication. 3. encryption of the session key : bob encrypts the session key (k_s) using alice's public key (pu_a) and sends the encrypted session key to alice. this ensures that only alice, who possesses the corresponding private key (pr_a), can decrypt it. 4. decryption : alice receives the encrypted session key and decrypts it using her private key (pr_a) to retrieve k_s. now both alice and bob have the same symmetric key (k_s) for secure communication. 5. secure communication : with k_s, alice and bob can now communicate securely using symmetric encryption. mitigating man-in-the-middle attacks to protect against mitm attacks, where an adversary could intercept and alter the communication between alice and bob, the following measures can be implemented: - digital signatures : alice can sign the message containing her public key (pu_a) with her private key (pr_a). this way, bob can verify the authenticity of alice's public key by checking the signature with alice's public key. if the signature is valid, bob can be confident that the public key indeed belongs to alice. - certificate authorities (cas) : utilizing a public-key infrastructure (pki) with trusted certificate authorities can help. alice and bob can obtain digital certificates that bind their identities to their public keys. when they exchange public keys, they can also exchange their certificates, which can be verified against the ca's signature. - nonce values : incorporating nonce values (random numbers used only once) in the communication can help ensure that the session keys are fresh and not reused. this adds an additional layer of security against replay attacks. |","21cs733 here's a step-by-step explanation of how this works, along with a solution to mitigate man-in-the-middle (mitm) attacks: 1. key generation : alice generates a public/private key pair, denoted as {pu_a, pr_a}. she then sends her public key (pu_a) along with her identifier (id_a) to bob. 2. key creation : bob, upon receiving alice's public key, generates a symmetric session key (k_s) that they will use for their communication. 3. encryption of the session key : bob encrypts the session key (k_s) using alice's public key (pu_a) and sends the encrypted session key to alice. this ensures that only alice, who possesses the corresponding private key (pr_a), can decrypt it. 4. decryption : alice receives the encrypted session key and decrypts it using her private key (pr_a) to retrieve k_s. now both alice and bob have the same symmetric key (k_s) for secure communication. 5. secure communication : with k_s, alice and bob can now communicate securely using symmetric encryption. mitigating man-in-the-middle attacks to protect against mitm attacks, where an adversary could intercept and alter the communication between alice and bob, the following measures can be implemented: - digital signatures : alice can sign the message containing her public key (pu_a) with her private key (pr_a). this way, bob can verify the authenticity of alice's public key by checking the signature with alice's public key. if the signature is valid, bob can be confident that the public key indeed belongs to alice. - certificate authorities (cas) : utilizing a public-key infrastructure (pki) with trusted certificate authorities can help. alice and bob can obtain digital certificates that bind their identities to their public keys. when they exchange public keys, they can also exchange their certificates, which can be verified against the ca's signature. - nonce values : incorporating nonce values (random numbers used only once) in the communication can help ensure that the session keys are fresh and not reused. this adds an additional layer of security against replay attacks. page 01 of 02",35,,False,7dc3f917-6945-4517-a4fb-47a2be2bae41,Hp,D:20250102181011+05'30',2026-03-29T14:23:26.465645+00:00,21CS733-SOLUTIONS-SET2.pdf,19,pdf,21CS733-SOLUTIONS-SET2,35,,"21CS733
Here's a step-by-step explanation of how this works, along with a solution to
mitigate man-in-the-middle (MitM) attacks:
1. Key Generation : Alice generates a public/private key pair, denoted as
{PU_a, PR_a}. She then sends her public key (PU_a) along with her
identifier (ID_A) to Bob.
2. Key Creation : Bob, upon receiving Alice's public key, generates a
symmetric session key (K_s) that they will use for their communication.
3. Encryption of the Session Key : Bob encrypts the session key (K_s) using
Alice's public key (PU_a) and sends the encrypted session key to Alice. This
ensures that only Alice, who possesses the corresponding private key (PR_a),
can decrypt it.
4. Decryption : Alice receives the encrypted session key and decrypts it
using her private key (PR_a) to retrieve K_s. Now both Alice and Bob have
the same symmetric key (K_s) for secure communication.
5. Secure Communication : With K_s, Alice and Bob can now communicate
securely using symmetric encryption.
Mitigating Man-in-the-Middle Attacks
To protect against MitM attacks, where an adversary could intercept and
alter the communication between Alice and Bob, the following measures can
be implemented:
- Digital Signatures : Alice can sign the message containing her public key
(PU_a) with her private key (PR_a). This way, Bob can verify the
authenticity of Alice's public key by checking the signature with Alice's
public key. If the signature is valid, Bob can be confident that the public key
indeed belongs to Alice.
- Certificate Authorities (CAs) : Utilizing a public-key infrastructure (PKI)
with trusted certificate authorities can help. Alice and Bob can obtain digital
certificates that bind their identities to their public keys. When they exchange
public keys, they can also exchange their certificates, which can be verified
against the CA's signature.
- Nonce Values : Incorporating nonce values (random numbers used only
once) in the communication can help ensure that the session keys are fresh
and not reused. This adds an additional layer of security against replay
attacks.
Page 01 of 02

Tables:
 |  | Here's a step-by-step explanation of how this works, along with a solution to
mitigate man-in-the-middle (MitM) attacks:
1. Key Generation : Alice generates a public/private key pair, denoted as
{PU_a, PR_a}. She then sends her public key (PU_a) along with her
identifier (ID_A) to Bob.
2. Key Creation : Bob, upon receiving Alice's public key, generates a
symmetric session key (K_s) that they will use for their communication.
3. Encryption of the Session Key : Bob encrypts the session key (K_s) using
Alice's public key (PU_a) and sends the encrypted session key to Alice. This
ensures that only Alice, who possesses the corresponding private key (PR_a),
can decrypt it.
4. Decryption : Alice receives the encrypted session key and decrypts it
using her private key (PR_a) to retrieve K_s. Now both Alice and Bob have
the same symmetric key (K_s) for secure communication.
5. Secure Communication : With K_s, Alice and Bob can now communicate
securely using symmetric encryption.
Mitigating Man-in-the-Middle Attacks
To protect against MitM attacks, where an adversary could intercept and
alter the communication between Alice and Bob, the following measures can
be implemented:
- Digital Signatures : Alice can sign the message containing her public key
(PU_a) with her private key (PR_a). This way, Bob can verify the
authenticity of Alice's public key by checking the signature with Alice's
public key. If the signature is valid, Bob can be confident that the public key
indeed belongs to Alice.
- Certificate Authorities (CAs) : Utilizing a public-key infrastructure (PKI)
with trusted certificate authorities can help. Alice and Bob can obtain digital
certificates that bind their identities to their public keys. When they exchange
public keys, they can also exchange their certificates, which can be verified
against the CA's signature.
- Nonce Values : Incorporating nonce values (random numbers used only
once) in the communication can help ensure that the session keys are fresh
and not reused. This adds an additional layer of security against replay
attacks. | ",pdf
20,"| | by implementing these strategies, alice and bob can significantly reduce the risk of a mitm attack, ensuring that their symmetric key distribution remains secure. | module-4 download | | | q.0 7 | a | write x.509 formats. how is an x.509 certificate revoked? an x.509 certificate can be revoked for several reasons, and the process involves maintaining a certificate revocation list (crl). here are the key points regarding the revocation of an x.509 certificate: 1. reasons for revocation : a certificate may be revoked if: - the user's private key is compromised. - the user is no longer certified by the certificate authority (ca) due to reasons such as a name change, the certificate being superseded, or non- compliance with the ca's policies. - the ca's own certificate is compromised. 2. certificate revocation list (crl) : each ca must maintain a list of all revoked but not expired certificates. this list includes both user certificates and those issued to other cas. the crl is signed by the issuer and contains: - the issuer’s name. - the date the list was created. - the date the next crl is scheduled to be issued. - an entry for each revoked certificate, which includes the serial number of the certificate and its revocation date. 3. checking revocation : when a user receives a certificate, they must check if it has been revoked. while they could check the directory each time, it is more common to maintain a local cache of certificates and revoked certificates | 10","21cs733 by implementing these strategies, alice and bob can significantly reduce the risk of a mitm attack, ensuring that their symmetric key distribution remains secure. module-4 download q.0 a write x.509 formats. how is an x.509 certificate revoked? 10 7 an x.509 certificate can be revoked for several reasons, and the process involves maintaining a certificate revocation list (crl). here are the key points regarding the revocation of an x.509 certificate: 1. reasons for revocation : a certificate may be revoked if: - the user's private key is compromised. - the user is no longer certified by the certificate authority (ca) due to reasons such as a name change, the certificate being superseded, or non- compliance with the ca's policies. - the ca's own certificate is compromised. 2. certificate revocation list (crl) : each ca must maintain a list of all revoked but not expired certificates. this list includes both user certificates and those issued to other cas. the crl is signed by the issuer and contains: - the issuer’s name. - the date the list was created. - the date the next crl is scheduled to be issued. - an entry for each revoked certificate, which includes the serial number of the certificate and its revocation date. 3. checking revocation : when a user receives a certificate, they must check if it has been revoked. while they could check the directory each time, it is more common to maintain a local cache of certificates and revoked certificates page 01 of 02",35,,False,7ada4bc7-a7db-4f91-af00-78880d261677,Hp,D:20250102181011+05'30',2026-03-29T14:23:26.677622+00:00,21CS733-SOLUTIONS-SET2.pdf,20,pdf,21CS733-SOLUTIONS-SET2,35,,"21CS733
By implementing these strategies, Alice and Bob can significantly reduce
the risk of a MitM attack, ensuring that their symmetric key distribution
remains secure.
Module-4
Download
Q.0 A Write X.509 Formats. How is an X.509 certificate revoked? 10
7
An X.509 certificate can be revoked for several reasons, and the process
involves maintaining a Certificate Revocation List (CRL). Here are the key
points regarding the revocation of an X.509 certificate:
1.
Reasons for Revocation : A certificate may be revoked if:
- The user's private key is compromised.
- The user is no longer certified by the Certificate Authority (CA) due to
reasons such as a name change, the certificate being superseded, or non-
compliance with the CA's policies.
- The CA's own certificate is compromised.
2. Certificate Revocation List (CRL) : Each CA must maintain a list of all
revoked but not expired certificates. This list includes both user certificates
and those issued to other CAs. The CRL is signed by the issuer and contains:
- The issuer’s name.
- The date the list was created.
- The date the next CRL is scheduled to be issued.
- An entry for each revoked certificate, which includes the serial number of
the certificate and its revocation date.
3. Checking Revocation : When a user receives a certificate, they must check
if it has been revoked. While they could check the directory each time, it is
more common to maintain a local cache of certificates and revoked certificates
Page 01 of 02

Tables:
 |  | By implementing these strategies, Alice and Bob can significantly reduce
the risk of a MitM attack, ensuring that their symmetric key distribution
remains secure. | 
Module-4
Download |  |  | 
Q.0
7 | A | Write X.509 Formats. How is an X.509 certificate revoked?
An X.509 certificate can be revoked for several reasons, and the process
involves maintaining a Certificate Revocation List (CRL). Here are the key
points regarding the revocation of an X.509 certificate:
1.
Reasons for Revocation : A certificate may be revoked if:
- The user's private key is compromised.
- The user is no longer certified by the Certificate Authority (CA) due to
reasons such as a name change, the certificate being superseded, or non-
compliance with the CA's policies.
- The CA's own certificate is compromised.
2. Certificate Revocation List (CRL) : Each CA must maintain a list of all
revoked but not expired certificates. This list includes both user certificates
and those issued to other CAs. The CRL is signed by the issuer and contains:
- The issuer’s name.
- The date the list was created.
- The date the next CRL is scheduled to be issued.
- An entry for each revoked certificate, which includes the serial number of
the certificate and its revocation date.
3. Checking Revocation : When a user receives a certificate, they must check
if it has been revoked. While they could check the directory each time, it is
more common to maintain a local cache of certificates and revoked certificates | 10",pdf
21,"| | to avoid delays and costs associated with directory searches. 4. x.509 certificate structure : the x.509 certificate includes various fields such as version, serial number, issuer name, subject name, period of validity, and the signature algorithm identifier. the structure ensures that each certificate can be uniquely identified and verified. revocation is a critical aspect of managing x.509 certificates, ensuring that compromised or outdated certificates do not undermine the security of the authentication framework. | | b | explain the kerberos version 4 diagram with message exchanges. the kerberos version 4 diagram illustrates the message exchanges involved in the authentication process between a client and the ticket granting server (tgs). here's a breakdown of the key messages exchanged during this process: 1. message 1: client requests ticket-granting ticket (tgt) - the client sends a request to the authentication server (as) for a ticket- granting ticket. this request includes the client's identity (id_c) and the identity of the tgs (id_tgs). the timestamp (ts_1) is also included to help verify the client's clock synchronization with the as. 2. message 2: as returns ticket-granting ticket - the as responds with a ticket-granting ticket (tgt) that includes an encrypted session key (k_c,tgs) for secure communication between the client and the tgs. the response also contains the tgs identity (id_tgs), the | 10","21cs733 to avoid delays and costs associated with directory searches. 4. x.509 certificate structure : the x.509 certificate includes various fields such as version, serial number, issuer name, subject name, period of validity, and the signature algorithm identifier. the structure ensures that each certificate can be uniquely identified and verified. revocation is a critical aspect of managing x.509 certificates, ensuring that compromised or outdated certificates do not undermine the security of the authentication framework. b explain the kerberos version 4 diagram with message exchanges. 10 the kerberos version 4 diagram illustrates the message exchanges involved in the authentication process between a client and the ticket granting server (tgs). here's a breakdown of the key messages exchanged during this process: 1. message 1: client requests ticket-granting ticket (tgt) - the client sends a request to the authentication server (as) for a ticket- granting ticket. this request includes the client's identity (id_c) and the identity of the tgs (id_tgs). the timestamp (ts_1) is also included to help verify the client's clock synchronization with the as. 2. message 2: as returns ticket-granting ticket - the as responds with a ticket-granting ticket (tgt) that includes an encrypted session key (k_c,tgs) for secure communication between the client and the tgs. the response also contains the tgs identity (id_tgs), the page 01 of 02",35,,False,f886475e-afe5-4bd2-9d51-b1b7399e6868,Hp,D:20250102181011+05'30',2026-03-29T14:23:26.861020+00:00,21CS733-SOLUTIONS-SET2.pdf,21,pdf,21CS733-SOLUTIONS-SET2,35,,"21CS733
to avoid delays and costs associated with directory searches.
4. X.509 Certificate Structure : The X.509 certificate includes various fields
such as version, serial number, issuer name, subject name, period of validity,
and the signature algorithm identifier. The structure ensures that each
certificate can be uniquely identified and verified.
revocation is a critical aspect of managing X.509 certificates, ensuring that
compromised or outdated certificates do not undermine the security of the
authentication framework.
B Explain the Kerberos Version 4 diagram with message Exchanges. 10
The Kerberos Version 4 diagram illustrates the message exchanges involved
in the authentication process between a client and the Ticket Granting Server
(TGS). Here's a breakdown of the key messages exchanged during this
process:
1. Message 1: Client Requests Ticket-Granting Ticket (TGT)
- The client sends a request to the Authentication Server (AS) for a ticket-
granting ticket. This request includes the client's identity (ID_C) and the
identity of the TGS (ID_tgs). The timestamp (TS_1) is also included to help
verify the client's clock synchronization with the AS.
2. Message 2: AS Returns Ticket-Granting Ticket
- The AS responds with a ticket-granting ticket (TGT) that includes an
encrypted session key (K_c,tgs) for secure communication between the client
and the TGS. The response also contains the TGS identity (ID_tgs), the
Page 01 of 02

Tables:
 |  | to avoid delays and costs associated with directory searches.
4. X.509 Certificate Structure : The X.509 certificate includes various fields
such as version, serial number, issuer name, subject name, period of validity,
and the signature algorithm identifier. The structure ensures that each
certificate can be uniquely identified and verified.
revocation is a critical aspect of managing X.509 certificates, ensuring that
compromised or outdated certificates do not undermine the security of the
authentication framework. | 
 | B | Explain the Kerberos Version 4 diagram with message Exchanges.
The Kerberos Version 4 diagram illustrates the message exchanges involved
in the authentication process between a client and the Ticket Granting Server
(TGS). Here's a breakdown of the key messages exchanged during this
process:
1. Message 1: Client Requests Ticket-Granting Ticket (TGT)
- The client sends a request to the Authentication Server (AS) for a ticket-
granting ticket. This request includes the client's identity (ID_C) and the
identity of the TGS (ID_tgs). The timestamp (TS_1) is also included to help
verify the client's clock synchronization with the AS.
2. Message 2: AS Returns Ticket-Granting Ticket
- The AS responds with a ticket-granting ticket (TGT) that includes an
encrypted session key (K_c,tgs) for secure communication between the client
and the TGS. The response also contains the TGS identity (ID_tgs), the | 10",pdf
22,"| | timestamp of when the ticket was issued (ts_2), and the lifetime of the ticket (lifetime_2). 3. message 3: client requests service-granting ticket - with the tgt in hand, the client can now request a service-granting ticket from the tgs. this message includes the identity of the desired service (id_v) and the tgt received from the as. 4. message 4: tgs returns service-granting ticket - the tgs responds with a service-granting ticket (ticket_v) for the requested service, along with a session key (k_c,v) for secure communication between the client and the service provider. 5. message 5: client requests service - finally, the client sends a request to the service provider, including the service-granting ticket and an authenticator that proves the client's identity. this sequence of messages ensures that the client can securely authenticate itself to the tgs and subsequently to the desired service, all while maintaining confidentiality through encryption. the use of timestamps helps mitigate replay attacks, ensuring that the messages are timely and relevant. overall, the diagram encapsulates the essence of the kerberos version 4 authentication process, highlighting its reliance on symmetric encryption and the structured exchange of tickets and keys. | or | | | q.0 8 | a | explain the needham-schroeder protocol. how denning overcomes the weakness in the needham-schroeder protocol. the needham-schroeder protocol is a method for secure key distribution that involves a key distribution center (kdc) to facilitate authentication between two parties, typically referred to as a and b. the protocol can be summarized in a series of steps: 1. a requests a session key from the kdc by sending its id and the id of b, along with a nonce (n1) to ensure freshness. 2. the kdc responds to a with a message that includes the session key (ks) encrypted with a's secret key (ka) and a second message encrypted with b's secret key (kb), which contains the session key and a's id. 3. a sends the session key to b, encrypted with b's secret key (kb). 4. b acknowledges receipt of the session key by sending a nonce (n2) back to a, encrypted with the session key (ks). 5. a confirms the receipt of b's acknowledgment by sending a function of the nonce (n2) back to b, also encrypted with the session key (ks). while the needham-schroeder protocol provides a framework for secure communication, it has a significant weakness: it is vulnerable to replay attacks. an attacker could intercept the messages and replay them to | 10","21cs733 timestamp of when the ticket was issued (ts_2), and the lifetime of the ticket (lifetime_2). 3. message 3: client requests service-granting ticket - with the tgt in hand, the client can now request a service-granting ticket from the tgs. this message includes the identity of the desired service (id_v) and the tgt received from the as. 4. message 4: tgs returns service-granting ticket - the tgs responds with a service-granting ticket (ticket_v) for the requested service, along with a session key (k_c,v) for secure communication between the client and the service provider. 5. message 5: client requests service - finally, the client sends a request to the service provider, including the service-granting ticket and an authenticator that proves the client's identity. this sequence of messages ensures that the client can securely authenticate itself to the tgs and subsequently to the desired service, all while maintaining confidentiality through encryption. the use of timestamps helps mitigate replay attacks, ensuring that the messages are timely and relevant. overall, the diagram encapsulates the essence of the kerberos version 4 authentication process, highlighting its reliance on symmetric encryption and the structured exchange of tickets and keys. or q.0 a explain the needham-schroeder protocol. how denning overcomes the 10 8 weakness in the needham-schroeder protocol. the needham-schroeder protocol is a method for secure key distribution that involves a key distribution center (kdc) to facilitate authentication between two parties, typically referred to as a and b. the protocol can be summarized in a series of steps: 1. a requests a session key from the kdc by sending its id and the id of b, along with a nonce (n1) to ensure freshness. 2. the kdc responds to a with a message that includes the session key (ks) encrypted with a's secret key (ka) and a second message encrypted with b's secret key (kb), which contains the session key and a's id. 3. a sends the session key to b, encrypted with b's secret key (kb). 4. b acknowledges receipt of the session key by sending a nonce (n2) back to a, encrypted with the session key (ks). 5. a confirms the receipt of b's acknowledgment by sending a function of the nonce (n2) back to b, also encrypted with the session key (ks). while the needham-schroeder protocol provides a framework for secure communication, it has a significant weakness: it is vulnerable to replay attacks. an attacker could intercept the messages and replay them to page 01 of 02",35,,False,51f32281-4bc7-4289-b63a-47cb35a07097,Hp,D:20250102181011+05'30',2026-03-29T14:23:27.145454+00:00,21CS733-SOLUTIONS-SET2.pdf,22,pdf,21CS733-SOLUTIONS-SET2,35,,"21CS733
timestamp of when the ticket was issued (TS_2), and the lifetime of the
ticket (Lifetime_2).
3. Message 3: Client Requests Service-Granting Ticket
- With the TGT in hand, the client can now request a service-granting
ticket from the TGS. This message includes the identity of the desired
service (ID_V) and the TGT received from the AS.
4. Message 4: TGS Returns Service-Granting Ticket
- The TGS responds with a service-granting ticket (Ticket_v) for the
requested service, along with a session key (K_c,v) for secure
communication between the client and the service provider.
5. Message 5: Client Requests Service
- Finally, the client sends a request to the service provider, including the
service-granting ticket and an authenticator that proves the client's identity.
This sequence of messages ensures that the client can securely authenticate
itself to the TGS and subsequently to the desired service, all while
maintaining confidentiality through encryption. The use of timestamps helps
mitigate replay attacks, ensuring that the messages are timely and relevant.
Overall, the diagram encapsulates the essence of the Kerberos Version 4
authentication process, highlighting its reliance on symmetric encryption
and the structured exchange of tickets and keys.
OR
Q.0 A Explain the Needham-Schroeder Protocol. How Denning overcomes the 10
8 weakness in the Needham-Schroeder Protocol.
The Needham-Schroeder Protocol is a method for secure key distribution
that involves a Key Distribution Center (KDC) to facilitate authentication
between two parties, typically referred to as A and B. The protocol can be
summarized in a series of steps:
1. A requests a session key from the KDC by sending its ID and the ID of
B, along with a nonce (N1) to ensure freshness.
2. The KDC responds to A with a message that includes the session key
(Ks) encrypted with A's secret key (Ka) and a second message encrypted
with B's secret key (Kb), which contains the session key and A's ID.
3. A sends the session key to B, encrypted with B's secret key (Kb).
4. B acknowledges receipt of the session key by sending a nonce (N2) back
to A, encrypted with the session key (Ks).
5. A confirms the receipt of B's acknowledgment by sending a function of
the nonce (N2) back to B, also encrypted with the session key (Ks).
While the Needham-Schroeder Protocol provides a framework for secure
communication, it has a significant weakness: it is vulnerable to replay
attacks. An attacker could intercept the messages and replay them to
Page 01 of 02

Tables:
 |  | timestamp of when the ticket was issued (TS_2), and the lifetime of the
ticket (Lifetime_2).
3. Message 3: Client Requests Service-Granting Ticket
- With the TGT in hand, the client can now request a service-granting
ticket from the TGS. This message includes the identity of the desired
service (ID_V) and the TGT received from the AS.
4. Message 4: TGS Returns Service-Granting Ticket
- The TGS responds with a service-granting ticket (Ticket_v) for the
requested service, along with a session key (K_c,v) for secure
communication between the client and the service provider.
5. Message 5: Client Requests Service
- Finally, the client sends a request to the service provider, including the
service-granting ticket and an authenticator that proves the client's identity.
This sequence of messages ensures that the client can securely authenticate
itself to the TGS and subsequently to the desired service, all while
maintaining confidentiality through encryption. The use of timestamps helps
mitigate replay attacks, ensuring that the messages are timely and relevant.
Overall, the diagram encapsulates the essence of the Kerberos Version 4
authentication process, highlighting its reliance on symmetric encryption
and the structured exchange of tickets and keys. | 
OR |  |  | 
Q.0
8 | A | Explain the Needham-Schroeder Protocol. How Denning overcomes the
weakness in the Needham-Schroeder Protocol.
The Needham-Schroeder Protocol is a method for secure key distribution
that involves a Key Distribution Center (KDC) to facilitate authentication
between two parties, typically referred to as A and B. The protocol can be
summarized in a series of steps:
1. A requests a session key from the KDC by sending its ID and the ID of
B, along with a nonce (N1) to ensure freshness.
2. The KDC responds to A with a message that includes the session key
(Ks) encrypted with A's secret key (Ka) and a second message encrypted
with B's secret key (Kb), which contains the session key and A's ID.
3. A sends the session key to B, encrypted with B's secret key (Kb).
4. B acknowledges receipt of the session key by sending a nonce (N2) back
to A, encrypted with the session key (Ks).
5. A confirms the receipt of B's acknowledgment by sending a function of
the nonce (N2) back to B, also encrypted with the session key (Ks).
While the Needham-Schroeder Protocol provides a framework for secure
communication, it has a significant weakness: it is vulnerable to replay
attacks. An attacker could intercept the messages and replay them to | 10",pdf
23,"| | impersonate a or b, as the protocol does not include any mechanism to ensure that the messages are fresh or timely. to address this vulnerability, denning proposed modifications to the needham-schroeder protocol by introducing timestamps into the messages. the revised steps include: 1. a requests a session key from the kdc, including its id, b's id, and a timestamp (t). 2. the kdc responds with a message that includes the session key (ks) encrypted with a's secret key (ka) and a second message encrypted with b's secret key (kb), which also includes the timestamp. 3. a sends the session key to b, including the timestamp, encrypted with b's secret key (kb). 4. b acknowledges receipt of the session key by sending a nonce (n1) back to a, encrypted with the session key (ks). by incorporating timestamps, denning's protocol ensures that even if an attacker intercepts a message, they cannot successfully replay it later, as the timestamp will indicate that the message is outdated. this enhancement significantly improves the security of the authentication process by ensuring that both parties are aware of the freshness of the messages being exchanged. |","21cs733 impersonate a or b, as the protocol does not include any mechanism to ensure that the messages are fresh or timely. to address this vulnerability, denning proposed modifications to the needham-schroeder protocol by introducing timestamps into the messages. the revised steps include: 1. a requests a session key from the kdc, including its id, b's id, and a timestamp (t). 2. the kdc responds with a message that includes the session key (ks) encrypted with a's secret key (ka) and a second message encrypted with b's secret key (kb), which also includes the timestamp. 3. a sends the session key to b, including the timestamp, encrypted with b's secret key (kb). 4. b acknowledges receipt of the session key by sending a nonce (n1) back to a, encrypted with the session key (ks). by incorporating timestamps, denning's protocol ensures that even if an attacker intercepts a message, they cannot successfully replay it later, as the timestamp will indicate that the message is outdated. this enhancement significantly improves the security of the authentication process by ensuring that both parties are aware of the freshness of the messages being exchanged. page 01 of 02",35,,False,32a8b91d-9aeb-45c3-a1d7-4f2503eb0db7,Hp,D:20250102181011+05'30',2026-03-29T14:23:27.287508+00:00,21CS733-SOLUTIONS-SET2.pdf,23,pdf,21CS733-SOLUTIONS-SET2,35,,"21CS733
impersonate A or B, as the protocol does not include any mechanism to
ensure that the messages are fresh or timely.
To address this vulnerability, Denning proposed modifications to the
Needham-Schroeder Protocol by introducing timestamps into the messages.
The revised steps include:
1. A requests a session key from the KDC, including its ID, B's ID, and a
timestamp (T).
2. The KDC responds with a message that includes the session key (Ks)
encrypted with A's secret key (Ka) and a second message encrypted with B's
secret key (Kb), which also includes the timestamp.
3. A sends the session key to B, including the timestamp, encrypted with
B's secret key (Kb).
4. B acknowledges receipt of the session key by sending a nonce (N1) back
to A, encrypted with the session key (Ks).
By incorporating timestamps, Denning's protocol ensures that even if an
attacker intercepts a message, they cannot successfully replay it later, as the
timestamp will indicate that the message is outdated. This enhancement
significantly improves the security of the authentication process by ensuring
that both parties are aware of the freshness of the messages being
exchanged.
Page 01 of 02

Tables:
 |  | impersonate A or B, as the protocol does not include any mechanism to
ensure that the messages are fresh or timely.
To address this vulnerability, Denning proposed modifications to the
Needham-Schroeder Protocol by introducing timestamps into the messages.
The revised steps include:
1. A requests a session key from the KDC, including its ID, B's ID, and a
timestamp (T).
2. The KDC responds with a message that includes the session key (Ks)
encrypted with A's secret key (Ka) and a second message encrypted with B's
secret key (Kb), which also includes the timestamp.
3. A sends the session key to B, including the timestamp, encrypted with
B's secret key (Kb).
4. B acknowledges receipt of the session key by sending a nonce (N1) back
to A, encrypted with the session key (Ks).
By incorporating timestamps, Denning's protocol ensures that even if an
attacker intercepts a message, they cannot successfully replay it later, as the
timestamp will indicate that the message is outdated. This enhancement
significantly improves the security of the authentication process by ensuring
that both parties are aware of the freshness of the messages being
exchanged. | ",pdf
24,"| b | with a neat diagram, explain the pkix architectural model the pkix architectural model, as outlined in the document, is a framework designed to support a certificate-based architecture on the internet, particularly focusing on public-key infrastructure (pki) based on the x.509 standard. here are the key elements and functions of the pkix model: 1. key elements : - end entity : this term refers to users, devices (like servers and routers), or any identifiable entity in a public-key certificate. end entities typically utilize pki-related services. - certification authority (ca) : the ca is responsible for issuing certificates and certificate revocation lists (crls). it may also handle various administrative tasks, often delegating some of these to registration authorities. - registration authority (ra) : this optional component can take on administrative functions from the ca, often facilitating the registration process for users. - crl issuer : an optional role that a ca can delegate to publish crls. - repository : a general term for any method used to store certificates and crls, making them accessible to end entities. 2. pkix management functions : - registration : this is the initial process where a user identifies themselves to a ca (either directly or through an ra) before receiving a | 10","21cs733 b with a neat diagram, explain the pkix architectural model 10 the pkix architectural model, as outlined in the document, is a framework designed to support a certificate-based architecture on the internet, particularly focusing on public-key infrastructure (pki) based on the x.509 standard. here are the key elements and functions of the pkix model: 1. key elements : - end entity : this term refers to users, devices (like servers and routers), or any identifiable entity in a public-key certificate. end entities typically utilize pki-related services. - certification authority (ca) : the ca is responsible for issuing certificates and certificate revocation lists (crls). it may also handle various administrative tasks, often delegating some of these to registration authorities. - registration authority (ra) : this optional component can take on administrative functions from the ca, often facilitating the registration process for users. - crl issuer : an optional role that a ca can delegate to publish crls. - repository : a general term for any method used to store certificates and crls, making them accessible to end entities. 2. pkix management functions : - registration : this is the initial process where a user identifies themselves to a ca (either directly or through an ra) before receiving a join whatsapp channel or group",35,,False,928ed84d-0e5a-4ff4-8c56-3a180122f5b5,Hp,D:20250102181011+05'30',2026-03-29T14:23:27.478148+00:00,21CS733-SOLUTIONS-SET2.pdf,24,pdf,21CS733-SOLUTIONS-SET2,35,,"21CS733
B With a neat diagram, explain the PKIX Architectural Model 10
The PKIX Architectural Model, as outlined in the document, is a framework
designed to support a certificate-based architecture on the Internet,
particularly focusing on public-key infrastructure (PKI) based on the X.509
standard. Here are the key elements and functions of the PKIX model:
1. Key Elements :
- End Entity : This term refers to users, devices (like servers and routers),
or any identifiable entity in a public-key certificate. End entities typically
utilize PKI-related services.
- Certification Authority (CA) : The CA is responsible for issuing
certificates and certificate revocation lists (CRLs). It may also handle various
administrative tasks, often delegating some of these to Registration
Authorities.
- Registration Authority (RA) : This optional component can take on
administrative functions from the CA, often facilitating the registration
process for users.
- CRL Issuer : An optional role that a CA can delegate to publish CRLs.
- Repository : A general term for any method used to store certificates and
CRLs, making them accessible to end entities.
2. PKIX Management Functions :
- Registration : This is the initial process where a user identifies
themselves to a CA (either directly or through an RA) before receiving a
JOIN WHATSAPP CHANNEL
OR GROUP

Tables:
 | B | With a neat diagram, explain the PKIX Architectural Model
The PKIX Architectural Model, as outlined in the document, is a framework
designed to support a certificate-based architecture on the Internet,
particularly focusing on public-key infrastructure (PKI) based on the X.509
standard. Here are the key elements and functions of the PKIX model:
1. Key Elements :
- End Entity : This term refers to users, devices (like servers and routers),
or any identifiable entity in a public-key certificate. End entities typically
utilize PKI-related services.
- Certification Authority (CA) : The CA is responsible for issuing
certificates and certificate revocation lists (CRLs). It may also handle various
administrative tasks, often delegating some of these to Registration
Authorities.
- Registration Authority (RA) : This optional component can take on
administrative functions from the CA, often facilitating the registration
process for users.
- CRL Issuer : An optional role that a CA can delegate to publish CRLs.
- Repository : A general term for any method used to store certificates and
CRLs, making them accessible to end entities.
2. PKIX Management Functions :
- Registration : This is the initial process where a user identifies
themselves to a CA (either directly or through an RA) before receiving a | 10",pdf
25,"| | certificate. it often involves mutual authentication and the issuance of shared secret keys for future authentication. - initialization : before secure operations can commence, a client must be initialized with the public key and other trusted information from the ca(s) to validate certificate paths. - policy constraints : these specify rules that may require explicit identification of certificate policies or restrict policy mapping for the certification path. 3. hierarchical structure : the pkix model suggests a hierarchical arrangement of cas, which simplifies navigation and management of certificates. each ca maintains a directory entry that includes both forward and reverse certificates, facilitating trust relationships among different cas. 4. protocols : the pkix working group has defined management protocols, such as the certificate management protocol (cmp) and certificate management messages over cms (cmc), to support the various management functions identified in the model. the pkix architectural model provides a structured approach to managing digital certificates and ensuring secure communications in a networked environment. it emphasizes the importance of roles, management functions, and the hierarchical organization of cas to facilitate effective user authentication and trust establishment. | module-5 download | | | q.0 9 | a | explain pgp cryptographic functions or pgp functions with a neat diagram pgp, or pretty good privacy, is a widely used encryption program that provides several key cryptographic functions to ensure the security of electronic mail and file storage. here’s a detailed overview of its main functions: | 6","21cs733 certificate. it often involves mutual authentication and the issuance of shared secret keys for future authentication. - initialization : before secure operations can commence, a client must be initialized with the public key and other trusted information from the ca(s) to validate certificate paths. - policy constraints : these specify rules that may require explicit identification of certificate policies or restrict policy mapping for the certification path. 3. hierarchical structure : the pkix model suggests a hierarchical arrangement of cas, which simplifies navigation and management of certificates. each ca maintains a directory entry that includes both forward and reverse certificates, facilitating trust relationships among different cas. 4. protocols : the pkix working group has defined management protocols, such as the certificate management protocol (cmp) and certificate management messages over cms (cmc), to support the various management functions identified in the model. the pkix architectural model provides a structured approach to managing digital certificates and ensuring secure communications in a networked environment. it emphasizes the importance of roles, management functions, and the hierarchical organization of cas to facilitate effective user authentication and trust establishment. module-5 download q.0 a explain pgp cryptographic functions or pgp functions with a neat diagram 6 9 pgp, or pretty good privacy, is a widely used encryption program that provides several key cryptographic functions to ensure the security of electronic mail and file storage. here’s a detailed overview of its main functions: join whatsapp channel or group",35,,False,8e76ebf2-6a17-4cbb-9387-f20013ccf1e4,Hp,D:20250102181011+05'30',2026-03-29T14:23:27.682127+00:00,21CS733-SOLUTIONS-SET2.pdf,25,pdf,21CS733-SOLUTIONS-SET2,35,,"21CS733
certificate. It often involves mutual authentication and the issuance of shared
secret keys for future authentication.
- Initialization : Before secure operations can commence, a client must be
initialized with the public key and other trusted information from the CA(s)
to validate certificate paths.
- Policy Constraints : These specify rules that may require explicit
identification of certificate policies or restrict policy mapping for the
certification path.
3. Hierarchical Structure : The PKIX model suggests a hierarchical
arrangement of CAs, which simplifies navigation and management of
certificates. Each CA maintains a directory entry that includes both forward
and reverse certificates, facilitating trust relationships among different CAs.
4. Protocols : The PKIX working group has defined management protocols,
such as the Certificate Management Protocol (CMP) and Certificate
Management Messages over CMS (CMC), to support the various
management functions identified in the model.
the PKIX Architectural Model provides a structured approach to managing
digital certificates and ensuring secure communications in a networked
environment. It emphasizes the importance of roles, management functions,
and the hierarchical organization of CAs to facilitate effective user
authentication and trust establishment.
Module-5
Download
Q.0 A Explain PGP cryptographic functions or PGP functions with a neat diagram 6
9
PGP, or Pretty Good Privacy, is a widely used encryption program that
provides several key cryptographic functions to ensure the security of
electronic mail and file storage. Here’s a detailed overview of its main
functions:
JOIN WHATSAPP CHANNEL
OR GROUP

Tables:
 |  | certificate. It often involves mutual authentication and the issuance of shared
secret keys for future authentication.
- Initialization : Before secure operations can commence, a client must be
initialized with the public key and other trusted information from the CA(s)
to validate certificate paths.
- Policy Constraints : These specify rules that may require explicit
identification of certificate policies or restrict policy mapping for the
certification path.
3. Hierarchical Structure : The PKIX model suggests a hierarchical
arrangement of CAs, which simplifies navigation and management of
certificates. Each CA maintains a directory entry that includes both forward
and reverse certificates, facilitating trust relationships among different CAs.
4. Protocols : The PKIX working group has defined management protocols,
such as the Certificate Management Protocol (CMP) and Certificate
Management Messages over CMS (CMC), to support the various
management functions identified in the model.
the PKIX Architectural Model provides a structured approach to managing
digital certificates and ensuring secure communications in a networked
environment. It emphasizes the importance of roles, management functions,
and the hierarchical organization of CAs to facilitate effective user
authentication and trust establishment. | 
Module-5
Download |  |  | 
Q.0
9 | A | Explain PGP cryptographic functions or PGP functions with a neat diagram
PGP, or Pretty Good Privacy, is a widely used encryption program that
provides several key cryptographic functions to ensure the security of
electronic mail and file storage. Here’s a detailed overview of its main
functions: | 6",pdf
26,"| | 1. authentication : pgp uses digital signatures to verify the identity of the sender. the process begins when the sender creates a message. a hash function, specifically sha-1, generates a 160-bit hash code of the message. this hash is then encrypted with the sender's private key, creating a digital signature that can be attached to the message. the recipient can decrypt this signature using the sender's public key to confirm the message's authenticity. 2. confidentiality : pgp ensures that messages remain private through encryption. when a message is sent, it can be encrypted using symmetric encryption algorithms like cast-128, idea, or 3des. the encryption process involves generating a session key (ks) that is used to encrypt the message. this session key itself is then encrypted with the recipient's public key, ensuring that only the intended recipient can decrypt the session key and, consequently, the message. 3. compression : before encryption, pgp compresses the message using the zip algorithm. this step reduces the size of the data and eliminates redundancy, making cryptanalysis more difficult. the compression occurs before the encryption to enhance security. 4. email compatibility : pgp is designed to work seamlessly with various email systems. it ensures that the encrypted message can be transmitted as a stream of arbitrary 8-bit octets, which is compatible with most email protocols. if only the signature service is used, the message digest is encrypted, while if confidentiality is required, both the message and the signature are encrypted. pgp combines these functions—authentication, confidentiality, compression, and email compatibility—to provide a robust framework for secure electronic |","21cs733 1. authentication : pgp uses digital signatures to verify the identity of the sender. the process begins when the sender creates a message. a hash function, specifically sha-1, generates a 160-bit hash code of the message. this hash is then encrypted with the sender's private key, creating a digital signature that can be attached to the message. the recipient can decrypt this signature using the sender's public key to confirm the message's authenticity. 2. confidentiality : pgp ensures that messages remain private through encryption. when a message is sent, it can be encrypted using symmetric encryption algorithms like cast-128, idea, or 3des. the encryption process involves generating a session key (ks) that is used to encrypt the message. this session key itself is then encrypted with the recipient's public key, ensuring that only the intended recipient can decrypt the session key and, consequently, the message. 3. compression : before encryption, pgp compresses the message using the zip algorithm. this step reduces the size of the data and eliminates redundancy, making cryptanalysis more difficult. the compression occurs before the encryption to enhance security. 4. email compatibility : pgp is designed to work seamlessly with various email systems. it ensures that the encrypted message can be transmitted as a stream of arbitrary 8-bit octets, which is compatible with most email protocols. if only the signature service is used, the message digest is encrypted, while if confidentiality is required, both the message and the signature are encrypted. pgp combines these functions—authentication, confidentiality, compression, and email compatibility—to provide a robust framework for secure electronic join whatsapp channel or group",35,,False,d52afadd-abb3-4dda-97c2-1f06c8044d26,Hp,D:20250102181011+05'30',2026-03-29T14:23:27.885754+00:00,21CS733-SOLUTIONS-SET2.pdf,26,pdf,21CS733-SOLUTIONS-SET2,35,,"21CS733
1. Authentication : PGP uses digital signatures to verify the identity of the
sender. The process begins when the sender creates a message. A hash
function, specifically SHA-1, generates a 160-bit hash code of the message.
This hash is then encrypted with the sender's private key, creating a digital
signature that can be attached to the message. The recipient can decrypt this
signature using the sender's public key to confirm the message's authenticity.
2. Confidentiality : PGP ensures that messages remain private through
encryption. When a message is sent, it can be encrypted using symmetric
encryption algorithms like CAST-128, IDEA, or 3DES. The encryption
process involves generating a session key (Ks) that is used to encrypt the
message. This session key itself is then encrypted with the recipient's public
key, ensuring that only the intended recipient can decrypt the session key and,
consequently, the message.
3. Compression : Before encryption, PGP compresses the message using the
ZIP algorithm. This step reduces the size of the data and eliminates
redundancy, making cryptanalysis more difficult. The compression occurs
before the encryption to enhance security.
4. Email Compatibility : PGP is designed to work seamlessly with various
email systems. It ensures that the encrypted message can be transmitted as a
stream of arbitrary 8-bit octets, which is compatible with most email
protocols. If only the signature service is used, the message digest is
encrypted, while if confidentiality is required, both the message and the
signature are encrypted.
PGP combines these functions—authentication, confidentiality, compression,
and email compatibility—to provide a robust framework for secure electronic
JOIN WHATSAPP CHANNEL
OR GROUP

Tables:
 |  | 1. Authentication : PGP uses digital signatures to verify the identity of the
sender. The process begins when the sender creates a message. A hash
function, specifically SHA-1, generates a 160-bit hash code of the message.
This hash is then encrypted with the sender's private key, creating a digital
signature that can be attached to the message. The recipient can decrypt this
signature using the sender's public key to confirm the message's authenticity.
2. Confidentiality : PGP ensures that messages remain private through
encryption. When a message is sent, it can be encrypted using symmetric
encryption algorithms like CAST-128, IDEA, or 3DES. The encryption
process involves generating a session key (Ks) that is used to encrypt the
message. This session key itself is then encrypted with the recipient's public
key, ensuring that only the intended recipient can decrypt the session key and,
consequently, the message.
3. Compression : Before encryption, PGP compresses the message using the
ZIP algorithm. This step reduces the size of the data and eliminates
redundancy, making cryptanalysis more difficult. The compression occurs
before the encryption to enhance security.
4. Email Compatibility : PGP is designed to work seamlessly with various
email systems. It ensures that the encrypted message can be transmitted as a
stream of arbitrary 8-bit octets, which is compatible with most email
protocols. If only the signature service is used, the message digest is
encrypted, while if confidentiality is required, both the message and the
signature are encrypted.
PGP combines these functions—authentication, confidentiality, compression,
and email compatibility—to provide a robust framework for secure electronic | ",pdf
27,"| | communication. its design allows users to communicate securely over the internet, making it a popular choice for both individuals and organizations seeking to protect their sensitive information. | | b | explain the esp format in a neat diagram. also, explain the transport and tunnel modes of esp the encapsulating security payload (esp) format is designed to provide confidentiality, authentication, and integrity for ip packets. here’s a neat diagram to illustrate the esp format: transport mode in transport mode , esp is used to encrypt and optionally authenticate only the payload of the ip packet. this means that the original ip header remains intact, and only the data being transmitted (like a tcp or udp segment) is protected. the esp header is inserted right before the transport-layer header. this mode is suitable for end-to-end communication between hosts that support esp. | 7","21cs733 communication. its design allows users to communicate securely over the internet, making it a popular choice for both individuals and organizations seeking to protect their sensitive information. b explain the esp format in a neat diagram. also, explain the transport and 7 tunnel modes of esp the encapsulating security payload (esp) format is designed to provide confidentiality, authentication, and integrity for ip packets. here’s a neat diagram to illustrate the esp format: transport mode in transport mode , esp is used to encrypt and optionally authenticate only the payload of the ip packet. this means that the original ip header remains intact, and only the data being transmitted (like a tcp or udp segment) is protected. the esp header is inserted right before the transport-layer header. this mode is suitable for end-to-end communication between hosts that support esp. join whatsapp channel or group",35,,False,808c102a-abc5-4940-9ce8-a6151c273b97,Hp,D:20250102181011+05'30',2026-03-29T14:23:28.010816+00:00,21CS733-SOLUTIONS-SET2.pdf,27,pdf,21CS733-SOLUTIONS-SET2,35,,"21CS733
communication. Its design allows users to communicate securely over the
Internet, making it a popular choice for both individuals and organizations
seeking to protect their sensitive information.
B Explain the ESP format in a neat diagram. Also, explain the transport and 7
tunnel modes of ESP
The Encapsulating Security Payload (ESP) format is designed to provide
confidentiality, authentication, and integrity for IP packets. Here’s a neat
diagram to illustrate the ESP format:
Transport Mode
In Transport Mode , ESP is used to encrypt and optionally authenticate only
the payload of the IP packet. This means that the original IP header remains
intact, and only the data being transmitted (like a TCP or UDP segment) is
protected. The ESP header is inserted right before the transport-layer header.
This mode is suitable for end-to-end communication between hosts that
support ESP.
JOIN WHATSAPP CHANNEL
OR GROUP

Tables:
 |  | communication. Its design allows users to communicate securely over the
Internet, making it a popular choice for both individuals and organizations
seeking to protect their sensitive information. | 
 | B | Explain the ESP format in a neat diagram. Also, explain the transport and
tunnel modes of ESP
The Encapsulating Security Payload (ESP) format is designed to provide
confidentiality, authentication, and integrity for IP packets. Here’s a neat
diagram to illustrate the ESP format:
Transport Mode
In Transport Mode , ESP is used to encrypt and optionally authenticate only
the payload of the IP packet. This means that the original IP header remains
intact, and only the data being transmitted (like a TCP or UDP segment) is
protected. The ESP header is inserted right before the transport-layer header.
This mode is suitable for end-to-end communication between hosts that
support ESP. | 7",pdf
28,"| | key features of transport mode: - protects the payload of the ip packet. - the original ip header is not encrypted, which means it can be analyzed for traffic patterns. - suitable for applications that require confidentiality without needing to encrypt the entire packet. tunnel mode in tunnel mode , the entire original ip packet (including the ip header) is encrypted. the esp header is added before the original ip packet, and a new ip header is created for routing purposes. this mode is particularly useful for creating virtual private networks (vpns), where the communication between an external host and a security gateway (like a firewall) is secured. key features of tunnel mode: |","21cs733 key features of transport mode: - protects the payload of the ip packet. - the original ip header is not encrypted, which means it can be analyzed for traffic patterns. - suitable for applications that require confidentiality without needing to encrypt the entire packet. tunnel mode in tunnel mode , the entire original ip packet (including the ip header) is encrypted. the esp header is added before the original ip packet, and a new ip header is created for routing purposes. this mode is particularly useful for creating virtual private networks (vpns), where the communication between an external host and a security gateway (like a firewall) is secured. key features of tunnel mode: join whatsapp channel or group",35,,False,94f0be9d-71e8-437f-b28a-44bc476a5ca4,Hp,D:20250102181011+05'30',2026-03-29T14:23:28.182391+00:00,21CS733-SOLUTIONS-SET2.pdf,28,pdf,21CS733-SOLUTIONS-SET2,35,,"21CS733
Key Features of Transport Mode:
- Protects the payload of the IP packet.
- The original IP header is not encrypted, which means it can be analyzed for
traffic patterns.
- Suitable for applications that require confidentiality without needing to
encrypt the entire packet.
Tunnel Mode
In Tunnel Mode , the entire original IP packet (including the IP header) is
encrypted. The ESP header is added before the original IP packet, and a new
IP header is created for routing purposes. This mode is particularly useful for
creating Virtual Private Networks (VPNs), where the communication
between an external host and a security gateway (like a firewall) is secured.
Key Features of Tunnel Mode:
JOIN WHATSAPP CHANNEL
OR GROUP

Tables:
 |  | Key Features of Transport Mode:
- Protects the payload of the IP packet.
- The original IP header is not encrypted, which means it can be analyzed for
traffic patterns.
- Suitable for applications that require confidentiality without needing to
encrypt the entire packet.
Tunnel Mode
In Tunnel Mode , the entire original IP packet (including the IP header) is
encrypted. The ESP header is added before the original IP packet, and a new
IP header is created for routing purposes. This mode is particularly useful for
creating Virtual Private Networks (VPNs), where the communication
between an external host and a security gateway (like a firewall) is secured.
Key Features of Tunnel Mode: | ",pdf
29,"| | - encrypts the entire ip packet, providing better security against traffic analysis. - the original ip header is encapsulated and protected, making it impossible for intermediate routers to analyze the original packet. - ideal for scenarios where a secure connection is needed between networks, such as in vpn configurations. - transport mode : protects only the payload; original ip header remains visible. - tunnel mode : encrypts the entire packet; new ip header is added for routing, enhancing security against traffic analysis. both modes serve different purposes and can be selected based on the specific security requirements of the communication. | | c | with a neat diagram, explain ike v2 exchanges. the ikev2 (internet key exchange version 2) protocol is essential for establishing secure communication channels over the internet. it involves a series of message exchanges between two parties (peers) to negotiate security parameters and authenticate each other. here’s a neat diagram to illustrate the ikev2 exchanges: explanation of the exchanges: | 7","21cs733 - encrypts the entire ip packet, providing better security against traffic analysis. - the original ip header is encapsulated and protected, making it impossible for intermediate routers to analyze the original packet. - ideal for scenarios where a secure connection is needed between networks, such as in vpn configurations. - transport mode : protects only the payload; original ip header remains visible. - tunnel mode : encrypts the entire packet; new ip header is added for routing, enhancing security against traffic analysis. both modes serve different purposes and can be selected based on the specific security requirements of the communication. c with a neat diagram, explain ike v2 exchanges. 7 the ikev2 (internet key exchange version 2) protocol is essential for establishing secure communication channels over the internet. it involves a series of message exchanges between two parties (peers) to negotiate security parameters and authenticate each other. here’s a neat diagram to illustrate the ikev2 exchanges: explanation of the exchanges: join whatsapp channel or group",35,,False,cd7e6e0f-7fe0-4823-8306-65885ad3a609,Hp,D:20250102181011+05'30',2026-03-29T14:23:28.345077+00:00,21CS733-SOLUTIONS-SET2.pdf,29,pdf,21CS733-SOLUTIONS-SET2,35,,"21CS733
- Encrypts the entire IP packet, providing better security against traffic
analysis.
- The original IP header is encapsulated and protected, making it impossible
for intermediate routers to analyze the original packet.
- Ideal for scenarios where a secure connection is needed between networks,
such as in VPN configurations.
- Transport Mode : Protects only the payload; original IP header remains
visible.
- Tunnel Mode : Encrypts the entire packet; new IP header is added for
routing, enhancing security against traffic analysis.
Both modes serve different purposes and can be selected based on the
specific security requirements of the communication.
C With a neat diagram, explain IKE v2 exchanges. 7
The IKEv2 (Internet Key Exchange version 2) protocol is essential for
establishing secure communication channels over the internet. It involves a
series of message exchanges between two parties (peers) to negotiate security
parameters and authenticate each other. Here’s a neat diagram to illustrate the
IKEv2 exchanges:
Explanation of the Exchanges:
JOIN WHATSAPP CHANNEL
OR GROUP

Tables:
 |  | - Encrypts the entire IP packet, providing better security against traffic
analysis.
- The original IP header is encapsulated and protected, making it impossible
for intermediate routers to analyze the original packet.
- Ideal for scenarios where a secure connection is needed between networks,
such as in VPN configurations.
- Transport Mode : Protects only the payload; original IP header remains
visible.
- Tunnel Mode : Encrypts the entire packet; new IP header is added for
routing, enhancing security against traffic analysis.
Both modes serve different purposes and can be selected based on the
specific security requirements of the communication. | 
 | C | With a neat diagram, explain IKE v2 exchanges.
The IKEv2 (Internet Key Exchange version 2) protocol is essential for
establishing secure communication channels over the internet. It involves a
series of message exchanges between two parties (peers) to negotiate security
parameters and authenticate each other. Here’s a neat diagram to illustrate the
IKEv2 exchanges:
Explanation of the Exchanges: | 7",pdf
30,"| | 1. ike_sa_init : - the initiator sends a message to the responder containing information about the cryptographic algorithms it supports, along with nonces (random numbers) and diffie-hellman (dh) values. this establishes the initial parameters for the secure channel. 2. ike_sa_init response : - the responder replies with its supported algorithms, nonces, and dh values. this exchange sets up a security association (sa) called the ike sa, which defines the parameters for the secure channel. 3. ike_auth : - the initiator sends an authentication message to the responder, which includes the necessary credentials (like digital signatures or public keys) to authenticate itself and establish the first ipsec sa. 4. ike_auth response : - the responder sends back a confirmation of the authentication, completing the establishment of the secure communication channel. key features of ikev2: - security associations (sas) : the exchanges lead to the creation of sas that define how the data will be encrypted and authenticated. - replay protection : nonces are used to prevent replay attacks, ensuring that each exchange is unique. - authentication methods : various methods can be used for authentication, including digital signatures, public-key encryption, and symmetric-key encryption. this structured approach ensures that both parties can securely communicate and establish a trusted connection, which is crucial for maintaining confidentiality and integrity in email communications and other sensitive data exchanges. | or | | | q.1 0 | a | with a neat diagram explain t h e transmission and reception of pgp messages | 6","21cs733 1. ike_sa_init : - the initiator sends a message to the responder containing information about the cryptographic algorithms it supports, along with nonces (random numbers) and diffie-hellman (dh) values. this establishes the initial parameters for the secure channel. 2. ike_sa_init response : - the responder replies with its supported algorithms, nonces, and dh values. this exchange sets up a security association (sa) called the ike sa, which defines the parameters for the secure channel. 3. ike_auth : - the initiator sends an authentication message to the responder, which includes the necessary credentials (like digital signatures or public keys) to authenticate itself and establish the first ipsec sa. 4. ike_auth response : - the responder sends back a confirmation of the authentication, completing the establishment of the secure communication channel. key features of ikev2: - security associations (sas) : the exchanges lead to the creation of sas that define how the data will be encrypted and authenticated. - replay protection : nonces are used to prevent replay attacks, ensuring that each exchange is unique. - authentication methods : various methods can be used for authentication, including digital signatures, public-key encryption, and symmetric-key encryption. this structured approach ensures that both parties can securely communicate and establish a trusted connection, which is crucial for maintaining confidentiality and integrity in email communications and other sensitive data exchanges. or q.1 a with a neat diagram explain t h e transmission and reception of pgp 6 0 messages join whatsapp channel or group",35,,False,2aad9615-d122-422e-b881-b4176862714b,Hp,D:20250102181011+05'30',2026-03-29T14:23:28.582856+00:00,21CS733-SOLUTIONS-SET2.pdf,30,pdf,21CS733-SOLUTIONS-SET2,35,,"21CS733
1. IKE_SA_INIT :
- The initiator sends a message to the responder containing information
about the cryptographic algorithms it supports, along with nonces (random
numbers) and Diffie-Hellman (DH) values. This establishes the initial
parameters for the secure channel.
2. IKE_SA_INIT Response :
- The responder replies with its supported algorithms, nonces, and DH
values. This exchange sets up a Security Association (SA) called the IKE SA,
which defines the parameters for the secure channel.
3. IKE_AUTH :
- The initiator sends an authentication message to the responder, which
includes the necessary credentials (like digital signatures or public keys) to
authenticate itself and establish the first IPsec SA.
4. IKE_AUTH Response :
- The responder sends back a confirmation of the authentication, completing
the establishment of the secure communication channel.
Key Features of IKEv2:
- Security Associations (SAs) : The exchanges lead to the creation of SAs that
define how the data will be encrypted and authenticated.
- Replay Protection : Nonces are used to prevent replay attacks, ensuring that
each exchange is unique.
- Authentication Methods : Various methods can be used for authentication,
including digital signatures, public-key encryption, and symmetric-key
encryption.
This structured approach ensures that both parties can securely communicate
and establish a trusted connection, which is crucial for maintaining
confidentiality and integrity in email communications and other sensitive data
exchanges.
OR
Q.1 A With a neat diagram explain t h e transmission and reception of PGP 6
0 Messages
JOIN WHATSAPP CHANNEL
OR GROUP

Tables:
 |  | 1. IKE_SA_INIT :
- The initiator sends a message to the responder containing information
about the cryptographic algorithms it supports, along with nonces (random
numbers) and Diffie-Hellman (DH) values. This establishes the initial
parameters for the secure channel.
2. IKE_SA_INIT Response :
- The responder replies with its supported algorithms, nonces, and DH
values. This exchange sets up a Security Association (SA) called the IKE SA,
which defines the parameters for the secure channel.
3. IKE_AUTH :
- The initiator sends an authentication message to the responder, which
includes the necessary credentials (like digital signatures or public keys) to
authenticate itself and establish the first IPsec SA.
4. IKE_AUTH Response :
- The responder sends back a confirmation of the authentication, completing
the establishment of the secure communication channel.
Key Features of IKEv2:
- Security Associations (SAs) : The exchanges lead to the creation of SAs that
define how the data will be encrypted and authenticated.
- Replay Protection : Nonces are used to prevent replay attacks, ensuring that
each exchange is unique.
- Authentication Methods : Various methods can be used for authentication,
including digital signatures, public-key encryption, and symmetric-key
encryption.
This structured approach ensures that both parties can securely communicate
and establish a trusted connection, which is crucial for maintaining
confidentiality and integrity in email communications and other sensitive data
exchanges. | 
OR |  |  | 
Q.1
0 | A | With a neat diagram explain t h e transmission and reception of PGP
Messages | 6",pdf
31,"| | the transmission and reception of pgp (pretty good privacy) messages involve a series of steps designed to ensure both the confidentiality and authenticity of the communication. here’s a detailed explanation of the process: transmission of pgp messages 1. create message : the sender (let's call them a) starts by composing a plaintext message that they want to send securely. 2. generate hash code : a hash code of the message is created using the sha-1 algorithm. this hash code serves as a unique fingerprint of the message. 3. encrypt hash : the hash code is then encrypted using the sender's private key with rsa encryption. this step creates a digital signature, which allows the recipient to verify the authenticity of the message. 4. prepend encrypted hash : the encrypted hash (the digital signature) is added to the beginning of the original message. this ensures that the recipient can check the signature upon receipt. 5. compress the message : the combined message (original message + digital signature) is compressed to reduce its size, making it more efficient for transmission. 6. encrypt session key : a session key is generated for symmetric encryption of the message. this session key is then encrypted using the recipient's public key (also with rsa). this ensures that only the intended recipient can decrypt |","21cs733 the transmission and reception of pgp (pretty good privacy) messages involve a series of steps designed to ensure both the confidentiality and authenticity of the communication. here’s a detailed explanation of the process: transmission of pgp messages 1. create message : the sender (let's call them a) starts by composing a plaintext message that they want to send securely. 2. generate hash code : a hash code of the message is created using the sha-1 algorithm. this hash code serves as a unique fingerprint of the message. 3. encrypt hash : the hash code is then encrypted using the sender's private key with rsa encryption. this step creates a digital signature, which allows the recipient to verify the authenticity of the message. 4. prepend encrypted hash : the encrypted hash (the digital signature) is added to the beginning of the original message. this ensures that the recipient can check the signature upon receipt. 5. compress the message : the combined message (original message + digital signature) is compressed to reduce its size, making it more efficient for transmission. 6. encrypt session key : a session key is generated for symmetric encryption of the message. this session key is then encrypted using the recipient's public key (also with rsa). this ensures that only the intended recipient can decrypt join whatsapp channel or group",35,,False,17097ccf-33a8-450e-869f-1d976ff839d3,Hp,D:20250102181011+05'30',2026-03-29T14:23:28.749611+00:00,21CS733-SOLUTIONS-SET2.pdf,31,pdf,21CS733-SOLUTIONS-SET2,35,,"21CS733
The transmission and reception of PGP (Pretty Good Privacy) messages
involve a series of steps designed to ensure both the confidentiality and
authenticity of the communication. Here’s a detailed explanation of the
process:
Transmission of PGP Messages
1. Create Message : The sender (let's call them A) starts by composing a
plaintext message that they want to send securely.
2. Generate Hash Code : A hash code of the message is created using the
SHA-1 algorithm. This hash code serves as a unique fingerprint of the
message.
3. Encrypt Hash : The hash code is then encrypted using the sender's private
key with RSA encryption. This step creates a digital signature, which allows
the recipient to verify the authenticity of the message.
4. Prepend Encrypted Hash : The encrypted hash (the digital signature) is
added to the beginning of the original message. This ensures that the recipient
can check the signature upon receipt.
5. Compress the Message : The combined message (original message +
digital signature) is compressed to reduce its size, making it more efficient for
transmission.
6. Encrypt Session Key : A session key is generated for symmetric encryption
of the message. This session key is then encrypted using the recipient's public
key (also with RSA). This ensures that only the intended recipient can decrypt
JOIN WHATSAPP CHANNEL
OR GROUP

Tables:
 |  | The transmission and reception of PGP (Pretty Good Privacy) messages
involve a series of steps designed to ensure both the confidentiality and
authenticity of the communication. Here’s a detailed explanation of the
process:
Transmission of PGP Messages
1. Create Message : The sender (let's call them A) starts by composing a
plaintext message that they want to send securely.
2. Generate Hash Code : A hash code of the message is created using the
SHA-1 algorithm. This hash code serves as a unique fingerprint of the
message.
3. Encrypt Hash : The hash code is then encrypted using the sender's private
key with RSA encryption. This step creates a digital signature, which allows
the recipient to verify the authenticity of the message.
4. Prepend Encrypted Hash : The encrypted hash (the digital signature) is
added to the beginning of the original message. This ensures that the recipient
can check the signature upon receipt.
5. Compress the Message : The combined message (original message +
digital signature) is compressed to reduce its size, making it more efficient for
transmission.
6. Encrypt Session Key : A session key is generated for symmetric encryption
of the message. This session key is then encrypted using the recipient's public
key (also with RSA). This ensures that only the intended recipient can decrypt | ",pdf
32,"| | the session key. 7. send encrypted message : the encrypted message and the encrypted session key are sent to the receiver (let's call them b). reception of pgp messages upon receiving the message, the receiver (b) follows these steps: 1. receive message : b receives the encrypted message along with the encrypted session key. 2. decrypt session key : b uses their private key to decrypt the session key. this step allows b to access the key needed to decrypt the message. 3. decrypt message : the session key is then used to decrypt the actual message content. this reveals the original plaintext message. 4. decompress : finally, if the message was compressed, b decompresses it to retrieve the original plaintext message. this entire process ensures that the message remains confidential (only b can read it) and authentic (b can verify that it was indeed sent by a). pgp combines both symmetric and asymmetric encryption techniques to provide a robust security framework for email communications. | | b | short note on 1) mime transfer encodings 2) native and canonical form 3) s/mime functionality 4) s/mime messages. 1) mime transfer encodings : mime (multipurpose internet mail extensions) defines several transfer encodings to ensure reliable delivery of email content across various environments. the main types include: - 7bit : only ascii characters are used, with short lines. - 8bit : similar to 7bit but allows non-ascii characters. - binary : allows any data type without restrictions on line length. - quoted-printable : primarily for ascii text, it keeps the encoded data human-readable. - base64 : encodes binary data into ascii characters by mapping 6-bit blocks to 8-bit blocks. - x-token : a nonstandard encoding. 2) native and canonical form : in the context of mime and s/mime, the canonical form refers to a standardized format appropriate for the content | 7","21cs733 the session key. 7. send encrypted message : the encrypted message and the encrypted session key are sent to the receiver (let's call them b). reception of pgp messages upon receiving the message, the receiver (b) follows these steps: 1. receive message : b receives the encrypted message along with the encrypted session key. 2. decrypt session key : b uses their private key to decrypt the session key. this step allows b to access the key needed to decrypt the message. 3. decrypt message : the session key is then used to decrypt the actual message content. this reveals the original plaintext message. 4. decompress : finally, if the message was compressed, b decompresses it to retrieve the original plaintext message. this entire process ensures that the message remains confidential (only b can read it) and authentic (b can verify that it was indeed sent by a). pgp combines both symmetric and asymmetric encryption techniques to provide a robust security framework for email communications. b short note on 7 1) mime transfer encodings 2) native and canonical form 3) s/mime functionality 4) s/mime messages. 1) mime transfer encodings : mime (multipurpose internet mail extensions) defines several transfer encodings to ensure reliable delivery of email content across various environments. the main types include: - 7bit : only ascii characters are used, with short lines. - 8bit : similar to 7bit but allows non-ascii characters. - binary : allows any data type without restrictions on line length. - quoted-printable : primarily for ascii text, it keeps the encoded data human-readable. - base64 : encodes binary data into ascii characters by mapping 6-bit blocks to 8-bit blocks. - x-token : a nonstandard encoding. 2) native and canonical form : in the context of mime and s/mime, the canonical form refers to a standardized format appropriate for the content join whatsapp channel or group",35,,False,6e2d829c-6ece-4608-9202-282434d3fb06,Hp,D:20250102181011+05'30',2026-03-29T14:23:29.050751+00:00,21CS733-SOLUTIONS-SET2.pdf,32,pdf,21CS733-SOLUTIONS-SET2,35,,"21CS733
the session key.
7. Send Encrypted Message : The encrypted message and the encrypted
session key are sent to the receiver (let's call them B).
Reception of PGP Messages
Upon receiving the message, the receiver (B) follows these steps:
1. Receive Message : B receives the encrypted message along with the
encrypted session key.
2. Decrypt Session Key : B uses their private key to decrypt the session key.
This step allows B to access the key needed to decrypt the message.
3. Decrypt Message : The session key is then used to decrypt the actual
message content. This reveals the original plaintext message.
4. Decompress : Finally, if the message was compressed, B decompresses it
to retrieve the original plaintext message.
This entire process ensures that the message remains confidential (only B can
read it) and authentic (B can verify that it was indeed sent by A). PGP
combines both symmetric and asymmetric encryption techniques to provide a
robust security framework for email communications.
B Short note on 7
1) MIME transfer encodings 2) native and canonical form
3) S/MIME functionality 4) S/MIME messages.
1) MIME Transfer Encodings : MIME (Multipurpose Internet Mail
Extensions) defines several transfer encodings to ensure reliable delivery of
email content across various environments. The main types include:
- 7bit : Only ASCII characters are used, with short lines.
- 8bit : Similar to 7bit but allows non-ASCII characters.
- binary : Allows any data type without restrictions on line length.
- quoted-printable : Primarily for ASCII text, it keeps the encoded data
human-readable.
- base64 : Encodes binary data into ASCII characters by mapping 6-bit
blocks to 8-bit blocks.
- x-token : A nonstandard encoding.
2) Native and Canonical Form : In the context of MIME and S/MIME, the
canonical form refers to a standardized format appropriate for the content
JOIN WHATSAPP CHANNEL
OR GROUP

Tables:
 |  | the session key.
7. Send Encrypted Message : The encrypted message and the encrypted
session key are sent to the receiver (let's call them B).
Reception of PGP Messages
Upon receiving the message, the receiver (B) follows these steps:
1. Receive Message : B receives the encrypted message along with the
encrypted session key.
2. Decrypt Session Key : B uses their private key to decrypt the session key.
This step allows B to access the key needed to decrypt the message.
3. Decrypt Message : The session key is then used to decrypt the actual
message content. This reveals the original plaintext message.
4. Decompress : Finally, if the message was compressed, B decompresses it
to retrieve the original plaintext message.
This entire process ensures that the message remains confidential (only B can
read it) and authentic (B can verify that it was indeed sent by A). PGP
combines both symmetric and asymmetric encryption techniques to provide a
robust security framework for email communications. | 
 | B | Short note on
1) MIME transfer encodings 2) native and canonical form
3) S/MIME functionality 4) S/MIME messages.
1) MIME Transfer Encodings : MIME (Multipurpose Internet Mail
Extensions) defines several transfer encodings to ensure reliable delivery of
email content across various environments. The main types include:
- 7bit : Only ASCII characters are used, with short lines.
- 8bit : Similar to 7bit but allows non-ASCII characters.
- binary : Allows any data type without restrictions on line length.
- quoted-printable : Primarily for ASCII text, it keeps the encoded data
human-readable.
- base64 : Encodes binary data into ASCII characters by mapping 6-bit
blocks to 8-bit blocks.
- x-token : A nonstandard encoding.
2) Native and Canonical Form : In the context of MIME and S/MIME, the
canonical form refers to a standardized format appropriate for the content | 7",pdf
33,"| | type, ensuring compatibility between different systems. in contrast, native form is specific to a particular system and may not be universally recognized. 3) s/mime functionality : s/mime (secure/multipurpose internet mail extensions) provides essential security features for email, including: - enveloped data : this includes encrypted content and encryption keys for recipients. - signed data : it allows for digital signatures, ensuring the authenticity and integrity of the message. s/mime is similar to pgp (pretty good privacy) in its capabilities, focusing on secure email communication. 4) s/mime messages : s/mime utilizes new mime content types, designated as pkcs (public-key cryptography standards), to enhance email security. the preparation of s/mime messages involves specific procedures to ensure that the messages are properly formatted and secured, allowing for the transmission of multimedia content while maintaining confidentiality and integrity. | | c | explain the ipsec architecture the ipsec (internet protocol security) architecture is designed to provide security at the ip level, ensuring the confidentiality, integrity, and authenticity of data transmitted over networks. it encompasses several key components and functionalities that work together to secure communications across various types of networks, including local area networks (lans), private and public wide area networks (wans), and the internet. 1. core functional areas : ipsec primarily focuses on three functional areas: - authentication : ensures that the data comes from a legitimate source and has not been altered during transmission. | 7","21cs733 type, ensuring compatibility between different systems. in contrast, native form is specific to a particular system and may not be universally recognized. 3) s/mime functionality : s/mime (secure/multipurpose internet mail extensions) provides essential security features for email, including: - enveloped data : this includes encrypted content and encryption keys for recipients. - signed data : it allows for digital signatures, ensuring the authenticity and integrity of the message. s/mime is similar to pgp (pretty good privacy) in its capabilities, focusing on secure email communication. 4) s/mime messages : s/mime utilizes new mime content types, designated as pkcs (public-key cryptography standards), to enhance email security. the preparation of s/mime messages involves specific procedures to ensure that the messages are properly formatted and secured, allowing for the transmission of multimedia content while maintaining confidentiality and integrity. c explain the ipsec architecture 7 the ipsec (internet protocol security) architecture is designed to provide security at the ip level, ensuring the confidentiality, integrity, and authenticity of data transmitted over networks. it encompasses several key components and functionalities that work together to secure communications across various types of networks, including local area networks (lans), private and public wide area networks (wans), and the internet. 1. core functional areas : ipsec primarily focuses on three functional areas: - authentication : ensures that the data comes from a legitimate source and has not been altered during transmission. join whatsapp channel or group",35,,False,e5802f04-f745-403d-9ef5-a09083a6d7a9,Hp,D:20250102181011+05'30',2026-03-29T14:23:29.271803+00:00,21CS733-SOLUTIONS-SET2.pdf,33,pdf,21CS733-SOLUTIONS-SET2,35,,"21CS733
type, ensuring compatibility between different systems. In contrast, native
form is specific to a particular system and may not be universally
recognized.
3) S/MIME Functionality : S/MIME (Secure/Multipurpose Internet Mail
Extensions) provides essential security features for email, including:
- Enveloped data : This includes encrypted content and encryption keys for
recipients.
- Signed data : It allows for digital signatures, ensuring the authenticity
and integrity of the message.
S/MIME is similar to PGP (Pretty Good Privacy) in its capabilities,
focusing on secure email communication.
4) S/MIME Messages : S/MIME utilizes new MIME content types,
designated as PKCS (Public-Key Cryptography Standards), to enhance email
security. The preparation of S/MIME messages involves specific procedures
to ensure that the messages are properly formatted and secured, allowing for
the transmission of multimedia content while maintaining confidentiality and
integrity.
C Explain the Ipsec Architecture 7
The IPsec (Internet Protocol Security) architecture is designed to provide
security at the IP level, ensuring the confidentiality, integrity, and authenticity
of data transmitted over networks. It encompasses several key components
and functionalities that work together to secure communications across
various types of networks, including local area networks (LANs), private and
public wide area networks (WANs), and the Internet.
1. Core Functional Areas : IPsec primarily focuses on three functional areas:
- Authentication : Ensures that the data comes from a legitimate source and
has not been altered during transmission.
JOIN WHATSAPP CHANNEL
OR GROUP

Tables:
 |  | type, ensuring compatibility between different systems. In contrast, native
form is specific to a particular system and may not be universally
recognized.
3) S/MIME Functionality : S/MIME (Secure/Multipurpose Internet Mail
Extensions) provides essential security features for email, including:
- Enveloped data : This includes encrypted content and encryption keys for
recipients.
- Signed data : It allows for digital signatures, ensuring the authenticity
and integrity of the message.
S/MIME is similar to PGP (Pretty Good Privacy) in its capabilities,
focusing on secure email communication.
4) S/MIME Messages : S/MIME utilizes new MIME content types,
designated as PKCS (Public-Key Cryptography Standards), to enhance email
security. The preparation of S/MIME messages involves specific procedures
to ensure that the messages are properly formatted and secured, allowing for
the transmission of multimedia content while maintaining confidentiality and
integrity. | 
 | C | Explain the Ipsec Architecture
The IPsec (Internet Protocol Security) architecture is designed to provide
security at the IP level, ensuring the confidentiality, integrity, and authenticity
of data transmitted over networks. It encompasses several key components
and functionalities that work together to secure communications across
various types of networks, including local area networks (LANs), private and
public wide area networks (WANs), and the Internet.
1. Core Functional Areas : IPsec primarily focuses on three functional areas:
- Authentication : Ensures that the data comes from a legitimate source and
has not been altered during transmission. | 7",pdf
34,"| | - confidentiality : protects the data from being read by unauthorized parties through encryption. - key management : involves the generation, distribution, and management of cryptographic keys used for securing communications. 2. architecture specifications : the ipsec architecture is defined in several rfcs (request for comments), with rfc 4301 being the primary document outlining the security architecture for the internet protocol. this architecture supports both ipv4 and ipv6, allowing for a seamless transition and compatibility with existing systems. 3. security associations (sas) : a fundamental concept in ipsec is the security association, which is a relationship established between two or more entities that describes how they will use security services to communicate securely. each sa is characterized by a set of parameters, including the encryption and authentication algorithms used, keys, and the lifetime of the association. 4. protocols : ipsec utilizes two main protocols: - authentication header (ah) : provides message authentication and integrity but does not offer encryption. it is now considered deprecated for new applications due to the capabilities of the encapsulating security payload (esp). - encapsulating security payload (esp) : offers both encryption and authentication, making it the preferred choice for securing ip traffic. 5. modes of operation : ipsec can operate in two modes: - transport mode : encrypts only the payload of the ip packet, allowing the original ip header to remain intact. this mode is typically used for end-to-end communication between two hosts. - tunnel mode : encrypts the entire ip packet, including the header, and encapsulates it within a new ip packet. this mode is commonly used for creating virtual private networks (vpns), allowing secure communication between networks over the internet. 6. key management protocols : ipsec supports both manual and automated key management. the automated key management protocol, isakmp/oakley, facilitates the on-demand creation of keys for sas, which is essential for dynamic and large-scale environments. 7. applications : ipsec is widely used for various applications, including secure branch office connectivity, secure remote access for telecommuters, and protecting sensitive data transmitted over the internet. the ipsec architecture is a comprehensive framework that provides robust |","21cs733 - confidentiality : protects the data from being read by unauthorized parties through encryption. - key management : involves the generation, distribution, and management of cryptographic keys used for securing communications. 2. architecture specifications : the ipsec architecture is defined in several rfcs (request for comments), with rfc 4301 being the primary document outlining the security architecture for the internet protocol. this architecture supports both ipv4 and ipv6, allowing for a seamless transition and compatibility with existing systems. 3. security associations (sas) : a fundamental concept in ipsec is the security association, which is a relationship established between two or more entities that describes how they will use security services to communicate securely. each sa is characterized by a set of parameters, including the encryption and authentication algorithms used, keys, and the lifetime of the association. 4. protocols : ipsec utilizes two main protocols: - authentication header (ah) : provides message authentication and integrity but does not offer encryption. it is now considered deprecated for new applications due to the capabilities of the encapsulating security payload (esp). - encapsulating security payload (esp) : offers both encryption and authentication, making it the preferred choice for securing ip traffic. 5. modes of operation : ipsec can operate in two modes: - transport mode : encrypts only the payload of the ip packet, allowing the original ip header to remain intact. this mode is typically used for end-to-end communication between two hosts. - tunnel mode : encrypts the entire ip packet, including the header, and encapsulates it within a new ip packet. this mode is commonly used for creating virtual private networks (vpns), allowing secure communication between networks over the internet. 6. key management protocols : ipsec supports both manual and automated key management. the automated key management protocol, isakmp/oakley, facilitates the on-demand creation of keys for sas, which is essential for dynamic and large-scale environments. 7. applications : ipsec is widely used for various applications, including secure branch office connectivity, secure remote access for telecommuters, and protecting sensitive data transmitted over the internet. the ipsec architecture is a comprehensive framework that provides robust join whatsapp channel or group",35,,False,7eefefa6-7ab6-454e-b1fc-4f50f543a866,Hp,D:20250102181011+05'30',2026-03-29T14:23:29.542765+00:00,21CS733-SOLUTIONS-SET2.pdf,34,pdf,21CS733-SOLUTIONS-SET2,35,,"21CS733
- Confidentiality : Protects the data from being read by unauthorized parties
through encryption.
- Key Management : Involves the generation, distribution, and management
of cryptographic keys used for securing communications.
2. Architecture Specifications : The IPsec architecture is defined in several
RFCs (Request for Comments), with RFC 4301 being the primary document
outlining the security architecture for the Internet Protocol. This architecture
supports both IPv4 and IPv6, allowing for a seamless transition and
compatibility with existing systems.
3. Security Associations (SAs) : A fundamental concept in IPsec is the
Security Association, which is a relationship established between two or more
entities that describes how they will use security services to communicate
securely. Each SA is characterized by a set of parameters, including the
encryption and authentication algorithms used, keys, and the lifetime of the
association.
4. Protocols : IPsec utilizes two main protocols:
- Authentication Header (AH) : Provides message authentication and
integrity but does not offer encryption. It is now considered deprecated for
new applications due to the capabilities of the Encapsulating Security Payload
(ESP).
- Encapsulating Security Payload (ESP) : Offers both encryption and
authentication, making it the preferred choice for securing IP traffic.
5. Modes of Operation : IPsec can operate in two modes:
- Transport Mode : Encrypts only the payload of the IP packet, allowing the
original IP header to remain intact. This mode is typically used for end-to-end
communication between two hosts.
- Tunnel Mode : Encrypts the entire IP packet, including the header, and
encapsulates it within a new IP packet. This mode is commonly used for
creating Virtual Private Networks (VPNs), allowing secure communication
between networks over the Internet.
6. Key Management Protocols : IPsec supports both manual and automated
key management. The automated key management protocol,
ISAKMP/Oakley, facilitates the on-demand creation of keys for SAs, which is
essential for dynamic and large-scale environments.
7. Applications : IPsec is widely used for various applications, including
secure branch office connectivity, secure remote access for telecommuters,
and protecting sensitive data transmitted over the Internet.
the IPsec architecture is a comprehensive framework that provides robust
JOIN WHATSAPP CHANNEL
OR GROUP

Tables:
 |  | - Confidentiality : Protects the data from being read by unauthorized parties
through encryption.
- Key Management : Involves the generation, distribution, and management
of cryptographic keys used for securing communications.
2. Architecture Specifications : The IPsec architecture is defined in several
RFCs (Request for Comments), with RFC 4301 being the primary document
outlining the security architecture for the Internet Protocol. This architecture
supports both IPv4 and IPv6, allowing for a seamless transition and
compatibility with existing systems.
3. Security Associations (SAs) : A fundamental concept in IPsec is the
Security Association, which is a relationship established between two or more
entities that describes how they will use security services to communicate
securely. Each SA is characterized by a set of parameters, including the
encryption and authentication algorithms used, keys, and the lifetime of the
association.
4. Protocols : IPsec utilizes two main protocols:
- Authentication Header (AH) : Provides message authentication and
integrity but does not offer encryption. It is now considered deprecated for
new applications due to the capabilities of the Encapsulating Security Payload
(ESP).
- Encapsulating Security Payload (ESP) : Offers both encryption and
authentication, making it the preferred choice for securing IP traffic.
5. Modes of Operation : IPsec can operate in two modes:
- Transport Mode : Encrypts only the payload of the IP packet, allowing the
original IP header to remain intact. This mode is typically used for end-to-end
communication between two hosts.
- Tunnel Mode : Encrypts the entire IP packet, including the header, and
encapsulates it within a new IP packet. This mode is commonly used for
creating Virtual Private Networks (VPNs), allowing secure communication
between networks over the Internet.
6. Key Management Protocols : IPsec supports both manual and automated
key management. The automated key management protocol,
ISAKMP/Oakley, facilitates the on-demand creation of keys for SAs, which is
essential for dynamic and large-scale environments.
7. Applications : IPsec is widely used for various applications, including
secure branch office connectivity, secure remote access for telecommuters,
and protecting sensitive data transmitted over the Internet.
the IPsec architecture is a comprehensive framework that provides robust | ",pdf
35,"| | security mechanisms for ip communications, ensuring that data remains confidential, authentic, and integral as it traverses potentially insecure networks. |","21cs733 security mechanisms for ip communications, ensuring that data remains confidential, authentic, and integral as it traverses potentially insecure networks. join whatsapp channel or group",35,,False,576734bd-1b27-44f3-97df-e1de67eef05b,Hp,D:20250102181011+05'30',2026-03-29T14:23:29.597934+00:00,21CS733-SOLUTIONS-SET2.pdf,35,pdf,21CS733-SOLUTIONS-SET2,35,,"21CS733
security mechanisms for IP communications, ensuring that data remains
confidential, authentic, and integral as it traverses potentially insecure
networks.
JOIN WHATSAPP CHANNEL
OR GROUP

Tables:
 |  | security mechanisms for IP communications, ensuring that data remains
confidential, authentic, and integral as it traverses potentially insecure
networks. | ",pdf
